solid OpenSCAD_Model
  facet normal -0.6593458151000677 -0.7518398074789784 0
    outer loop
      vertex -34.53553390593274 -27.535533905932738 0
      vertex -34.0438071450436 -27.966766701456176 0
      vertex -34.53553390593274 -27.535533905932738 10.5
    endloop
  endfacet
  facet normal -0.751839807478981 -0.6593458151000647 1.2454125061413055e-19
    outer loop
      vertex -34.53553390593274 -27.535533905932738 0
      vertex -34.96676670145617 -27.0438071450436 10.5
      vertex -34.96676670145617 -27.0438071450436 0
    endloop
  endfacet
  facet normal -0.5555702330196005 -0.8314696123025463 0
    outer loop
      vertex -34.0438071450436 -27.966766701456176 0
      vertex -33.5 -28.33012701892219 0
      vertex -34.0438071450436 -27.966766701456176 10.5
    endloop
  endfacet
  facet normal -0.8314696123025439 -0.5555702330196043 -4.751746359037708e-19
    outer loop
      vertex -34.96676670145617 -27.0438071450436 0
      vertex -35.33012701892219 -26.5 10.5
      vertex -35.33012701892219 -26.5 0
    endloop
  endfacet
  facet normal -0.8968727415326844 -0.4422886902190092 7.816077921580633e-19
    outer loop
      vertex -35.33012701892219 -26.5 0
      vertex -35.61939766255644 -25.91341716182545 10.5
      vertex -35.61939766255644 -25.91341716182545 0
    endloop
  endfacet
  facet normal -0.9469301294951065 -0.32143946530315926 1.5558518294820851e-18
    outer loop
      vertex -35.61939766255644 -25.91341716182545 0
      vertex -35.829629131445344 -25.294095225512603 10.5
      vertex -35.829629131445344 -25.294095225512603 0
    endloop
  endfacet
  facet normal -0.44228869021900485 -0.8968727415326866 0
    outer loop
      vertex -33.5 -28.33012701892219 0
      vertex -32.91341716182545 -28.619397662556434 0
      vertex -33.5 -28.33012701892219 10.5
    endloop
  endfacet
  facet normal -0.3214394653031609 -0.9469301294951059 0
    outer loop
      vertex -32.91341716182545 -28.619397662556434 0
      vertex -32.294095225512606 -28.82962913144534 0
      vertex -32.91341716182545 -28.619397662556434 10.5
    endloop
  endfacet
  facet normal -0.1950903220161273 -0.9807852804032307 0
    outer loop
      vertex -32.294095225512606 -28.82962913144534 0
      vertex -31.652630961100257 -28.95722430686905 0
      vertex -32.294095225512606 -28.82962913144534 10.5
    endloop
  endfacet
  facet normal -0.9807852804032314 -0.1950903220161231 -9.211552451268661e-19
    outer loop
      vertex -35.829629131445344 -25.294095225512603 0
      vertex -35.95722430686905 -24.652630961100257 10.5
      vertex -35.95722430686905 -24.652630961100257 0
    endloop
  endfacet
  facet normal -0.9978589232386034 -0.06540312923014452 -1.1321110512417142e-19
    outer loop
      vertex -35.95722430686905 -24.652630961100257 0
      vertex -36 -24 10.5
      vertex -36 -24 0
    endloop
  endfacet
  facet normal -0.06540312923014452 -0.9978589232386034 0
    outer loop
      vertex -31.652630961100257 -28.95722430686905 0
      vertex -31 -29 0
      vertex -31.652630961100257 -28.95722430686905 10.5
    endloop
  endfacet
  facet normal -1 0 0
    outer loop
      vertex -36 -24 0
      vertex -36 -24 10.5
      vertex -36 -12 4
    endloop
  endfacet
  facet normal 0 0 -1
    outer loop
      vertex -34.53553390593274 -27.535533905932738 0
      vertex -34.96676670145617 -27.0438071450436 0
      vertex -34.96676670145617 27.0438071450436 0
    endloop
  endfacet
  facet normal 0 0 -1
    outer loop
      vertex -34.53553390593274 -27.535533905932738 0
      vertex -34.53553390593274 27.535533905932738 0
      vertex -34.0438071450436 -27.966766701456176 0
    endloop
  endfacet
  facet normal 0 0 -1
    outer loop
      vertex -34.0438071450436 -27.966766701456176 0
      vertex -34.0438071450436 27.966766701456176 0
      vertex -33.5 -28.33012701892219 0
    endloop
  endfacet
  facet normal 0 0 -1
    outer loop
      vertex -35.61939766255644 -25.91341716182545 0
      vertex -35.829629131445344 -25.294095225512603 0
      vertex -35.829629131445344 25.294095225512603 0
    endloop
  endfacet
  facet normal 0 0 -1
    outer loop
      vertex -35.33012701892219 -26.5 0
      vertex -35.61939766255644 -25.91341716182545 0
      vertex -35.61939766255644 25.91341716182545 0
    endloop
  endfacet
  facet normal 0 0 -1
    outer loop
      vertex -35.829629131445344 -25.294095225512603 0
      vertex -35.95722430686905 -24.652630961100257 0
      vertex -35.95722430686905 24.652630961100257 0
    endloop
  endfacet
  facet normal 0 0 -1
    outer loop
      vertex -35.95722430686905 -24.652630961100257 0
      vertex -36 -24 0
      vertex -36 24 0
    endloop
  endfacet
  facet normal 0 0 -1
    outer loop
      vertex -34.96676670145617 -27.0438071450436 0
      vertex -35.33012701892219 -26.5 0
      vertex -35.33012701892219 26.5 0
    endloop
  endfacet
  facet normal 0 0 -1
    outer loop
      vertex -33.5 -28.33012701892219 0
      vertex -33.5 28.33012701892219 0
      vertex -32.91341716182545 -28.619397662556434 0
    endloop
  endfacet
  facet normal 0 0 -1
    outer loop
      vertex -32.91341716182545 -28.619397662556434 0
      vertex -32.91341716182545 28.619397662556434 0
      vertex -32.294095225512606 -28.82962913144534 0
    endloop
  endfacet
  facet normal 0 0 -1
    outer loop
      vertex -32.294095225512606 -28.82962913144534 0
      vertex -32.294095225512606 28.82962913144534 0
      vertex -31.652630961100257 -28.95722430686905 0
    endloop
  endfacet
  facet normal 0 0 -1
    outer loop
      vertex -31.652630961100257 -28.95722430686905 0
      vertex -31.652630961100257 28.95722430686905 0
      vertex -31 -29 0
    endloop
  endfacet
  facet normal -1 0 0
    outer loop
      vertex -36 -24 0
      vertex -36 -12 4
      vertex -36 6 4
    endloop
  endfacet
  facet normal 0 0 -1
    outer loop
      vertex -31 -29 0
      vertex -5.304420953776042 5.006844110900952 0
      vertex 31 -29 0
    endloop
  endfacet
  facet normal 0 -1 0
    outer loop
      vertex -31 -29 0
      vertex 31 -29 0
      vertex -31 -29 10.5
    endloop
  endfacet
  facet normal 0 0 -1
    outer loop
      vertex -31 -29 0
      vertex -10.834682672232988 5.312990856793023 0
      vertex -10.765685424949238 5.234314575050762 0
    endloop
  endfacet
  facet normal 0 0 -1
    outer loop
      vertex -31 -29 0
      vertex -10.765685424949238 5.234314575050762 0
      vertex -10.687009143206977 5.165317327767012 0
    endloop
  endfacet
  facet normal 0 0 -1
    outer loop
      vertex -31 -29 0
      vertex -10.939103626009029 5.493853254107928 0
      vertex -10.89282032302755 5.3999999999999995 0
    endloop
  endfacet
  facet normal 0 0 -1
    outer loop
      vertex -31 -29 0
      vertex -10.993155889099048 5.695579046223958 0
      vertex -10.972740661031255 5.592944763917983 0
    endloop
  endfacet
  facet normal 0 0 -1
    outer loop
      vertex -31 -29 0
      vertex -10.972740661031255 5.592944763917983 0
      vertex -10.939103626009029 5.493853254107928 0
    endloop
  endfacet
  facet normal 0 0 -1
    outer loop
      vertex -31 -29 0
      vertex -10.89282032302755 5.3999999999999995 0
      vertex -10.834682672232988 5.312990856793023 0
    endloop
  endfacet
  facet normal 0 0 -1
    outer loop
      vertex -31 -29 0
      vertex -11 5.8 0
      vertex -10.993155889099048 5.695579046223958 0
    endloop
  endfacet
  facet normal 0 0 -1
    outer loop
      vertex -31 -29 0
      vertex -10.687009143206977 5.165317327767012 0
      vertex -10.6 5.107179676972449 0
    endloop
  endfacet
  facet normal 0 0 -1
    outer loop
      vertex -31 -29 0
      vertex -10.6 5.107179676972449 0
      vertex -10.506146745892071 5.06089637399097 0
    endloop
  endfacet
  facet normal 0 0 -1
    outer loop
      vertex -31 -29 0
      vertex -10.506146745892071 5.06089637399097 0
      vertex -10.407055236082016 5.027259338968745 0
    endloop
  endfacet
  facet normal 0 0 -1
    outer loop
      vertex -31 -29 0
      vertex -10.407055236082016 5.027259338968745 0
      vertex -10.304420953776042 5.006844110900952 0
    endloop
  endfacet
  facet normal 0 0 -1
    outer loop
      vertex -31 -29 0
      vertex -10.304420953776042 5.006844110900952 0
      vertex -10.2 5 0
    endloop
  endfacet
  facet normal 0 0 -1
    outer loop
      vertex -31 -29 0
      vertex -10.2 5 0
      vertex -9.8 5 0
    endloop
  endfacet
  facet normal 0 0 -1
    outer loop
      vertex -31 -29 0
      vertex -9.8 5 0
      vertex -9.695579046223958 5.006844110900952 0
    endloop
  endfacet
  facet normal 0 0 -1
    outer loop
      vertex -31 -29 0
      vertex -9.695579046223958 5.006844110900952 0
      vertex -9.592944763917984 5.027259338968745 0
    endloop
  endfacet
  facet normal 0 0 -1
    outer loop
      vertex -31 -29 0
      vertex -9.592944763917984 5.027259338968745 0
      vertex -9.493853254107929 5.06089637399097 0
    endloop
  endfacet
  facet normal 0 0 -1
    outer loop
      vertex -31 -29 0
      vertex -9.493853254107929 5.06089637399097 0
      vertex -9.4 5.107179676972449 0
    endloop
  endfacet
  facet normal 0 0 -1
    outer loop
      vertex -31 -29 0
      vertex -9.4 5.107179676972449 0
      vertex -9.312990856793023 5.165317327767012 0
    endloop
  endfacet
  facet normal 0 0 -1
    outer loop
      vertex -31 -29 0
      vertex -9.312990856793023 5.165317327767012 0
      vertex -9.234314575050762 5.234314575050762 0
    endloop
  endfacet
  facet normal 0 0 -1
    outer loop
      vertex -31 -29 0
      vertex -9.234314575050762 5.234314575050762 0
      vertex -9.165317327767012 5.312990856793023 0
    endloop
  endfacet
  facet normal 0 0 -1
    outer loop
      vertex -31 -29 0
      vertex -9.165317327767012 5.312990856793023 0
      vertex -9.10717967697245 5.3999999999999995 0
    endloop
  endfacet
  facet normal 0 0 -1
    outer loop
      vertex -31 -29 0
      vertex -9.10717967697245 5.3999999999999995 0
      vertex -5.892820323027551 5.3999999999999995 0
    endloop
  endfacet
  facet normal 0 0 -1
    outer loop
      vertex -31 -29 0
      vertex -5.687009143206977 5.165317327767012 0
      vertex -5.6 5.107179676972449 0
    endloop
  endfacet
  facet normal 0 0 -1
    outer loop
      vertex -31 -29 0
      vertex -5.765685424949238 5.234314575050762 0
      vertex -5.687009143206977 5.165317327767012 0
    endloop
  endfacet
  facet normal 0 0 -1
    outer loop
      vertex -31 -29 0
      vertex -5.834682672232988 5.312990856793023 0
      vertex -5.765685424949238 5.234314575050762 0
    endloop
  endfacet
  facet normal 0 0 -1
    outer loop
      vertex -31 -29 0
      vertex -5.892820323027551 5.3999999999999995 0
      vertex -5.834682672232988 5.312990856793023 0
    endloop
  endfacet
  facet normal 0 0 -1
    outer loop
      vertex -31 -29 0
      vertex -5.6 5.107179676972449 0
      vertex -5.506146745892072 5.06089637399097 0
    endloop
  endfacet
  facet normal 0 0 -1
    outer loop
      vertex -31 -29 0
      vertex -5.506146745892072 5.06089637399097 0
      vertex -5.407055236082017 5.027259338968745 0
    endloop
  endfacet
  facet normal 0 0 -1
    outer loop
      vertex -31 -29 0
      vertex -5.407055236082017 5.027259338968745 0
      vertex -5.304420953776042 5.006844110900952 0
    endloop
  endfacet
  facet normal -0.751839807478981 -0.6593458151000647 0
    outer loop
      vertex -34.53553390593274 -27.535533905932738 0
      vertex -34.53553390593274 -27.535533905932738 10.5
      vertex -34.96676670145617 -27.0438071450436 10.5
    endloop
  endfacet
  facet normal -0.6593458151000677 -0.7518398074789784 0
    outer loop
      vertex -34.0438071450436 -27.966766701456176 0
      vertex -34.0438071450436 -27.966766701456176 10.5
      vertex -34.53553390593274 -27.535533905932738 10.5
    endloop
  endfacet
  facet normal -0.8314696123025439 -0.5555702330196043 0
    outer loop
      vertex -34.96676670145617 -27.0438071450436 0
      vertex -34.96676670145617 -27.0438071450436 10.5
      vertex -35.33012701892219 -26.5 10.5
    endloop
  endfacet
  facet normal -0.8968727415326844 -0.4422886902190092 0
    outer loop
      vertex -35.33012701892219 -26.5 0
      vertex -35.33012701892219 -26.5 10.5
      vertex -35.61939766255644 -25.91341716182545 10.5
    endloop
  endfacet
  facet normal -0.9469301294951065 -0.32143946530315926 0
    outer loop
      vertex -35.61939766255644 -25.91341716182545 0
      vertex -35.61939766255644 -25.91341716182545 10.5
      vertex -35.829629131445344 -25.294095225512603 10.5
    endloop
  endfacet
  facet normal -0.5555702330196005 -0.8314696123025463 0
    outer loop
      vertex -33.5 -28.33012701892219 0
      vertex -33.5 -28.33012701892219 10.5
      vertex -34.0438071450436 -27.966766701456176 10.5
    endloop
  endfacet
  facet normal -0.44228869021900485 -0.8968727415326866 0
    outer loop
      vertex -32.91341716182545 -28.619397662556434 0
      vertex -32.91341716182545 -28.619397662556434 10.5
      vertex -33.5 -28.33012701892219 10.5
    endloop
  endfacet
  facet normal -0.3214394653031609 -0.9469301294951059 0
    outer loop
      vertex -32.294095225512606 -28.82962913144534 0
      vertex -32.294095225512606 -28.82962913144534 10.5
      vertex -32.91341716182545 -28.619397662556434 10.5
    endloop
  endfacet
  facet normal -0.1950903220161273 -0.9807852804032307 0
    outer loop
      vertex -31.652630961100257 -28.95722430686905 0
      vertex -31.652630961100257 -28.95722430686905 10.5
      vertex -32.294095225512606 -28.82962913144534 10.5
    endloop
  endfacet
  facet normal -0.9807852804032314 -0.1950903220161231 0
    outer loop
      vertex -35.829629131445344 -25.294095225512603 0
      vertex -35.829629131445344 -25.294095225512603 10.5
      vertex -35.95722430686905 -24.652630961100257 10.5
    endloop
  endfacet
  facet normal -0.9978589232386034 -0.06540312923014452 0
    outer loop
      vertex -35.95722430686905 -24.652630961100257 0
      vertex -35.95722430686905 -24.652630961100257 10.5
      vertex -36 -24 10.5
    endloop
  endfacet
  facet normal -0.06540312923014452 -0.9978589232386034 0
    outer loop
      vertex -31 -29 0
      vertex -31 -29 10.5
      vertex -31.652630961100257 -28.95722430686905 10.5
    endloop
  endfacet
  facet normal -1 0 0
    outer loop
      vertex -36 -12 4
      vertex -36 -24 10.5
      vertex -36 -12 8
    endloop
  endfacet
  facet normal 0 0 1
    outer loop
      vertex -34.0438071450436 -27.966766701456176 10.5
      vertex -33.5 -28.33012701892219 10.5
      vertex -33.82842712474619 -26.82842712474619 10.5
    endloop
  endfacet
  facet normal 0 0 1
    outer loop
      vertex -34.53553390593274 -27.535533905932738 10.5
      vertex -34.0438071450436 -27.966766701456176 10.5
      vertex -34.17341336116494 -26.43504571603488 10.5
    endloop
  endfacet
  facet normal 0 0 1
    outer loop
      vertex -34.96676670145617 -27.0438071450436 10.5
      vertex -35 -24 10.5
      vertex -35.33012701892219 -26.5 10.5
    endloop
  endfacet
  facet normal 0 0 1
    outer loop
      vertex -34.96676670145617 -27.0438071450436 10.5
      vertex -34.86370330515627 -25.035276180410083 10.5
      vertex -34.965779445495244 -24.522104768880205 10.5
    endloop
  endfacet
  facet normal 0 0 1
    outer loop
      vertex -34.53553390593274 -27.535533905932738 10.5
      vertex -34.695518130045144 -25.53073372946036 10.5
      vertex -34.96676670145617 -27.0438071450436 10.5
    endloop
  endfacet
  facet normal 0 0 1
    outer loop
      vertex -34.53553390593274 -27.535533905932738 10.5
      vertex -34.17341336116494 -26.43504571603488 10.5
      vertex -34.46410161513776 -26 10.5
    endloop
  endfacet
  facet normal 0 0 1
    outer loop
      vertex -34.53553390593274 -27.535533905932738 10.5
      vertex -34.46410161513776 -26 10.5
      vertex -34.695518130045144 -25.53073372946036 10.5
    endloop
  endfacet
  facet normal 0 0 1
    outer loop
      vertex -34.0438071450436 -27.966766701456176 10.5
      vertex -33.82842712474619 -26.82842712474619 10.5
      vertex -34.17341336116494 -26.43504571603488 10.5
    endloop
  endfacet
  facet normal 0 0 1
    outer loop
      vertex -34.96676670145617 -27.0438071450436 10.5
      vertex -34.695518130045144 -25.53073372946036 10.5
      vertex -34.86370330515627 -25.035276180410083 10.5
    endloop
  endfacet
  facet normal 0 0 1
    outer loop
      vertex -33.5 -28.33012701892219 10.5
      vertex -32.91341716182545 -28.619397662556434 10.5
      vertex -33 -27.464101615137753 10.5
    endloop
  endfacet
  facet normal 0 0 1
    outer loop
      vertex -33.5 -28.33012701892219 10.5
      vertex -33 -27.464101615137753 10.5
      vertex -33.435045716034885 -27.17341336116494 10.5
    endloop
  endfacet
  facet normal 0 0 1
    outer loop
      vertex -33.82842712474619 -26.82842712474619 10.5
      vertex -33.5 -28.33012701892219 10.5
      vertex -33.435045716034885 -27.17341336116494 10.5
    endloop
  endfacet
  facet normal 0 0 1
    outer loop
      vertex -32.91341716182545 -28.619397662556434 10.5
      vertex -32.53073372946036 -27.695518130045148 10.5
      vertex -33 -27.464101615137753 10.5
    endloop
  endfacet
  facet normal 0 0 1
    outer loop
      vertex -32.91341716182545 -28.619397662556434 10.5
      vertex -32.294095225512606 -28.82962913144534 10.5
      vertex -32.53073372946036 -27.695518130045148 10.5
    endloop
  endfacet
  facet normal 0 0 1
    outer loop
      vertex -32.294095225512606 -28.82962913144534 10.5
      vertex -32.03527618041008 -27.863703305156275 10.5
      vertex -32.53073372946036 -27.695518130045148 10.5
    endloop
  endfacet
  facet normal 0 0 1
    outer loop
      vertex -32.294095225512606 -28.82962913144534 10.5
      vertex -31.652630961100257 -28.95722430686905 10.5
      vertex -32.03527618041008 -27.863703305156275 10.5
    endloop
  endfacet
  facet normal 0 0 1
    outer loop
      vertex -31.652630961100257 -28.95722430686905 10.5
      vertex -31.522104768880205 -27.96577944549524 10.5
      vertex -32.03527618041008 -27.863703305156275 10.5
    endloop
  endfacet
  facet normal 0 0 1
    outer loop
      vertex -34.96676670145617 -27.0438071450436 10.5
      vertex -34.965779445495244 -24.522104768880205 10.5
      vertex -35 -24 10.5
    endloop
  endfacet
  facet normal 0 0 1
    outer loop
      vertex -31.652630961100257 -28.95722430686905 10.5
      vertex -31 -29 10.5
      vertex -31.522104768880205 -27.96577944549524 10.5
    endloop
  endfacet
  facet normal 0 0 1
    outer loop
      vertex -31.522104768880205 -27.96577944549524 10.5
      vertex -31 -29 10.5
      vertex -31 -28 10.5
    endloop
  endfacet
  facet normal -1 0 0
    outer loop
      vertex -36 -24 10.5
      vertex -36 6 8
      vertex -36 -12 8
    endloop
  endfacet
  facet normal 0 0 1
    outer loop
      vertex -35.61939766255644 -25.91341716182545 10.5
      vertex -35.829629131445344 25.294095225512603 10.5
      vertex -35.829629131445344 -25.294095225512603 10.5
    endloop
  endfacet
  facet normal 0 0 1
    outer loop
      vertex -35.33012701892219 -26.5 10.5
      vertex -35.61939766255644 25.91341716182545 10.5
      vertex -35.61939766255644 -25.91341716182545 10.5
    endloop
  endfacet
  facet normal 0 0 1
    outer loop
      vertex -35.829629131445344 -25.294095225512603 10.5
      vertex -35.95722430686905 24.652630961100257 10.5
      vertex -35.95722430686905 -24.652630961100257 10.5
    endloop
  endfacet
  facet normal 0 0 1
    outer loop
      vertex -35.95722430686905 -24.652630961100257 10.5
      vertex -36 24 10.5
      vertex -36 -24 10.5
    endloop
  endfacet
  facet normal 0 0 1
    outer loop
      vertex -35.33012701892219 -26.5 10.5
      vertex -35 -24 10.5
      vertex -35.33012701892219 26.5 10.5
    endloop
  endfacet
  facet normal 0 0 1
    outer loop
      vertex -31 -29 10.5
      vertex 31 -29 10.5
      vertex -31 -28 10.5
    endloop
  endfacet
  facet normal -1 0 0
    outer loop
      vertex -36 -24 0
      vertex -36 6 4
      vertex -36 24 0
    endloop
  endfacet
  facet normal 0 0 -1
    outer loop
      vertex -35.95722430686905 -24.652630961100257 0
      vertex -36 24 0
      vertex -35.95722430686905 24.652630961100257 0
    endloop
  endfacet
  facet normal 0 0 -1
    outer loop
      vertex -35.829629131445344 -25.294095225512603 0
      vertex -35.95722430686905 24.652630961100257 0
      vertex -35.829629131445344 25.294095225512603 0
    endloop
  endfacet
  facet normal 0 0 -1
    outer loop
      vertex -35.61939766255644 -25.91341716182545 0
      vertex -35.829629131445344 25.294095225512603 0
      vertex -35.61939766255644 25.91341716182545 0
    endloop
  endfacet
  facet normal 0 0 -1
    outer loop
      vertex -35.33012701892219 -26.5 0
      vertex -35.61939766255644 25.91341716182545 0
      vertex -35.33012701892219 26.5 0
    endloop
  endfacet
  facet normal 0 0 -1
    outer loop
      vertex -34.96676670145617 -27.0438071450436 0
      vertex -35.33012701892219 26.5 0
      vertex -34.96676670145617 27.0438071450436 0
    endloop
  endfacet
  facet normal 0 0 -1
    outer loop
      vertex -34.53553390593274 -27.535533905932738 0
      vertex -34.96676670145617 27.0438071450436 0
      vertex -34.53553390593274 27.535533905932738 0
    endloop
  endfacet
  facet normal 0 0 -1
    outer loop
      vertex -34.0438071450436 -27.966766701456176 0
      vertex -34.53553390593274 27.535533905932738 0
      vertex -34.0438071450436 27.966766701456176 0
    endloop
  endfacet
  facet normal 0 0 -1
    outer loop
      vertex -33.5 -28.33012701892219 0
      vertex -34.0438071450436 27.966766701456176 0
      vertex -33.5 28.33012701892219 0
    endloop
  endfacet
  facet normal 0 0 -1
    outer loop
      vertex -32.91341716182545 -28.619397662556434 0
      vertex -33.5 28.33012701892219 0
      vertex -32.91341716182545 28.619397662556434 0
    endloop
  endfacet
  facet normal 0 0 -1
    outer loop
      vertex -32.294095225512606 -28.82962913144534 0
      vertex -32.91341716182545 28.619397662556434 0
      vertex -32.294095225512606 28.82962913144534 0
    endloop
  endfacet
  facet normal 0 0 -1
    outer loop
      vertex -31.652630961100257 -28.95722430686905 0
      vertex -32.294095225512606 28.82962913144534 0
      vertex -31.652630961100257 28.95722430686905 0
    endloop
  endfacet
  facet normal 0 0 -1
    outer loop
      vertex -31 -29 0
      vertex -31.652630961100257 28.95722430686905 0
      vertex -31 29 0
    endloop
  endfacet
  facet normal 0 0 -1
    outer loop
      vertex -31 -29 0
      vertex -31 29 0
      vertex -11 5.8 0
    endloop
  endfacet
  facet normal -1 0 0
    outer loop
      vertex -36 6 4
      vertex -36 6 8
      vertex -36 24 0
    endloop
  endfacet
  facet normal -0.9978589232386034 0.06540312923014452 1.1321110512417142e-19
    outer loop
      vertex -36 24 0
      vertex -35.95722430686905 24.652630961100257 10.5
      vertex -35.95722430686905 24.652630961100257 0
    endloop
  endfacet
  facet normal -0.9807852804032314 0.1950903220161231 9.211552451268661e-19
    outer loop
      vertex -35.95722430686905 24.652630961100257 0
      vertex -35.829629131445344 25.294095225512603 10.5
      vertex -35.829629131445344 25.294095225512603 0
    endloop
  endfacet
  facet normal -0.9469301294951065 0.32143946530315926 -1.5558518294820851e-18
    outer loop
      vertex -35.829629131445344 25.294095225512603 0
      vertex -35.61939766255644 25.91341716182545 10.5
      vertex -35.61939766255644 25.91341716182545 0
    endloop
  endfacet
  facet normal -0.8968727415326844 0.4422886902190092 -7.816077921580633e-19
    outer loop
      vertex -35.61939766255644 25.91341716182545 0
      vertex -35.33012701892219 26.5 10.5
      vertex -35.33012701892219 26.5 0
    endloop
  endfacet
  facet normal -0.8314696123025439 0.5555702330196043 4.751746359037708e-19
    outer loop
      vertex -35.33012701892219 26.5 0
      vertex -34.96676670145617 27.0438071450436 10.5
      vertex -34.96676670145617 27.0438071450436 0
    endloop
  endfacet
  facet normal -0.751839807478981 0.6593458151000647 -1.2454125061413055e-19
    outer loop
      vertex -34.96676670145617 27.0438071450436 0
      vertex -34.53553390593274 27.535533905932738 10.5
      vertex -34.53553390593274 27.535533905932738 0
    endloop
  endfacet
  facet normal -0.6593458151000677 0.7518398074789784 -3.6289800390433356e-19
    outer loop
      vertex -34.53553390593274 27.535533905932738 0
      vertex -34.0438071450436 27.966766701456176 10.5
      vertex -34.0438071450436 27.966766701456176 0
    endloop
  endfacet
  facet normal -0.5555702330196005 0.8314696123025463 -1.979399246455969e-18
    outer loop
      vertex -34.0438071450436 27.966766701456176 0
      vertex -33.5 28.33012701892219 10.5
      vertex -33.5 28.33012701892219 0
    endloop
  endfacet
  facet normal -0.44228869021900485 0.8968727415326866 -1.115464216397166e-18
    outer loop
      vertex -33.5 28.33012701892219 0
      vertex -32.91341716182545 28.619397662556434 10.5
      vertex -32.91341716182545 28.619397662556434 0
    endloop
  endfacet
  facet normal -0.3214394653031609 0.9469301294951059 -1.190596787324549e-18
    outer loop
      vertex -32.91341716182545 28.619397662556434 0
      vertex -32.294095225512606 28.82962913144534 10.5
      vertex -32.294095225512606 28.82962913144534 0
    endloop
  endfacet
  facet normal -0.1950903220161273 0.9807852804032307 6.770710417340843e-19
    outer loop
      vertex -32.294095225512606 28.82962913144534 0
      vertex -31.652630961100257 28.95722430686905 10.5
      vertex -31.652630961100257 28.95722430686905 0
    endloop
  endfacet
  facet normal -0.06540312923014452 0.9978589232386034 1.1321110512417142e-19
    outer loop
      vertex -31.652630961100257 28.95722430686905 0
      vertex -31 29 10.5
      vertex -31 29 0
    endloop
  endfacet
  facet normal 0 1 0
    outer loop
      vertex -31 29 0
      vertex -31 29 10.5
      vertex -7 29 1.2999999999999998
    endloop
  endfacet
  facet normal 0 0 -1
    outer loop
      vertex -9.10717967697245 5.3999999999999995 0
      vertex -9.060896373990971 5.493853254107928 0
      vertex -5.892820323027551 5.3999999999999995 0
    endloop
  endfacet
  facet normal 0 0 -1
    outer loop
      vertex -9.060896373990971 5.493853254107928 0
      vertex -9.027259338968745 5.592944763917983 0
      vertex -5.93910362600903 5.493853254107928 0
    endloop
  endfacet
  facet normal 0 0 -1
    outer loop
      vertex -9.027259338968745 5.592944763917983 0
      vertex -9.006844110900952 5.695579046223958 0
      vertex -5.93910362600903 5.493853254107928 0
    endloop
  endfacet
  facet normal 0 0 -1
    outer loop
      vertex -9.006844110900952 5.695579046223958 0
      vertex -9 5.8 0
      vertex -5.93910362600903 5.493853254107928 0
    endloop
  endfacet
  facet normal 0 0 -1
    outer loop
      vertex -9.060896373990971 5.493853254107928 0
      vertex -5.93910362600903 5.493853254107928 0
      vertex -5.892820323027551 5.3999999999999995 0
    endloop
  endfacet
  facet normal 0 0 -1
    outer loop
      vertex -9 5.8 0
      vertex -5.972740661031255 5.592944763917983 0
      vertex -5.93910362600903 5.493853254107928 0
    endloop
  endfacet
  facet normal 0 0 -1
    outer loop
      vertex -9 5.8 0
      vertex -5.993155889099048 5.695579046223958 0
      vertex -5.972740661031255 5.592944763917983 0
    endloop
  endfacet
  facet normal 0 0 -1
    outer loop
      vertex -9 5.8 0
      vertex -6 5.8 0
      vertex -5.993155889099048 5.695579046223958 0
    endloop
  endfacet
  facet normal 0 0 -1
    outer loop
      vertex -4.107179676972449 5.3999999999999995 0
      vertex -4.06089637399097 5.493853254107928 0
      vertex -0.8928203230275509 5.3999999999999995 0
    endloop
  endfacet
  facet normal 0 0 -1
    outer loop
      vertex -4.06089637399097 5.493853254107928 0
      vertex -4.027259338968745 5.592944763917983 0
      vertex -0.9391036260090294 5.493853254107928 0
    endloop
  endfacet
  facet normal 0 0 -1
    outer loop
      vertex -4.027259338968745 5.592944763917983 0
      vertex -4.006844110900952 5.695579046223958 0
      vertex -0.9727406610312547 5.592944763917983 0
    endloop
  endfacet
  facet normal 0 0 -1
    outer loop
      vertex -4.006844110900952 5.695579046223958 0
      vertex -4 5.8 0
      vertex -0.9931558890990483 5.695579046223958 0
    endloop
  endfacet
  facet normal 0 0 -1
    outer loop
      vertex -4.107179676972449 5.3999999999999995 0
      vertex -0.8346826722329881 5.312990856793023 0
      vertex -0.7656854249492381 5.234314575050762 0
    endloop
  endfacet
  facet normal 0 0 -1
    outer loop
      vertex -4.107179676972449 5.3999999999999995 0
      vertex -0.8928203230275509 5.3999999999999995 0
      vertex -0.8346826722329881 5.312990856793023 0
    endloop
  endfacet
  facet normal 0 0 -1
    outer loop
      vertex -4.027259338968745 5.592944763917983 0
      vertex -0.9727406610312547 5.592944763917983 0
      vertex -0.9391036260090294 5.493853254107928 0
    endloop
  endfacet
  facet normal 0 0 -1
    outer loop
      vertex -4.006844110900952 5.695579046223958 0
      vertex -0.9931558890990483 5.695579046223958 0
      vertex -0.9727406610312547 5.592944763917983 0
    endloop
  endfacet
  facet normal 0 0 -1
    outer loop
      vertex -4 5.8 0
      vertex -1 5.8 0
      vertex -0.9931558890990483 5.695579046223958 0
    endloop
  endfacet
  facet normal 0 0 -1
    outer loop
      vertex -4.06089637399097 5.493853254107928 0
      vertex -0.9391036260090294 5.493853254107928 0
      vertex -0.8928203230275509 5.3999999999999995 0
    endloop
  endfacet
  facet normal 0 0 -1
    outer loop
      vertex -9 5.8 0
      vertex -6 20.2 0
      vertex -6 5.8 0
    endloop
  endfacet
  facet normal 0 0 -1
    outer loop
      vertex -4 5.8 0
      vertex -4 20.2 0
      vertex -1 5.8 0
    endloop
  endfacet
  facet normal 0 0 -1
    outer loop
      vertex -31 29 0
      vertex -11 20.2 0
      vertex -11 5.8 0
    endloop
  endfacet
  facet normal 0 0 -1
    outer loop
      vertex -31 29 0
      vertex -10.993155889099048 20.30442095377604 0
      vertex -11 20.2 0
    endloop
  endfacet
  facet normal 0 0 -1
    outer loop
      vertex -31 29 0
      vertex -10.972740661031255 20.407055236082016 0
      vertex -10.993155889099048 20.30442095377604 0
    endloop
  endfacet
  facet normal 0 0 -1
    outer loop
      vertex -31 29 0
      vertex -10.939103626009029 20.50614674589207 0
      vertex -10.972740661031255 20.407055236082016 0
    endloop
  endfacet
  facet normal 0 0 -1
    outer loop
      vertex -31 29 0
      vertex -10.89282032302755 20.6 0
      vertex -10.939103626009029 20.50614674589207 0
    endloop
  endfacet
  facet normal 0 0 -1
    outer loop
      vertex -31 29 0
      vertex -10.834682672232988 20.68700914320698 0
      vertex -10.89282032302755 20.6 0
    endloop
  endfacet
  facet normal 0 0 -1
    outer loop
      vertex -31 29 0
      vertex -10.765685424949238 20.76568542494924 0
      vertex -10.834682672232988 20.68700914320698 0
    endloop
  endfacet
  facet normal 0 0 -1
    outer loop
      vertex -31 29 0
      vertex -10.687009143206977 20.834682672232987 0
      vertex -10.765685424949238 20.76568542494924 0
    endloop
  endfacet
  facet normal 0 0 -1
    outer loop
      vertex -31 29 0
      vertex -10.6 20.89282032302755 0
      vertex -10.687009143206977 20.834682672232987 0
    endloop
  endfacet
  facet normal 0 0 -1
    outer loop
      vertex -31 29 0
      vertex -10.506146745892071 20.93910362600903 0
      vertex -10.6 20.89282032302755 0
    endloop
  endfacet
  facet normal 0 0 -1
    outer loop
      vertex -31 29 0
      vertex -10.407055236082016 20.972740661031253 0
      vertex -10.506146745892071 20.93910362600903 0
    endloop
  endfacet
  facet normal 0 0 -1
    outer loop
      vertex -31 29 0
      vertex -10.304420953776042 20.99315588909905 0
      vertex -10.407055236082016 20.972740661031253 0
    endloop
  endfacet
  facet normal 0 0 -1
    outer loop
      vertex -31 29 0
      vertex -10.2 21 0
      vertex -10.304420953776042 20.99315588909905 0
    endloop
  endfacet
  facet normal 0 0 -1
    outer loop
      vertex -31 29 0
      vertex -9.8 21 0
      vertex -10.2 21 0
    endloop
  endfacet
  facet normal 0 0 -1
    outer loop
      vertex -31 29 0
      vertex -9.695579046223958 20.99315588909905 0
      vertex -9.8 21 0
    endloop
  endfacet
  facet normal 0 0 -1
    outer loop
      vertex -31 29 0
      vertex -5.2 21 0
      vertex -9.695579046223958 20.99315588909905 0
    endloop
  endfacet
  facet normal 0 0 -1
    outer loop
      vertex -31 29 0
      vertex -4.8 21 0
      vertex -5.2 21 0
    endloop
  endfacet
  facet normal 0 0 -1
    outer loop
      vertex -31 29 0
      vertex -4.695579046223958 20.99315588909905 0
      vertex -4.8 21 0
    endloop
  endfacet
  facet normal 0 0 -1
    outer loop
      vertex -31 29 0
      vertex -4.592944763917983 20.972740661031253 0
      vertex -4.695579046223958 20.99315588909905 0
    endloop
  endfacet
  facet normal 0 0 -1
    outer loop
      vertex -31 29 0
      vertex -0.40705523608201655 20.972740661031253 0
      vertex -4.592944763917983 20.972740661031253 0
    endloop
  endfacet
  facet normal 0 0 -1
    outer loop
      vertex -31 29 0
      vertex -0.3044209537760412 20.99315588909905 0
      vertex -0.40705523608201655 20.972740661031253 0
    endloop
  endfacet
  facet normal 0 0 -1
    outer loop
      vertex -31 29 0
      vertex -0.19999999999999996 21 0
      vertex -0.3044209537760412 20.99315588909905 0
    endloop
  endfacet
  facet normal 0 0 -1
    outer loop
      vertex -31 29 0
      vertex 0.19999999999999996 21 0
      vertex -0.19999999999999996 21 0
    endloop
  endfacet
  facet normal 0 0 -1
    outer loop
      vertex -31 29 0
      vertex 0.3044209537760412 20.99315588909905 0
      vertex 0.19999999999999996 21 0
    endloop
  endfacet
  facet normal 0 0 -1
    outer loop
      vertex -31 29 0
      vertex 0.40705523608201655 20.972740661031253 0
      vertex 0.3044209537760412 20.99315588909905 0
    endloop
  endfacet
  facet normal 0 0 -1
    outer loop
      vertex -9 5.8 0
      vertex -9 20.2 0
      vertex -6 20.2 0
    endloop
  endfacet
  facet normal 0 0 -1
    outer loop
      vertex -9.006844110900952 20.30442095377604 0
      vertex -6 20.2 0
      vertex -9 20.2 0
    endloop
  endfacet
  facet normal 0 0 -1
    outer loop
      vertex -9.006844110900952 20.30442095377604 0
      vertex -9.027259338968745 20.407055236082016 0
      vertex -5.993155889099048 20.30442095377604 0
    endloop
  endfacet
  facet normal 0 0 -1
    outer loop
      vertex -9.027259338968745 20.407055236082016 0
      vertex -9.060896373990971 20.50614674589207 0
      vertex -5.972740661031255 20.407055236082016 0
    endloop
  endfacet
  facet normal 0 0 -1
    outer loop
      vertex -9.10717967697245 20.6 0
      vertex -5.93910362600903 20.50614674589207 0
      vertex -9.060896373990971 20.50614674589207 0
    endloop
  endfacet
  facet normal 0 0 -1
    outer loop
      vertex -9.10717967697245 20.6 0
      vertex -9.165317327767012 20.68700914320698 0
      vertex -5.892820323027551 20.6 0
    endloop
  endfacet
  facet normal 0 0 -1
    outer loop
      vertex -9.165317327767012 20.68700914320698 0
      vertex -9.234314575050762 20.76568542494924 0
      vertex -5.834682672232988 20.68700914320698 0
    endloop
  endfacet
  facet normal 0 0 -1
    outer loop
      vertex -9.312990856793023 20.834682672232987 0
      vertex -5.765685424949238 20.76568542494924 0
      vertex -9.234314575050762 20.76568542494924 0
    endloop
  endfacet
  facet normal 0 0 -1
    outer loop
      vertex -9.493853254107929 20.93910362600903 0
      vertex -5.6 20.89282032302755 0
      vertex -9.4 20.89282032302755 0
    endloop
  endfacet
  facet normal 0 0 -1
    outer loop
      vertex -9.592944763917984 20.972740661031253 0
      vertex -5.506146745892072 20.93910362600903 0
      vertex -9.493853254107929 20.93910362600903 0
    endloop
  endfacet
  facet normal 0 0 -1
    outer loop
      vertex -9.695579046223958 20.99315588909905 0
      vertex -5.407055236082017 20.972740661031253 0
      vertex -9.592944763917984 20.972740661031253 0
    endloop
  endfacet
  facet normal 0 0 -1
    outer loop
      vertex -9.312990856793023 20.834682672232987 0
      vertex -9.4 20.89282032302755 0
      vertex -5.687009143206977 20.834682672232987 0
    endloop
  endfacet
  facet normal 0 0 -1
    outer loop
      vertex -9.006844110900952 20.30442095377604 0
      vertex -5.993155889099048 20.30442095377604 0
      vertex -6 20.2 0
    endloop
  endfacet
  facet normal 0 0 -1
    outer loop
      vertex -9.027259338968745 20.407055236082016 0
      vertex -5.972740661031255 20.407055236082016 0
      vertex -5.993155889099048 20.30442095377604 0
    endloop
  endfacet
  facet normal 0 0 -1
    outer loop
      vertex -9.060896373990971 20.50614674589207 0
      vertex -5.93910362600903 20.50614674589207 0
      vertex -5.972740661031255 20.407055236082016 0
    endloop
  endfacet
  facet normal 0 0 -1
    outer loop
      vertex -9.10717967697245 20.6 0
      vertex -5.892820323027551 20.6 0
      vertex -5.93910362600903 20.50614674589207 0
    endloop
  endfacet
  facet normal 0 0 -1
    outer loop
      vertex -9.165317327767012 20.68700914320698 0
      vertex -5.834682672232988 20.68700914320698 0
      vertex -5.892820323027551 20.6 0
    endloop
  endfacet
  facet normal 0 0 -1
    outer loop
      vertex -9.234314575050762 20.76568542494924 0
      vertex -5.765685424949238 20.76568542494924 0
      vertex -5.834682672232988 20.68700914320698 0
    endloop
  endfacet
  facet normal 0 0 -1
    outer loop
      vertex -9.312990856793023 20.834682672232987 0
      vertex -5.687009143206977 20.834682672232987 0
      vertex -5.765685424949238 20.76568542494924 0
    endloop
  endfacet
  facet normal 0 0 -1
    outer loop
      vertex -9.4 20.89282032302755 0
      vertex -5.6 20.89282032302755 0
      vertex -5.687009143206977 20.834682672232987 0
    endloop
  endfacet
  facet normal 0 0 -1
    outer loop
      vertex -9.493853254107929 20.93910362600903 0
      vertex -5.506146745892072 20.93910362600903 0
      vertex -5.6 20.89282032302755 0
    endloop
  endfacet
  facet normal 0 0 -1
    outer loop
      vertex -9.592944763917984 20.972740661031253 0
      vertex -5.407055236082017 20.972740661031253 0
      vertex -5.506146745892072 20.93910362600903 0
    endloop
  endfacet
  facet normal 0 0 -1
    outer loop
      vertex -9.695579046223958 20.99315588909905 0
      vertex -5.304420953776042 20.99315588909905 0
      vertex -5.407055236082017 20.972740661031253 0
    endloop
  endfacet
  facet normal 0 0 -1
    outer loop
      vertex -9.695579046223958 20.99315588909905 0
      vertex -5.2 21 0
      vertex -5.304420953776042 20.99315588909905 0
    endloop
  endfacet
  facet normal 0 0 -1
    outer loop
      vertex -1 5.8 0
      vertex -4 20.2 0
      vertex -1 20.2 0
    endloop
  endfacet
  facet normal 0 0 -1
    outer loop
      vertex -4 20.2 0
      vertex -4.006844110900952 20.30442095377604 0
      vertex -1 20.2 0
    endloop
  endfacet
  facet normal 0 0 -1
    outer loop
      vertex -4.006844110900952 20.30442095377604 0
      vertex -4.027259338968745 20.407055236082016 0
      vertex -0.9931558890990483 20.30442095377604 0
    endloop
  endfacet
  facet normal 0 0 -1
    outer loop
      vertex -4.312990856793023 20.834682672232987 0
      vertex -0.7656854249492381 20.76568542494924 0
      vertex -4.234314575050762 20.76568542494924 0
    endloop
  endfacet
  facet normal 0 0 -1
    outer loop
      vertex -4.027259338968745 20.407055236082016 0
      vertex -4.06089637399097 20.50614674589207 0
      vertex -0.9727406610312547 20.407055236082016 0
    endloop
  endfacet
  facet normal 0 0 -1
    outer loop
      vertex -4.107179676972449 20.6 0
      vertex -0.9391036260090294 20.50614674589207 0
      vertex -4.06089637399097 20.50614674589207 0
    endloop
  endfacet
  facet normal 0 0 -1
    outer loop
      vertex -4.107179676972449 20.6 0
      vertex -4.165317327767012 20.68700914320698 0
      vertex -0.8928203230275509 20.6 0
    endloop
  endfacet
  facet normal 0 0 -1
    outer loop
      vertex -4.234314575050762 20.76568542494924 0
      vertex -0.8346826722329881 20.68700914320698 0
      vertex -4.165317327767012 20.68700914320698 0
    endloop
  endfacet
  facet normal 0 0 -1
    outer loop
      vertex -4.493853254107928 20.93910362600903 0
      vertex -0.6 20.89282032302755 0
      vertex -4.4 20.89282032302755 0
    endloop
  endfacet
  facet normal 0 0 -1
    outer loop
      vertex -4.592944763917983 20.972740661031253 0
      vertex -0.5061467458920719 20.93910362600903 0
      vertex -4.493853254107928 20.93910362600903 0
    endloop
  endfacet
  facet normal 0 0 -1
    outer loop
      vertex -4.312990856793023 20.834682672232987 0
      vertex -4.4 20.89282032302755 0
      vertex -0.6870091432069765 20.834682672232987 0
    endloop
  endfacet
  facet normal 0 0 -1
    outer loop
      vertex -4.006844110900952 20.30442095377604 0
      vertex -0.9931558890990483 20.30442095377604 0
      vertex -1 20.2 0
    endloop
  endfacet
  facet normal 0 0 -1
    outer loop
      vertex -4.027259338968745 20.407055236082016 0
      vertex -0.9727406610312547 20.407055236082016 0
      vertex -0.9931558890990483 20.30442095377604 0
    endloop
  endfacet
  facet normal 0 0 -1
    outer loop
      vertex -4.06089637399097 20.50614674589207 0
      vertex -0.9391036260090294 20.50614674589207 0
      vertex -0.9727406610312547 20.407055236082016 0
    endloop
  endfacet
  facet normal 0 0 -1
    outer loop
      vertex -4.107179676972449 20.6 0
      vertex -0.8928203230275509 20.6 0
      vertex -0.9391036260090294 20.50614674589207 0
    endloop
  endfacet
  facet normal 0 0 -1
    outer loop
      vertex -4.165317327767012 20.68700914320698 0
      vertex -0.8346826722329881 20.68700914320698 0
      vertex -0.8928203230275509 20.6 0
    endloop
  endfacet
  facet normal 0 0 -1
    outer loop
      vertex -4.234314575050762 20.76568542494924 0
      vertex -0.7656854249492381 20.76568542494924 0
      vertex -0.8346826722329881 20.68700914320698 0
    endloop
  endfacet
  facet normal 0 0 -1
    outer loop
      vertex -4.312990856793023 20.834682672232987 0
      vertex -0.6870091432069765 20.834682672232987 0
      vertex -0.7656854249492381 20.76568542494924 0
    endloop
  endfacet
  facet normal 0 0 -1
    outer loop
      vertex -4.4 20.89282032302755 0
      vertex -0.6 20.89282032302755 0
      vertex -0.6870091432069765 20.834682672232987 0
    endloop
  endfacet
  facet normal 0 0 -1
    outer loop
      vertex -4.493853254107928 20.93910362600903 0
      vertex -0.5061467458920719 20.93910362600903 0
      vertex -0.6 20.89282032302755 0
    endloop
  endfacet
  facet normal 0 0 -1
    outer loop
      vertex -4.592944763917983 20.972740661031253 0
      vertex -0.40705523608201655 20.972740661031253 0
      vertex -0.5061467458920719 20.93910362600903 0
    endloop
  endfacet
  facet normal 0 0 -1
    outer loop
      vertex -31 29 0
      vertex 4.592944763917983 20.972740661031253 0
      vertex 0.40705523608201655 20.972740661031253 0
    endloop
  endfacet
  facet normal 0 0 -1
    outer loop
      vertex -31 29 0
      vertex 4.695579046223958 20.99315588909905 0
      vertex 4.592944763917983 20.972740661031253 0
    endloop
  endfacet
  facet normal 0 0 -1
    outer loop
      vertex -31 29 0
      vertex 4.8 21 0
      vertex 4.695579046223958 20.99315588909905 0
    endloop
  endfacet
  facet normal 0 0 -1
    outer loop
      vertex -31 29 0
      vertex 5.2 21 0
      vertex 4.8 21 0
    endloop
  endfacet
  facet normal 0 0 -1
    outer loop
      vertex -31 29 0
      vertex 5.304420953776042 20.99315588909905 0
      vertex 5.2 21 0
    endloop
  endfacet
  facet normal 0 0 -1
    outer loop
      vertex -31 29 0
      vertex 5.407055236082017 20.972740661031253 0
      vertex 5.304420953776042 20.99315588909905 0
    endloop
  endfacet
  facet normal 0 0 -1
    outer loop
      vertex -31 29 0
      vertex 9.592944763917984 20.972740661031253 0
      vertex 5.407055236082017 20.972740661031253 0
    endloop
  endfacet
  facet normal 0 0 -1
    outer loop
      vertex -31 29 0
      vertex 9.695579046223958 20.99315588909905 0
      vertex 9.592944763917984 20.972740661031253 0
    endloop
  endfacet
  facet normal 0 1 0
    outer loop
      vertex -31 29 0
      vertex -7 29 1.2999999999999998
      vertex 31 29 0
    endloop
  endfacet
  facet normal -1 0 0
    outer loop
      vertex -36 -24 10.5
      vertex -36 24 10.5
      vertex -36 6 8
    endloop
  endfacet
  facet normal 0 0 1
    outer loop
      vertex -35.95722430686905 -24.652630961100257 10.5
      vertex -35.95722430686905 24.652630961100257 10.5
      vertex -36 24 10.5
    endloop
  endfacet
  facet normal 0 0 1
    outer loop
      vertex -35.829629131445344 -25.294095225512603 10.5
      vertex -35.829629131445344 25.294095225512603 10.5
      vertex -35.95722430686905 24.652630961100257 10.5
    endloop
  endfacet
  facet normal 0 0 1
    outer loop
      vertex -35.61939766255644 -25.91341716182545 10.5
      vertex -35.61939766255644 25.91341716182545 10.5
      vertex -35.829629131445344 25.294095225512603 10.5
    endloop
  endfacet
  facet normal 0 0 1
    outer loop
      vertex -35.33012701892219 -26.5 10.5
      vertex -35.33012701892219 26.5 10.5
      vertex -35.61939766255644 25.91341716182545 10.5
    endloop
  endfacet
  facet normal 0 0 1
    outer loop
      vertex -35 -24 10.5
      vertex -35 24 10.5
      vertex -35.33012701892219 26.5 10.5
    endloop
  endfacet
  facet normal -1 0 0
    outer loop
      vertex -36 24 0
      vertex -36 6 8
      vertex -36 24 10.5
    endloop
  endfacet
  facet normal -0.9978589232386034 0.06540312923014452 0
    outer loop
      vertex -36 24 0
      vertex -36 24 10.5
      vertex -35.95722430686905 24.652630961100257 10.5
    endloop
  endfacet
  facet normal -0.9807852804032314 0.1950903220161231 0
    outer loop
      vertex -35.95722430686905 24.652630961100257 0
      vertex -35.95722430686905 24.652630961100257 10.5
      vertex -35.829629131445344 25.294095225512603 10.5
    endloop
  endfacet
  facet normal -0.9469301294951065 0.32143946530315926 0
    outer loop
      vertex -35.829629131445344 25.294095225512603 0
      vertex -35.829629131445344 25.294095225512603 10.5
      vertex -35.61939766255644 25.91341716182545 10.5
    endloop
  endfacet
  facet normal -0.8968727415326844 0.4422886902190092 0
    outer loop
      vertex -35.61939766255644 25.91341716182545 0
      vertex -35.61939766255644 25.91341716182545 10.5
      vertex -35.33012701892219 26.5 10.5
    endloop
  endfacet
  facet normal -0.8314696123025439 0.5555702330196043 0
    outer loop
      vertex -35.33012701892219 26.5 0
      vertex -35.33012701892219 26.5 10.5
      vertex -34.96676670145617 27.0438071450436 10.5
    endloop
  endfacet
  facet normal -0.751839807478981 0.6593458151000647 0
    outer loop
      vertex -34.96676670145617 27.0438071450436 0
      vertex -34.96676670145617 27.0438071450436 10.5
      vertex -34.53553390593274 27.535533905932738 10.5
    endloop
  endfacet
  facet normal -0.6593458151000677 0.7518398074789784 0
    outer loop
      vertex -34.53553390593274 27.535533905932738 0
      vertex -34.53553390593274 27.535533905932738 10.5
      vertex -34.0438071450436 27.966766701456176 10.5
    endloop
  endfacet
  facet normal -0.5555702330196005 0.8314696123025463 0
    outer loop
      vertex -34.0438071450436 27.966766701456176 0
      vertex -34.0438071450436 27.966766701456176 10.5
      vertex -33.5 28.33012701892219 10.5
    endloop
  endfacet
  facet normal -0.44228869021900485 0.8968727415326866 0
    outer loop
      vertex -33.5 28.33012701892219 0
      vertex -33.5 28.33012701892219 10.5
      vertex -32.91341716182545 28.619397662556434 10.5
    endloop
  endfacet
  facet normal -0.3214394653031609 0.9469301294951059 0
    outer loop
      vertex -32.91341716182545 28.619397662556434 0
      vertex -32.91341716182545 28.619397662556434 10.5
      vertex -32.294095225512606 28.82962913144534 10.5
    endloop
  endfacet
  facet normal -0.1950903220161273 0.9807852804032307 0
    outer loop
      vertex -32.294095225512606 28.82962913144534 0
      vertex -32.294095225512606 28.82962913144534 10.5
      vertex -31.652630961100257 28.95722430686905 10.5
    endloop
  endfacet
  facet normal -0.06540312923014452 0.9978589232386034 0
    outer loop
      vertex -31.652630961100257 28.95722430686905 0
      vertex -31.652630961100257 28.95722430686905 10.5
      vertex -31 29 10.5
    endloop
  endfacet
  facet normal 0 0 1
    outer loop
      vertex -35 24 10.5
      vertex -34.965779445495244 24.522104768880205 10.5
      vertex -35.33012701892219 26.5 10.5
    endloop
  endfacet
  facet normal 0 0 1
    outer loop
      vertex -34.965779445495244 24.522104768880205 10.5
      vertex -34.86370330515627 25.035276180410083 10.5
      vertex -34.96676670145617 27.0438071450436 10.5
    endloop
  endfacet
  facet normal 0 0 1
    outer loop
      vertex -34.965779445495244 24.522104768880205 10.5
      vertex -34.96676670145617 27.0438071450436 10.5
      vertex -35.33012701892219 26.5 10.5
    endloop
  endfacet
  facet normal 0 0 1
    outer loop
      vertex -34.86370330515627 25.035276180410083 10.5
      vertex -34.695518130045144 25.53073372946036 10.5
      vertex -34.96676670145617 27.0438071450436 10.5
    endloop
  endfacet
  facet normal 0 0 1
    outer loop
      vertex -34.96676670145617 27.0438071450436 10.5
      vertex -34.695518130045144 25.53073372946036 10.5
      vertex -34.46410161513776 26 10.5
    endloop
  endfacet
  facet normal 0 0 1
    outer loop
      vertex -34.46410161513776 26 10.5
      vertex -34.17341336116494 26.43504571603488 10.5
      vertex -34.53553390593274 27.535533905932738 10.5
    endloop
  endfacet
  facet normal 0 0 1
    outer loop
      vertex -34.96676670145617 27.0438071450436 10.5
      vertex -34.46410161513776 26 10.5
      vertex -34.53553390593274 27.535533905932738 10.5
    endloop
  endfacet
  facet normal 0 0 1
    outer loop
      vertex -34.17341336116494 26.43504571603488 10.5
      vertex -33.82842712474619 26.82842712474619 10.5
      vertex -34.53553390593274 27.535533905932738 10.5
    endloop
  endfacet
  facet normal 0 0 1
    outer loop
      vertex -33.82842712474619 26.82842712474619 10.5
      vertex -34.0438071450436 27.966766701456176 10.5
      vertex -34.53553390593274 27.535533905932738 10.5
    endloop
  endfacet
  facet normal 0 0 1
    outer loop
      vertex -33.82842712474619 26.82842712474619 10.5
      vertex -33.435045716034885 27.17341336116494 10.5
      vertex -34.0438071450436 27.966766701456176 10.5
    endloop
  endfacet
  facet normal 0 0 1
    outer loop
      vertex -34.0438071450436 27.966766701456176 10.5
      vertex -33.435045716034885 27.17341336116494 10.5
      vertex -33.5 28.33012701892219 10.5
    endloop
  endfacet
  facet normal 0 0 1
    outer loop
      vertex -33.435045716034885 27.17341336116494 10.5
      vertex -33 27.464101615137753 10.5
      vertex -33.5 28.33012701892219 10.5
    endloop
  endfacet
  facet normal 0 0 1
    outer loop
      vertex -33 27.464101615137753 10.5
      vertex -32.53073372946036 27.695518130045148 10.5
      vertex -33.5 28.33012701892219 10.5
    endloop
  endfacet
  facet normal 0 0 1
    outer loop
      vertex -33.5 28.33012701892219 10.5
      vertex -32.53073372946036 27.695518130045148 10.5
      vertex -32.91341716182545 28.619397662556434 10.5
    endloop
  endfacet
  facet normal 0 0 1
    outer loop
      vertex -32.91341716182545 28.619397662556434 10.5
      vertex -32.53073372946036 27.695518130045148 10.5
      vertex -32.03527618041008 27.863703305156275 10.5
    endloop
  endfacet
  facet normal 0 0 1
    outer loop
      vertex -32.91341716182545 28.619397662556434 10.5
      vertex -32.03527618041008 27.863703305156275 10.5
      vertex -32.294095225512606 28.82962913144534 10.5
    endloop
  endfacet
  facet normal 0 0 1
    outer loop
      vertex -32.03527618041008 27.863703305156275 10.5
      vertex -31.522104768880205 27.96577944549524 10.5
      vertex -32.294095225512606 28.82962913144534 10.5
    endloop
  endfacet
  facet normal 0 0 1
    outer loop
      vertex -31.522104768880205 27.96577944549524 10.5
      vertex -31.652630961100257 28.95722430686905 10.5
      vertex -32.294095225512606 28.82962913144534 10.5
    endloop
  endfacet
  facet normal 0 0 1
    outer loop
      vertex -31.522104768880205 27.96577944549524 10.5
      vertex -31 28 10.5
      vertex -31.652630961100257 28.95722430686905 10.5
    endloop
  endfacet
  facet normal 0 0 1
    outer loop
      vertex -31.652630961100257 28.95722430686905 10.5
      vertex -31 28 10.5
      vertex -31 29 10.5
    endloop
  endfacet
  facet normal 0 1 0
    outer loop
      vertex -7 29 1.2999999999999998
      vertex -31 29 10.5
      vertex -7 29 8.3
    endloop
  endfacet
  facet normal 0 1 0
    outer loop
      vertex -31 29 10.5
      vertex 7 29 8.3
      vertex -7 29 8.3
    endloop
  endfacet
  facet normal 0 0 1
    outer loop
      vertex -31 28 10.5
      vertex 31 28 10.5
      vertex -31 29 10.5
    endloop
  endfacet
  facet normal 0 0 -1
    outer loop
      vertex -5.304420953776042 5.006844110900952 0
      vertex -5.2 5 0
      vertex 31 -29 0
    endloop
  endfacet
  facet normal 0 0 -1
    outer loop
      vertex -5.2 5 0
      vertex -4.8 5 0
      vertex 31 -29 0
    endloop
  endfacet
  facet normal 0 0 -1
    outer loop
      vertex -4.8 5 0
      vertex -4.695579046223958 5.006844110900952 0
      vertex 31 -29 0
    endloop
  endfacet
  facet normal 0 0 -1
    outer loop
      vertex -4.695579046223958 5.006844110900952 0
      vertex -4.592944763917983 5.027259338968745 0
      vertex 31 -29 0
    endloop
  endfacet
  facet normal 0 0 -1
    outer loop
      vertex -4.592944763917983 5.027259338968745 0
      vertex -4.493853254107928 5.06089637399097 0
      vertex 31 -29 0
    endloop
  endfacet
  facet normal 0 0 -1
    outer loop
      vertex -4.493853254107928 5.06089637399097 0
      vertex -4.4 5.107179676972449 0
      vertex 31 -29 0
    endloop
  endfacet
  facet normal 0 0 -1
    outer loop
      vertex -4.4 5.107179676972449 0
      vertex -4.312990856793023 5.165317327767012 0
      vertex 31 -29 0
    endloop
  endfacet
  facet normal 0 0 -1
    outer loop
      vertex -4.312990856793023 5.165317327767012 0
      vertex -4.234314575050762 5.234314575050762 0
      vertex 31 -29 0
    endloop
  endfacet
  facet normal 0 0 -1
    outer loop
      vertex -4.234314575050762 5.234314575050762 0
      vertex -4.165317327767012 5.312990856793023 0
      vertex 31 -29 0
    endloop
  endfacet
  facet normal 0 0 -1
    outer loop
      vertex -4.165317327767012 5.312990856793023 0
      vertex -4.107179676972449 5.3999999999999995 0
      vertex 31 -29 0
    endloop
  endfacet
  facet normal 0 0 -1
    outer loop
      vertex -4.107179676972449 5.3999999999999995 0
      vertex -0.7656854249492381 5.234314575050762 0
      vertex 31 -29 0
    endloop
  endfacet
  facet normal 0 0 -1
    outer loop
      vertex -0.6870091432069765 5.165317327767012 0
      vertex -0.6 5.107179676972449 0
      vertex 31 -29 0
    endloop
  endfacet
  facet normal 0 0 -1
    outer loop
      vertex -0.6 5.107179676972449 0
      vertex -0.5061467458920719 5.06089637399097 0
      vertex 31 -29 0
    endloop
  endfacet
  facet normal 0 0 -1
    outer loop
      vertex -0.6870091432069765 5.165317327767012 0
      vertex 31 -29 0
      vertex -0.7656854249492381 5.234314575050762 0
    endloop
  endfacet
  facet normal 0 0 -1
    outer loop
      vertex -0.5061467458920719 5.06089637399097 0
      vertex -0.40705523608201655 5.027259338968745 0
      vertex 31 -29 0
    endloop
  endfacet
  facet normal 0 0 -1
    outer loop
      vertex -0.40705523608201655 5.027259338968745 0
      vertex -0.3044209537760412 5.006844110900952 0
      vertex 31 -29 0
    endloop
  endfacet
  facet normal 0 0 -1
    outer loop
      vertex -0.3044209537760412 5.006844110900952 0
      vertex -0.19999999999999996 5 0
      vertex 31 -29 0
    endloop
  endfacet
  facet normal 0 0 -1
    outer loop
      vertex -0.19999999999999996 5 0
      vertex 0.19999999999999996 5 0
      vertex 31 -29 0
    endloop
  endfacet
  facet normal 0 0 -1
    outer loop
      vertex 31 -29 0
      vertex 0.19999999999999996 5 0
      vertex 0.3044209537760412 5.006844110900952 0
    endloop
  endfacet
  facet normal 0 0 -1
    outer loop
      vertex 31 -29 0
      vertex 0.3044209537760412 5.006844110900952 0
      vertex 0.40705523608201655 5.027259338968745 0
    endloop
  endfacet
  facet normal 0 0 -1
    outer loop
      vertex 31 -29 0
      vertex 0.40705523608201655 5.027259338968745 0
      vertex 0.5061467458920719 5.06089637399097 0
    endloop
  endfacet
  facet normal 0 0 -1
    outer loop
      vertex 31 -29 0
      vertex 0.5061467458920719 5.06089637399097 0
      vertex 0.6 5.107179676972449 0
    endloop
  endfacet
  facet normal 0 0 -1
    outer loop
      vertex 31 -29 0
      vertex 0.6 5.107179676972449 0
      vertex 0.6870091432069765 5.165317327767012 0
    endloop
  endfacet
  facet normal 0 0 -1
    outer loop
      vertex 31 -29 0
      vertex 0.6870091432069765 5.165317327767012 0
      vertex 0.7656854249492381 5.234314575050762 0
    endloop
  endfacet
  facet normal 0 0 -1
    outer loop
      vertex 31 -29 0
      vertex 0.7656854249492381 5.234314575050762 0
      vertex 4.234314575050762 5.234314575050762 0
    endloop
  endfacet
  facet normal 0 0 -1
    outer loop
      vertex 31 -29 0
      vertex 4.234314575050762 5.234314575050762 0
      vertex 4.312990856793023 5.165317327767012 0
    endloop
  endfacet
  facet normal 0 0 -1
    outer loop
      vertex 31 -29 0
      vertex 4.312990856793023 5.165317327767012 0
      vertex 4.4 5.107179676972449 0
    endloop
  endfacet
  facet normal 0 0 -1
    outer loop
      vertex 31 -29 0
      vertex 4.4 5.107179676972449 0
      vertex 4.493853254107928 5.06089637399097 0
    endloop
  endfacet
  facet normal 0 0 -1
    outer loop
      vertex 31 -29 0
      vertex 4.493853254107928 5.06089637399097 0
      vertex 4.592944763917983 5.027259338968745 0
    endloop
  endfacet
  facet normal 0 0 -1
    outer loop
      vertex 31 -29 0
      vertex 4.592944763917983 5.027259338968745 0
      vertex 4.695579046223958 5.006844110900952 0
    endloop
  endfacet
  facet normal 0 0 -1
    outer loop
      vertex 31 -29 0
      vertex 4.695579046223958 5.006844110900952 0
      vertex 4.8 5 0
    endloop
  endfacet
  facet normal 0 0 -1
    outer loop
      vertex 31 -29 0
      vertex 4.8 5 0
      vertex 5.2 5 0
    endloop
  endfacet
  facet normal 0 0 -1
    outer loop
      vertex 31 -29 0
      vertex 5.2 5 0
      vertex 5.304420953776042 5.006844110900952 0
    endloop
  endfacet
  facet normal 0 0 -1
    outer loop
      vertex 31 -29 0
      vertex 5.304420953776042 5.006844110900952 0
      vertex 5.407055236082017 5.027259338968745 0
    endloop
  endfacet
  facet normal 0 0 -1
    outer loop
      vertex 31 -29 0
      vertex 5.407055236082017 5.027259338968745 0
      vertex 5.506146745892072 5.06089637399097 0
    endloop
  endfacet
  facet normal 0 0 -1
    outer loop
      vertex 31 -29 0
      vertex 5.506146745892072 5.06089637399097 0
      vertex 5.6 5.107179676972449 0
    endloop
  endfacet
  facet normal 0 0 -1
    outer loop
      vertex 31 -29 0
      vertex 5.6 5.107179676972449 0
      vertex 5.687009143206977 5.165317327767012 0
    endloop
  endfacet
  facet normal 0 0 -1
    outer loop
      vertex 31 -29 0
      vertex 5.687009143206977 5.165317327767012 0
      vertex 5.765685424949238 5.234314575050762 0
    endloop
  endfacet
  facet normal 0 0 -1
    outer loop
      vertex 31 -29 0
      vertex 5.765685424949238 5.234314575050762 0
      vertex 9.234314575050762 5.234314575050762 0
    endloop
  endfacet
  facet normal 0 0 -1
    outer loop
      vertex 31 -29 0
      vertex 9.312990856793023 5.165317327767012 0
      vertex 9.4 5.107179676972449 0
    endloop
  endfacet
  facet normal 0 0 -1
    outer loop
      vertex 31 -29 0
      vertex 9.234314575050762 5.234314575050762 0
      vertex 9.312990856793023 5.165317327767012 0
    endloop
  endfacet
  facet normal 0 0 -1
    outer loop
      vertex 31 -29 0
      vertex 9.4 5.107179676972449 0
      vertex 9.493853254107929 5.06089637399097 0
    endloop
  endfacet
  facet normal 0 0 -1
    outer loop
      vertex 31 -29 0
      vertex 9.493853254107929 5.06089637399097 0
      vertex 9.592944763917984 5.027259338968745 0
    endloop
  endfacet
  facet normal 0 0 -1
    outer loop
      vertex 31 -29 0
      vertex 9.592944763917984 5.027259338968745 0
      vertex 9.695579046223958 5.006844110900952 0
    endloop
  endfacet
  facet normal 0 0 -1
    outer loop
      vertex 31 -29 0
      vertex 9.695579046223958 5.006844110900952 0
      vertex 9.8 5 0
    endloop
  endfacet
  facet normal 0 0 -1
    outer loop
      vertex 31 -29 0
      vertex 9.8 5 0
      vertex 10.2 5 0
    endloop
  endfacet
  facet normal 0 0 -1
    outer loop
      vertex 31 -29 0
      vertex 10.2 5 0
      vertex 10.304420953776042 5.006844110900952 0
    endloop
  endfacet
  facet normal 0 0 -1
    outer loop
      vertex 31 -29 0
      vertex 10.304420953776042 5.006844110900952 0
      vertex 10.407055236082016 5.027259338968745 0
    endloop
  endfacet
  facet normal 0 0 -1
    outer loop
      vertex 31 -29 0
      vertex 10.407055236082016 5.027259338968745 0
      vertex 10.506146745892071 5.06089637399097 0
    endloop
  endfacet
  facet normal 0 0 -1
    outer loop
      vertex 31 -29 0
      vertex 10.506146745892071 5.06089637399097 0
      vertex 10.6 5.107179676972449 0
    endloop
  endfacet
  facet normal 0 0 -1
    outer loop
      vertex 31 -29 0
      vertex 10.6 5.107179676972449 0
      vertex 10.687009143206977 5.165317327767012 0
    endloop
  endfacet
  facet normal 0 0 -1
    outer loop
      vertex 31 -29 0
      vertex 10.687009143206977 5.165317327767012 0
      vertex 10.765685424949238 5.234314575050762 0
    endloop
  endfacet
  facet normal 0 0 -1
    outer loop
      vertex 31 -29 0
      vertex 10.765685424949238 5.234314575050762 0
      vertex 10.834682672232988 5.312990856793023 0
    endloop
  endfacet
  facet normal 0 0 -1
    outer loop
      vertex 31 -29 0
      vertex 10.834682672232988 5.312990856793023 0
      vertex 10.89282032302755 5.3999999999999995 0
    endloop
  endfacet
  facet normal 0 0 -1
    outer loop
      vertex 31 -29 0
      vertex 10.89282032302755 5.3999999999999995 0
      vertex 10.939103626009029 5.493853254107928 0
    endloop
  endfacet
  facet normal 0.06540312923014452 -0.9978589232386034 0
    outer loop
      vertex 31 -29 0
      vertex 31.652630961100257 -28.95722430686905 0
      vertex 31 -29 10.5
    endloop
  endfacet
  facet normal 0.1950903220161273 -0.9807852804032307 0
    outer loop
      vertex 31.652630961100257 -28.95722430686905 0
      vertex 32.294095225512606 -28.82962913144534 0
      vertex 31.652630961100257 -28.95722430686905 10.5
    endloop
  endfacet
  facet normal 0.3214394653031609 -0.9469301294951059 0
    outer loop
      vertex 32.294095225512606 -28.82962913144534 0
      vertex 32.91341716182545 -28.619397662556434 0
      vertex 32.294095225512606 -28.82962913144534 10.5
    endloop
  endfacet
  facet normal 0.44228869021900485 -0.8968727415326866 0
    outer loop
      vertex 32.91341716182545 -28.619397662556434 0
      vertex 33.5 -28.33012701892219 0
      vertex 32.91341716182545 -28.619397662556434 10.5
    endloop
  endfacet
  facet normal 0.5555702330196005 -0.8314696123025463 0
    outer loop
      vertex 33.5 -28.33012701892219 0
      vertex 34.0438071450436 -27.966766701456176 0
      vertex 33.5 -28.33012701892219 10.5
    endloop
  endfacet
  facet normal 0.6593458151000677 -0.7518398074789784 0
    outer loop
      vertex 34.0438071450436 -27.966766701456176 0
      vertex 34.53553390593274 -27.535533905932738 0
      vertex 34.0438071450436 -27.966766701456176 10.5
    endloop
  endfacet
  facet normal 0.751839807478981 -0.6593458151000647 0
    outer loop
      vertex 34.53553390593274 -27.535533905932738 0
      vertex 34.96676670145617 -27.0438071450436 0
      vertex 34.53553390593274 -27.535533905932738 10.5
    endloop
  endfacet
  facet normal 0.8314696123025439 -0.5555702330196043 0
    outer loop
      vertex 34.96676670145617 -27.0438071450436 0
      vertex 35.33012701892219 -26.5 0
      vertex 34.96676670145617 -27.0438071450436 10.5
    endloop
  endfacet
  facet normal 0.8968727415326844 -0.4422886902190092 0
    outer loop
      vertex 35.33012701892219 -26.5 0
      vertex 35.61939766255644 -25.91341716182545 0
      vertex 35.33012701892219 -26.5 10.5
    endloop
  endfacet
  facet normal 0.9469301294951065 -0.32143946530315926 0
    outer loop
      vertex 35.61939766255644 -25.91341716182545 0
      vertex 35.829629131445344 -25.294095225512603 0
      vertex 35.61939766255644 -25.91341716182545 10.5
    endloop
  endfacet
  facet normal 0.9807852804032314 -0.1950903220161231 0
    outer loop
      vertex 35.829629131445344 -25.294095225512603 0
      vertex 35.95722430686905 -24.652630961100257 0
      vertex 35.829629131445344 -25.294095225512603 10.5
    endloop
  endfacet
  facet normal 0.9978589232386034 -0.06540312923014452 0
    outer loop
      vertex 35.95722430686905 -24.652630961100257 0
      vertex 36 -24 0
      vertex 35.95722430686905 -24.652630961100257 10.5
    endloop
  endfacet
  facet normal 0 0 -1
    outer loop
      vertex 31 -29 0
      vertex 31 29 0
      vertex 31.652630961100257 -28.95722430686905 0
    endloop
  endfacet
  facet normal 0 0 -1
    outer loop
      vertex 31.652630961100257 -28.95722430686905 0
      vertex 31.652630961100257 28.95722430686905 0
      vertex 32.294095225512606 -28.82962913144534 0
    endloop
  endfacet
  facet normal 0 0 -1
    outer loop
      vertex 32.294095225512606 -28.82962913144534 0
      vertex 32.294095225512606 28.82962913144534 0
      vertex 32.91341716182545 -28.619397662556434 0
    endloop
  endfacet
  facet normal 0 0 -1
    outer loop
      vertex 32.91341716182545 -28.619397662556434 0
      vertex 32.91341716182545 28.619397662556434 0
      vertex 33.5 -28.33012701892219 0
    endloop
  endfacet
  facet normal 0 0 -1
    outer loop
      vertex 33.5 -28.33012701892219 0
      vertex 33.5 28.33012701892219 0
      vertex 34.0438071450436 -27.966766701456176 0
    endloop
  endfacet
  facet normal 0 0 -1
    outer loop
      vertex 34.0438071450436 -27.966766701456176 0
      vertex 34.0438071450436 27.966766701456176 0
      vertex 34.53553390593274 -27.535533905932738 0
    endloop
  endfacet
  facet normal 0 0 -1
    outer loop
      vertex 34.53553390593274 -27.535533905932738 0
      vertex 34.53553390593274 27.535533905932738 0
      vertex 34.96676670145617 -27.0438071450436 0
    endloop
  endfacet
  facet normal 0 0 -1
    outer loop
      vertex 34.96676670145617 -27.0438071450436 0
      vertex 34.96676670145617 27.0438071450436 0
      vertex 35.33012701892219 -26.5 0
    endloop
  endfacet
  facet normal 0 0 -1
    outer loop
      vertex 35.33012701892219 -26.5 0
      vertex 35.33012701892219 26.5 0
      vertex 35.61939766255644 -25.91341716182545 0
    endloop
  endfacet
  facet normal 0 0 -1
    outer loop
      vertex 35.61939766255644 -25.91341716182545 0
      vertex 35.61939766255644 25.91341716182545 0
      vertex 35.829629131445344 -25.294095225512603 0
    endloop
  endfacet
  facet normal 0 0 -1
    outer loop
      vertex 35.829629131445344 -25.294095225512603 0
      vertex 35.829629131445344 25.294095225512603 0
      vertex 35.95722430686905 -24.652630961100257 0
    endloop
  endfacet
  facet normal 0 0 -1
    outer loop
      vertex 35.95722430686905 -24.652630961100257 0
      vertex 35.95722430686905 24.652630961100257 0
      vertex 36 -24 0
    endloop
  endfacet
  facet normal 1 0 0
    outer loop
      vertex 36 -24 0
      vertex 36 24 0
      vertex 36 -0.5 3.3
    endloop
  endfacet
  facet normal 1 0 0
    outer loop
      vertex 36 -24 0
      vertex 36 -0.5 3.3
      vertex 36 -0.5 8.3
    endloop
  endfacet
  facet normal 0 -1 0
    outer loop
      vertex -31 -29 10.5
      vertex 31 -29 0
      vertex 31 -29 10.5
    endloop
  endfacet
  facet normal 0 0 1
    outer loop
      vertex -31 -28 10.5
      vertex 31 -29 10.5
      vertex 31 -28 10.5
    endloop
  endfacet
  facet normal 0.06540312923014452 -0.9978589232386034 0
    outer loop
      vertex 31.652630961100257 -28.95722430686905 0
      vertex 31.652630961100257 -28.95722430686905 10.5
      vertex 31 -29 10.5
    endloop
  endfacet
  facet normal 0.1950903220161273 -0.9807852804032307 0
    outer loop
      vertex 32.294095225512606 -28.82962913144534 0
      vertex 32.294095225512606 -28.82962913144534 10.5
      vertex 31.652630961100257 -28.95722430686905 10.5
    endloop
  endfacet
  facet normal 0.3214394653031609 -0.9469301294951059 0
    outer loop
      vertex 32.91341716182545 -28.619397662556434 0
      vertex 32.91341716182545 -28.619397662556434 10.5
      vertex 32.294095225512606 -28.82962913144534 10.5
    endloop
  endfacet
  facet normal 0.44228869021900485 -0.8968727415326866 0
    outer loop
      vertex 33.5 -28.33012701892219 0
      vertex 33.5 -28.33012701892219 10.5
      vertex 32.91341716182545 -28.619397662556434 10.5
    endloop
  endfacet
  facet normal 0.5555702330196005 -0.8314696123025463 0
    outer loop
      vertex 34.0438071450436 -27.966766701456176 0
      vertex 34.0438071450436 -27.966766701456176 10.5
      vertex 33.5 -28.33012701892219 10.5
    endloop
  endfacet
  facet normal 0.6593458151000677 -0.7518398074789784 0
    outer loop
      vertex 34.53553390593274 -27.535533905932738 0
      vertex 34.53553390593274 -27.535533905932738 10.5
      vertex 34.0438071450436 -27.966766701456176 10.5
    endloop
  endfacet
  facet normal 0.751839807478981 -0.6593458151000647 0
    outer loop
      vertex 34.96676670145617 -27.0438071450436 0
      vertex 34.96676670145617 -27.0438071450436 10.5
      vertex 34.53553390593274 -27.535533905932738 10.5
    endloop
  endfacet
  facet normal 0.8314696123025439 -0.5555702330196043 0
    outer loop
      vertex 35.33012701892219 -26.5 0
      vertex 35.33012701892219 -26.5 10.5
      vertex 34.96676670145617 -27.0438071450436 10.5
    endloop
  endfacet
  facet normal 0.8968727415326844 -0.4422886902190092 0
    outer loop
      vertex 35.61939766255644 -25.91341716182545 0
      vertex 35.61939766255644 -25.91341716182545 10.5
      vertex 35.33012701892219 -26.5 10.5
    endloop
  endfacet
  facet normal 0.9469301294951065 -0.32143946530315926 0
    outer loop
      vertex 35.829629131445344 -25.294095225512603 0
      vertex 35.829629131445344 -25.294095225512603 10.5
      vertex 35.61939766255644 -25.91341716182545 10.5
    endloop
  endfacet
  facet normal 0.9807852804032314 -0.1950903220161231 0
    outer loop
      vertex 35.95722430686905 -24.652630961100257 0
      vertex 35.95722430686905 -24.652630961100257 10.5
      vertex 35.829629131445344 -25.294095225512603 10.5
    endloop
  endfacet
  facet normal 0.9978589232386034 -0.06540312923014452 0
    outer loop
      vertex 36 -24 0
      vertex 36 -24 10.5
      vertex 35.95722430686905 -24.652630961100257 10.5
    endloop
  endfacet
  facet normal 1 0 0
    outer loop
      vertex 36 -24 0
      vertex 36 -0.5 8.3
      vertex 36 -24 10.5
    endloop
  endfacet
  facet normal 0 0 1
    outer loop
      vertex 31 -29 10.5
      vertex 31.652630961100257 -28.95722430686905 10.5
      vertex 31 -28 10.5
    endloop
  endfacet
  facet normal 0 0 1
    outer loop
      vertex 31 -28 10.5
      vertex 31.652630961100257 -28.95722430686905 10.5
      vertex 31.522104768880205 -27.96577944549524 10.5
    endloop
  endfacet
  facet normal 0 0 1
    outer loop
      vertex 31.652630961100257 -28.95722430686905 10.5
      vertex 32.294095225512606 -28.82962913144534 10.5
      vertex 31.522104768880205 -27.96577944549524 10.5
    endloop
  endfacet
  facet normal 0 0 1
    outer loop
      vertex 32.294095225512606 -28.82962913144534 10.5
      vertex 32.03527618041008 -27.863703305156275 10.5
      vertex 31.522104768880205 -27.96577944549524 10.5
    endloop
  endfacet
  facet normal 0 0 1
    outer loop
      vertex 32.294095225512606 -28.82962913144534 10.5
      vertex 32.91341716182545 -28.619397662556434 10.5
      vertex 32.03527618041008 -27.863703305156275 10.5
    endloop
  endfacet
  facet normal 0 0 1
    outer loop
      vertex 32.03527618041008 -27.863703305156275 10.5
      vertex 32.91341716182545 -28.619397662556434 10.5
      vertex 32.53073372946036 -27.695518130045148 10.5
    endloop
  endfacet
  facet normal 0 0 1
    outer loop
      vertex 32.53073372946036 -27.695518130045148 10.5
      vertex 32.91341716182545 -28.619397662556434 10.5
      vertex 33.5 -28.33012701892219 10.5
    endloop
  endfacet
  facet normal 0 0 1
    outer loop
      vertex 32.53073372946036 -27.695518130045148 10.5
      vertex 33.5 -28.33012701892219 10.5
      vertex 33 -27.464101615137753 10.5
    endloop
  endfacet
  facet normal 0 0 1
    outer loop
      vertex 33.5 -28.33012701892219 10.5
      vertex 33.435045716034885 -27.17341336116494 10.5
      vertex 33 -27.464101615137753 10.5
    endloop
  endfacet
  facet normal 0 0 1
    outer loop
      vertex 33.5 -28.33012701892219 10.5
      vertex 34.0438071450436 -27.966766701456176 10.5
      vertex 33.435045716034885 -27.17341336116494 10.5
    endloop
  endfacet
  facet normal 0 0 1
    outer loop
      vertex 33.435045716034885 -27.17341336116494 10.5
      vertex 34.0438071450436 -27.966766701456176 10.5
      vertex 33.82842712474619 -26.82842712474619 10.5
    endloop
  endfacet
  facet normal 0 0 1
    outer loop
      vertex 34.0438071450436 -27.966766701456176 10.5
      vertex 34.53553390593274 -27.535533905932738 10.5
      vertex 33.82842712474619 -26.82842712474619 10.5
    endloop
  endfacet
  facet normal 0 0 1
    outer loop
      vertex 34.53553390593274 -27.535533905932738 10.5
      vertex 34.17341336116494 -26.43504571603488 10.5
      vertex 33.82842712474619 -26.82842712474619 10.5
    endloop
  endfacet
  facet normal 0 0 1
    outer loop
      vertex 34.53553390593274 -27.535533905932738 10.5
      vertex 34.96676670145617 -27.0438071450436 10.5
      vertex 34.46410161513776 -26 10.5
    endloop
  endfacet
  facet normal 0 0 1
    outer loop
      vertex 34.53553390593274 -27.535533905932738 10.5
      vertex 34.46410161513776 -26 10.5
      vertex 34.17341336116494 -26.43504571603488 10.5
    endloop
  endfacet
  facet normal 0 0 1
    outer loop
      vertex 34.46410161513776 -26 10.5
      vertex 34.96676670145617 -27.0438071450436 10.5
      vertex 34.695518130045144 -25.53073372946036 10.5
    endloop
  endfacet
  facet normal 0 0 1
    outer loop
      vertex 34.695518130045144 -25.53073372946036 10.5
      vertex 34.96676670145617 -27.0438071450436 10.5
      vertex 34.86370330515627 -25.035276180410083 10.5
    endloop
  endfacet
  facet normal 0 0 1
    outer loop
      vertex 34.96676670145617 -27.0438071450436 10.5
      vertex 35.33012701892219 -26.5 10.5
      vertex 34.965779445495244 -24.522104768880205 10.5
    endloop
  endfacet
  facet normal 0 0 1
    outer loop
      vertex 34.96676670145617 -27.0438071450436 10.5
      vertex 34.965779445495244 -24.522104768880205 10.5
      vertex 34.86370330515627 -25.035276180410083 10.5
    endloop
  endfacet
  facet normal 0 0 1
    outer loop
      vertex 35.33012701892219 -26.5 10.5
      vertex 35 -24 10.5
      vertex 34.965779445495244 -24.522104768880205 10.5
    endloop
  endfacet
  facet normal 0 0 1
    outer loop
      vertex 35.33012701892219 -26.5 10.5
      vertex 35 24 10.5
      vertex 35 -24 10.5
    endloop
  endfacet
  facet normal 0 0 1
    outer loop
      vertex 35.33012701892219 -26.5 10.5
      vertex 35.61939766255644 -25.91341716182545 10.5
      vertex 35.33012701892219 26.5 10.5
    endloop
  endfacet
  facet normal 0 0 1
    outer loop
      vertex 35.61939766255644 -25.91341716182545 10.5
      vertex 35.829629131445344 -25.294095225512603 10.5
      vertex 35.61939766255644 25.91341716182545 10.5
    endloop
  endfacet
  facet normal 0 0 1
    outer loop
      vertex 35.829629131445344 -25.294095225512603 10.5
      vertex 35.95722430686905 -24.652630961100257 10.5
      vertex 35.829629131445344 25.294095225512603 10.5
    endloop
  endfacet
  facet normal 0 0 1
    outer loop
      vertex 35.95722430686905 -24.652630961100257 10.5
      vertex 36 -24 10.5
      vertex 35.95722430686905 24.652630961100257 10.5
    endloop
  endfacet
  facet normal 1 0 0
    outer loop
      vertex 36 -24 10.5
      vertex 36 -0.5 8.3
      vertex 36 24 10.5
    endloop
  endfacet
  facet normal 0 0 -1
    outer loop
      vertex 0.7656854249492381 5.234314575050762 0
      vertex 0.8346826722329881 5.312990856793023 0
      vertex 4.234314575050762 5.234314575050762 0
    endloop
  endfacet
  facet normal 0 0 -1
    outer loop
      vertex 0.8346826722329881 5.312990856793023 0
      vertex 0.8928203230275509 5.3999999999999995 0
      vertex 4.165317327767012 5.312990856793023 0
    endloop
  endfacet
  facet normal 0 0 -1
    outer loop
      vertex 0.8928203230275509 5.3999999999999995 0
      vertex 0.9391036260090294 5.493853254107928 0
      vertex 4.107179676972449 5.3999999999999995 0
    endloop
  endfacet
  facet normal 0 0 -1
    outer loop
      vertex 0.9391036260090294 5.493853254107928 0
      vertex 0.9727406610312547 5.592944763917983 0
      vertex 4.06089637399097 5.493853254107928 0
    endloop
  endfacet
  facet normal 0 0 -1
    outer loop
      vertex 0.9727406610312547 5.592944763917983 0
      vertex 0.9931558890990483 5.695579046223958 0
      vertex 4.027259338968745 5.592944763917983 0
    endloop
  endfacet
  facet normal 0 0 -1
    outer loop
      vertex 0.9931558890990483 5.695579046223958 0
      vertex 1 5.8 0
      vertex 4.006844110900952 5.695579046223958 0
    endloop
  endfacet
  facet normal 0 0 -1
    outer loop
      vertex 0.8346826722329881 5.312990856793023 0
      vertex 4.165317327767012 5.312990856793023 0
      vertex 4.234314575050762 5.234314575050762 0
    endloop
  endfacet
  facet normal 0 0 -1
    outer loop
      vertex 0.8928203230275509 5.3999999999999995 0
      vertex 4.107179676972449 5.3999999999999995 0
      vertex 4.165317327767012 5.312990856793023 0
    endloop
  endfacet
  facet normal 0 0 -1
    outer loop
      vertex 0.9391036260090294 5.493853254107928 0
      vertex 4.06089637399097 5.493853254107928 0
      vertex 4.107179676972449 5.3999999999999995 0
    endloop
  endfacet
  facet normal 0 0 -1
    outer loop
      vertex 0.9727406610312547 5.592944763917983 0
      vertex 4.027259338968745 5.592944763917983 0
      vertex 4.06089637399097 5.493853254107928 0
    endloop
  endfacet
  facet normal 0 0 -1
    outer loop
      vertex 0.9931558890990483 5.695579046223958 0
      vertex 4.006844110900952 5.695579046223958 0
      vertex 4.027259338968745 5.592944763917983 0
    endloop
  endfacet
  facet normal 0 0 -1
    outer loop
      vertex 1 5.8 0
      vertex 4 5.8 0
      vertex 4.006844110900952 5.695579046223958 0
    endloop
  endfacet
  facet normal 0 0 -1
    outer loop
      vertex 5.765685424949238 5.234314575050762 0
      vertex 5.834682672232988 5.312990856793023 0
      vertex 9.234314575050762 5.234314575050762 0
    endloop
  endfacet
  facet normal 0 0 -1
    outer loop
      vertex 5.834682672232988 5.312990856793023 0
      vertex 5.892820323027551 5.3999999999999995 0
      vertex 9.165317327767012 5.312990856793023 0
    endloop
  endfacet
  facet normal 0 0 -1
    outer loop
      vertex 5.892820323027551 5.3999999999999995 0
      vertex 5.93910362600903 5.493853254107928 0
      vertex 9.10717967697245 5.3999999999999995 0
    endloop
  endfacet
  facet normal 0 0 -1
    outer loop
      vertex 5.834682672232988 5.312990856793023 0
      vertex 9.165317327767012 5.312990856793023 0
      vertex 9.234314575050762 5.234314575050762 0
    endloop
  endfacet
  facet normal 0 0 -1
    outer loop
      vertex 5.892820323027551 5.3999999999999995 0
      vertex 9.10717967697245 5.3999999999999995 0
      vertex 9.165317327767012 5.312990856793023 0
    endloop
  endfacet
  facet normal 0 0 -1
    outer loop
      vertex 5.93910362600903 5.493853254107928 0
      vertex 5.972740661031255 5.592944763917983 0
      vertex 9.060896373990971 5.493853254107928 0
    endloop
  endfacet
  facet normal 0 0 -1
    outer loop
      vertex 5.972740661031255 5.592944763917983 0
      vertex 5.993155889099048 5.695579046223958 0
      vertex 9.027259338968745 5.592944763917983 0
    endloop
  endfacet
  facet normal 0 0 -1
    outer loop
      vertex 5.993155889099048 5.695579046223958 0
      vertex 6 5.8 0
      vertex 9.006844110900952 5.695579046223958 0
    endloop
  endfacet
  facet normal 0 0 -1
    outer loop
      vertex 5.993155889099048 5.695579046223958 0
      vertex 9.006844110900952 5.695579046223958 0
      vertex 9.027259338968745 5.592944763917983 0
    endloop
  endfacet
  facet normal 0 0 -1
    outer loop
      vertex 5.93910362600903 5.493853254107928 0
      vertex 9.060896373990971 5.493853254107928 0
      vertex 9.10717967697245 5.3999999999999995 0
    endloop
  endfacet
  facet normal 0 0 -1
    outer loop
      vertex 5.972740661031255 5.592944763917983 0
      vertex 9.027259338968745 5.592944763917983 0
      vertex 9.060896373990971 5.493853254107928 0
    endloop
  endfacet
  facet normal 0 0 -1
    outer loop
      vertex 6 5.8 0
      vertex 9 5.8 0
      vertex 9.006844110900952 5.695579046223958 0
    endloop
  endfacet
  facet normal 0 0 -1
    outer loop
      vertex 1 5.8 0
      vertex 1 20.2 0
      vertex 4 5.8 0
    endloop
  endfacet
  facet normal 0 0 -1
    outer loop
      vertex 6 5.8 0
      vertex 6 20.2 0
      vertex 9 5.8 0
    endloop
  endfacet
  facet normal 0 0 -1
    outer loop
      vertex 10.939103626009029 5.493853254107928 0
      vertex 10.972740661031255 5.592944763917983 0
      vertex 31 29 0
    endloop
  endfacet
  facet normal 0 0 -1
    outer loop
      vertex 10.972740661031255 5.592944763917983 0
      vertex 10.993155889099048 5.695579046223958 0
      vertex 31 29 0
    endloop
  endfacet
  facet normal 0 0 -1
    outer loop
      vertex 10.993155889099048 5.695579046223958 0
      vertex 11 5.8 0
      vertex 31 29 0
    endloop
  endfacet
  facet normal 0 0 -1
    outer loop
      vertex 4 5.8 0
      vertex 1 20.2 0
      vertex 4 20.2 0
    endloop
  endfacet
  facet normal 0 0 -1
    outer loop
      vertex 1 20.2 0
      vertex 0.9931558890990483 20.30442095377604 0
      vertex 4 20.2 0
    endloop
  endfacet
  facet normal 0 0 -1
    outer loop
      vertex 0.9931558890990483 20.30442095377604 0
      vertex 0.9727406610312547 20.407055236082016 0
      vertex 4.006844110900952 20.30442095377604 0
    endloop
  endfacet
  facet normal 0 0 -1
    outer loop
      vertex 0.8928203230275509 20.6 0
      vertex 4.06089637399097 20.50614674589207 0
      vertex 0.9391036260090294 20.50614674589207 0
    endloop
  endfacet
  facet normal 0 0 -1
    outer loop
      vertex 0.8346826722329881 20.68700914320698 0
      vertex 4.107179676972449 20.6 0
      vertex 0.8928203230275509 20.6 0
    endloop
  endfacet
  facet normal 0 0 -1
    outer loop
      vertex 0.8346826722329881 20.68700914320698 0
      vertex 0.7656854249492381 20.76568542494924 0
      vertex 4.165317327767012 20.68700914320698 0
    endloop
  endfacet
  facet normal 0 0 -1
    outer loop
      vertex 0.6870091432069765 20.834682672232987 0
      vertex 4.234314575050762 20.76568542494924 0
      vertex 0.7656854249492381 20.76568542494924 0
    endloop
  endfacet
  facet normal 0 0 -1
    outer loop
      vertex 0.9727406610312547 20.407055236082016 0
      vertex 0.9391036260090294 20.50614674589207 0
      vertex 4.027259338968745 20.407055236082016 0
    endloop
  endfacet
  facet normal 0 0 -1
    outer loop
      vertex 0.40705523608201655 20.972740661031253 0
      vertex 4.493853254107928 20.93910362600903 0
      vertex 0.5061467458920719 20.93910362600903 0
    endloop
  endfacet
  facet normal 0 0 -1
    outer loop
      vertex 0.6870091432069765 20.834682672232987 0
      vertex 0.6 20.89282032302755 0
      vertex 4.312990856793023 20.834682672232987 0
    endloop
  endfacet
  facet normal 0 0 -1
    outer loop
      vertex 0.5061467458920719 20.93910362600903 0
      vertex 4.4 20.89282032302755 0
      vertex 0.6 20.89282032302755 0
    endloop
  endfacet
  facet normal 0 0 -1
    outer loop
      vertex 0.9931558890990483 20.30442095377604 0
      vertex 4.006844110900952 20.30442095377604 0
      vertex 4 20.2 0
    endloop
  endfacet
  facet normal 0 0 -1
    outer loop
      vertex 0.9727406610312547 20.407055236082016 0
      vertex 4.027259338968745 20.407055236082016 0
      vertex 4.006844110900952 20.30442095377604 0
    endloop
  endfacet
  facet normal 0 0 -1
    outer loop
      vertex 0.9391036260090294 20.50614674589207 0
      vertex 4.06089637399097 20.50614674589207 0
      vertex 4.027259338968745 20.407055236082016 0
    endloop
  endfacet
  facet normal 0 0 -1
    outer loop
      vertex 0.8928203230275509 20.6 0
      vertex 4.107179676972449 20.6 0
      vertex 4.06089637399097 20.50614674589207 0
    endloop
  endfacet
  facet normal 0 0 -1
    outer loop
      vertex 0.8346826722329881 20.68700914320698 0
      vertex 4.165317327767012 20.68700914320698 0
      vertex 4.107179676972449 20.6 0
    endloop
  endfacet
  facet normal 0 0 -1
    outer loop
      vertex 0.7656854249492381 20.76568542494924 0
      vertex 4.234314575050762 20.76568542494924 0
      vertex 4.165317327767012 20.68700914320698 0
    endloop
  endfacet
  facet normal 0 0 -1
    outer loop
      vertex 0.6870091432069765 20.834682672232987 0
      vertex 4.312990856793023 20.834682672232987 0
      vertex 4.234314575050762 20.76568542494924 0
    endloop
  endfacet
  facet normal 0 0 -1
    outer loop
      vertex 0.6 20.89282032302755 0
      vertex 4.4 20.89282032302755 0
      vertex 4.312990856793023 20.834682672232987 0
    endloop
  endfacet
  facet normal 0 0 -1
    outer loop
      vertex 0.5061467458920719 20.93910362600903 0
      vertex 4.493853254107928 20.93910362600903 0
      vertex 4.4 20.89282032302755 0
    endloop
  endfacet
  facet normal 0 0 -1
    outer loop
      vertex 0.40705523608201655 20.972740661031253 0
      vertex 4.592944763917983 20.972740661031253 0
      vertex 4.493853254107928 20.93910362600903 0
    endloop
  endfacet
  facet normal 0 0 -1
    outer loop
      vertex 9 5.8 0
      vertex 6 20.2 0
      vertex 9 20.2 0
    endloop
  endfacet
  facet normal 0 0 -1
    outer loop
      vertex 6 20.2 0
      vertex 5.993155889099048 20.30442095377604 0
      vertex 9 20.2 0
    endloop
  endfacet
  facet normal 0 0 -1
    outer loop
      vertex 5.993155889099048 20.30442095377604 0
      vertex 5.972740661031255 20.407055236082016 0
      vertex 9.006844110900952 20.30442095377604 0
    endloop
  endfacet
  facet normal 0 0 -1
    outer loop
      vertex 5.972740661031255 20.407055236082016 0
      vertex 5.93910362600903 20.50614674589207 0
      vertex 9.027259338968745 20.407055236082016 0
    endloop
  endfacet
  facet normal 0 0 -1
    outer loop
      vertex 5.892820323027551 20.6 0
      vertex 9.060896373990971 20.50614674589207 0
      vertex 5.93910362600903 20.50614674589207 0
    endloop
  endfacet
  facet normal 0 0 -1
    outer loop
      vertex 5.892820323027551 20.6 0
      vertex 5.834682672232988 20.68700914320698 0
      vertex 9.10717967697245 20.6 0
    endloop
  endfacet
  facet normal 0 0 -1
    outer loop
      vertex 5.834682672232988 20.68700914320698 0
      vertex 5.765685424949238 20.76568542494924 0
      vertex 9.165317327767012 20.68700914320698 0
    endloop
  endfacet
  facet normal 0 0 -1
    outer loop
      vertex 5.687009143206977 20.834682672232987 0
      vertex 9.234314575050762 20.76568542494924 0
      vertex 5.765685424949238 20.76568542494924 0
    endloop
  endfacet
  facet normal 0 0 -1
    outer loop
      vertex 5.407055236082017 20.972740661031253 0
      vertex 9.493853254107929 20.93910362600903 0
      vertex 5.506146745892072 20.93910362600903 0
    endloop
  endfacet
  facet normal 0 0 -1
    outer loop
      vertex 5.6 20.89282032302755 0
      vertex 9.312990856793023 20.834682672232987 0
      vertex 5.687009143206977 20.834682672232987 0
    endloop
  endfacet
  facet normal 0 0 -1
    outer loop
      vertex 5.506146745892072 20.93910362600903 0
      vertex 9.4 20.89282032302755 0
      vertex 5.6 20.89282032302755 0
    endloop
  endfacet
  facet normal 0 0 -1
    outer loop
      vertex 5.993155889099048 20.30442095377604 0
      vertex 9.006844110900952 20.30442095377604 0
      vertex 9 20.2 0
    endloop
  endfacet
  facet normal 0 0 -1
    outer loop
      vertex 5.972740661031255 20.407055236082016 0
      vertex 9.027259338968745 20.407055236082016 0
      vertex 9.006844110900952 20.30442095377604 0
    endloop
  endfacet
  facet normal 0 0 -1
    outer loop
      vertex 5.93910362600903 20.50614674589207 0
      vertex 9.060896373990971 20.50614674589207 0
      vertex 9.027259338968745 20.407055236082016 0
    endloop
  endfacet
  facet normal 0 0 -1
    outer loop
      vertex 5.892820323027551 20.6 0
      vertex 9.10717967697245 20.6 0
      vertex 9.060896373990971 20.50614674589207 0
    endloop
  endfacet
  facet normal 0 0 -1
    outer loop
      vertex 5.834682672232988 20.68700914320698 0
      vertex 9.165317327767012 20.68700914320698 0
      vertex 9.10717967697245 20.6 0
    endloop
  endfacet
  facet normal 0 0 -1
    outer loop
      vertex 5.765685424949238 20.76568542494924 0
      vertex 9.234314575050762 20.76568542494924 0
      vertex 9.165317327767012 20.68700914320698 0
    endloop
  endfacet
  facet normal 0 0 -1
    outer loop
      vertex 5.687009143206977 20.834682672232987 0
      vertex 9.312990856793023 20.834682672232987 0
      vertex 9.234314575050762 20.76568542494924 0
    endloop
  endfacet
  facet normal 0 0 -1
    outer loop
      vertex 5.6 20.89282032302755 0
      vertex 9.4 20.89282032302755 0
      vertex 9.312990856793023 20.834682672232987 0
    endloop
  endfacet
  facet normal 0 0 -1
    outer loop
      vertex 5.506146745892072 20.93910362600903 0
      vertex 9.493853254107929 20.93910362600903 0
      vertex 9.4 20.89282032302755 0
    endloop
  endfacet
  facet normal 0 0 -1
    outer loop
      vertex 5.407055236082017 20.972740661031253 0
      vertex 9.592944763917984 20.972740661031253 0
      vertex 9.493853254107929 20.93910362600903 0
    endloop
  endfacet
  facet normal 0 0 -1
    outer loop
      vertex -31 29 0
      vertex 31 29 0
      vertex 9.695579046223958 20.99315588909905 0
    endloop
  endfacet
  facet normal 0 0 -1
    outer loop
      vertex 11 5.8 0
      vertex 11 20.2 0
      vertex 31 29 0
    endloop
  endfacet
  facet normal 0 1 0
    outer loop
      vertex -7 29 1.2999999999999998
      vertex 7 29 1.2999999999999998
      vertex 31 29 0
    endloop
  endfacet
  facet normal 0 0 -1
    outer loop
      vertex 11 20.2 0
      vertex 10.993155889099048 20.30442095377604 0
      vertex 31 29 0
    endloop
  endfacet
  facet normal 0 0 -1
    outer loop
      vertex 10.939103626009029 20.50614674589207 0
      vertex 31 29 0
      vertex 10.972740661031255 20.407055236082016 0
    endloop
  endfacet
  facet normal 0 0 -1
    outer loop
      vertex 10.993155889099048 20.30442095377604 0
      vertex 10.972740661031255 20.407055236082016 0
      vertex 31 29 0
    endloop
  endfacet
  facet normal 0 0 -1
    outer loop
      vertex 10.89282032302755 20.6 0
      vertex 10.834682672232988 20.68700914320698 0
      vertex 31 29 0
    endloop
  endfacet
  facet normal 0 0 -1
    outer loop
      vertex 10.687009143206977 20.834682672232987 0
      vertex 31 29 0
      vertex 10.765685424949238 20.76568542494924 0
    endloop
  endfacet
  facet normal 0 0 -1
    outer loop
      vertex 10.765685424949238 20.76568542494924 0
      vertex 31 29 0
      vertex 10.834682672232988 20.68700914320698 0
    endloop
  endfacet
  facet normal 0 0 -1
    outer loop
      vertex 10.89282032302755 20.6 0
      vertex 31 29 0
      vertex 10.939103626009029 20.50614674589207 0
    endloop
  endfacet
  facet normal 0 0 -1
    outer loop
      vertex 9.695579046223958 20.99315588909905 0
      vertex 31 29 0
      vertex 9.8 21 0
    endloop
  endfacet
  facet normal 0 0 -1
    outer loop
      vertex 9.8 21 0
      vertex 31 29 0
      vertex 10.2 21 0
    endloop
  endfacet
  facet normal 0 0 -1
    outer loop
      vertex 10.2 21 0
      vertex 31 29 0
      vertex 10.304420953776042 20.99315588909905 0
    endloop
  endfacet
  facet normal 0 0 -1
    outer loop
      vertex 10.304420953776042 20.99315588909905 0
      vertex 31 29 0
      vertex 10.407055236082016 20.972740661031253 0
    endloop
  endfacet
  facet normal 0 0 -1
    outer loop
      vertex 10.506146745892071 20.93910362600903 0
      vertex 10.407055236082016 20.972740661031253 0
      vertex 31 29 0
    endloop
  endfacet
  facet normal 0 0 -1
    outer loop
      vertex 10.687009143206977 20.834682672232987 0
      vertex 10.6 20.89282032302755 0
      vertex 31 29 0
    endloop
  endfacet
  facet normal 0 0 -1
    outer loop
      vertex 10.506146745892071 20.93910362600903 0
      vertex 31 29 0
      vertex 10.6 20.89282032302755 0
    endloop
  endfacet
  facet normal 0 1 0
    outer loop
      vertex 7 29 1.2999999999999998
      vertex 7 29 8.3
      vertex 31 29 0
    endloop
  endfacet
  facet normal 0 0 -1
    outer loop
      vertex 31 -29 0
      vertex 10.939103626009029 5.493853254107928 0
      vertex 31 29 0
    endloop
  endfacet
  facet normal 0 0 -1
    outer loop
      vertex 31.652630961100257 -28.95722430686905 0
      vertex 31 29 0
      vertex 31.652630961100257 28.95722430686905 0
    endloop
  endfacet
  facet normal 0 0 -1
    outer loop
      vertex 32.294095225512606 -28.82962913144534 0
      vertex 31.652630961100257 28.95722430686905 0
      vertex 32.294095225512606 28.82962913144534 0
    endloop
  endfacet
  facet normal 0 0 -1
    outer loop
      vertex 32.91341716182545 -28.619397662556434 0
      vertex 32.294095225512606 28.82962913144534 0
      vertex 32.91341716182545 28.619397662556434 0
    endloop
  endfacet
  facet normal 0 0 -1
    outer loop
      vertex 33.5 -28.33012701892219 0
      vertex 32.91341716182545 28.619397662556434 0
      vertex 33.5 28.33012701892219 0
    endloop
  endfacet
  facet normal 0 0 -1
    outer loop
      vertex 35.33012701892219 -26.5 0
      vertex 34.96676670145617 27.0438071450436 0
      vertex 35.33012701892219 26.5 0
    endloop
  endfacet
  facet normal 0 0 -1
    outer loop
      vertex 36 -24 0
      vertex 35.95722430686905 24.652630961100257 0
      vertex 36 24 0
    endloop
  endfacet
  facet normal 0 0 -1
    outer loop
      vertex 35.95722430686905 -24.652630961100257 0
      vertex 35.829629131445344 25.294095225512603 0
      vertex 35.95722430686905 24.652630961100257 0
    endloop
  endfacet
  facet normal 0 0 -1
    outer loop
      vertex 35.61939766255644 -25.91341716182545 0
      vertex 35.33012701892219 26.5 0
      vertex 35.61939766255644 25.91341716182545 0
    endloop
  endfacet
  facet normal 0 0 -1
    outer loop
      vertex 35.829629131445344 -25.294095225512603 0
      vertex 35.61939766255644 25.91341716182545 0
      vertex 35.829629131445344 25.294095225512603 0
    endloop
  endfacet
  facet normal 0 0 -1
    outer loop
      vertex 34.0438071450436 -27.966766701456176 0
      vertex 33.5 28.33012701892219 0
      vertex 34.0438071450436 27.966766701456176 0
    endloop
  endfacet
  facet normal 0 0 -1
    outer loop
      vertex 34.53553390593274 -27.535533905932738 0
      vertex 34.0438071450436 27.966766701456176 0
      vertex 34.53553390593274 27.535533905932738 0
    endloop
  endfacet
  facet normal 0 0 -1
    outer loop
      vertex 34.96676670145617 -27.0438071450436 0
      vertex 34.53553390593274 27.535533905932738 0
      vertex 34.96676670145617 27.0438071450436 0
    endloop
  endfacet
  facet normal 1 0 0
    outer loop
      vertex 36 -0.5 3.3
      vertex 36 24 0
      vertex 36 16.5 3.3
    endloop
  endfacet
  facet normal 1 0 0
    outer loop
      vertex 36 24 0
      vertex 36 24 10.5
      vertex 36 16.5 3.3
    endloop
  endfacet
  facet normal 0.06540312923014452 0.9978589232386034 -1.1321110512417142e-19
    outer loop
      vertex 31 29 0
      vertex 31.652630961100257 28.95722430686905 10.5
      vertex 31.652630961100257 28.95722430686905 0
    endloop
  endfacet
  facet normal 0.9978589232386034 0.06540312923014452 0
    outer loop
      vertex 36 24 0
      vertex 35.95722430686905 24.652630961100257 0
      vertex 36 24 10.5
    endloop
  endfacet
  facet normal 0.9807852804032314 0.1950903220161231 0
    outer loop
      vertex 35.95722430686905 24.652630961100257 0
      vertex 35.829629131445344 25.294095225512603 0
      vertex 35.95722430686905 24.652630961100257 10.5
    endloop
  endfacet
  facet normal 0.1950903220161273 0.9807852804032307 -6.770710417340843e-19
    outer loop
      vertex 31.652630961100257 28.95722430686905 0
      vertex 32.294095225512606 28.82962913144534 10.5
      vertex 32.294095225512606 28.82962913144534 0
    endloop
  endfacet
  facet normal 0.3214394653031609 0.9469301294951059 1.190596787324549e-18
    outer loop
      vertex 32.294095225512606 28.82962913144534 0
      vertex 32.91341716182545 28.619397662556434 10.5
      vertex 32.91341716182545 28.619397662556434 0
    endloop
  endfacet
  facet normal 0.44228869021900485 0.8968727415326866 1.115464216397166e-18
    outer loop
      vertex 32.91341716182545 28.619397662556434 0
      vertex 33.5 28.33012701892219 10.5
      vertex 33.5 28.33012701892219 0
    endloop
  endfacet
  facet normal 0.9469301294951065 0.32143946530315926 0
    outer loop
      vertex 35.829629131445344 25.294095225512603 0
      vertex 35.61939766255644 25.91341716182545 0
      vertex 35.829629131445344 25.294095225512603 10.5
    endloop
  endfacet
  facet normal 0.8968727415326844 0.4422886902190092 0
    outer loop
      vertex 35.61939766255644 25.91341716182545 0
      vertex 35.33012701892219 26.5 0
      vertex 35.61939766255644 25.91341716182545 10.5
    endloop
  endfacet
  facet normal 0.8314696123025439 0.5555702330196043 0
    outer loop
      vertex 35.33012701892219 26.5 0
      vertex 34.96676670145617 27.0438071450436 0
      vertex 35.33012701892219 26.5 10.5
    endloop
  endfacet
  facet normal 0.5555702330196005 0.8314696123025463 1.979399246455969e-18
    outer loop
      vertex 33.5 28.33012701892219 0
      vertex 34.0438071450436 27.966766701456176 10.5
      vertex 34.0438071450436 27.966766701456176 0
    endloop
  endfacet
  facet normal 0.751839807478981 0.6593458151000647 0
    outer loop
      vertex 34.96676670145617 27.0438071450436 0
      vertex 34.53553390593274 27.535533905932738 0
      vertex 34.96676670145617 27.0438071450436 10.5
    endloop
  endfacet
  facet normal 0.6593458151000677 0.7518398074789784 3.6289800390433356e-19
    outer loop
      vertex 34.0438071450436 27.966766701456176 0
      vertex 34.53553390593274 27.535533905932738 10.5
      vertex 34.53553390593274 27.535533905932738 0
    endloop
  endfacet
  facet normal 0 1 0
    outer loop
      vertex -31 29 10.5
      vertex 31 29 10.5
      vertex 7 29 8.3
    endloop
  endfacet
  facet normal 0 0 1
    outer loop
      vertex -31 29 10.5
      vertex 31 28 10.5
      vertex 31 29 10.5
    endloop
  endfacet
  facet normal 1 0 0
    outer loop
      vertex 36 -0.5 8.3
      vertex 36 16.5 8.3
      vertex 36 24 10.5
    endloop
  endfacet
  facet normal 0 0 1
    outer loop
      vertex 35.33012701892219 -26.5 10.5
      vertex 35.33012701892219 26.5 10.5
      vertex 35 24 10.5
    endloop
  endfacet
  facet normal 0 0 1
    outer loop
      vertex 36 -24 10.5
      vertex 36 24 10.5
      vertex 35.95722430686905 24.652630961100257 10.5
    endloop
  endfacet
  facet normal 0 0 1
    outer loop
      vertex 35.95722430686905 -24.652630961100257 10.5
      vertex 35.95722430686905 24.652630961100257 10.5
      vertex 35.829629131445344 25.294095225512603 10.5
    endloop
  endfacet
  facet normal 0 0 1
    outer loop
      vertex 35.61939766255644 -25.91341716182545 10.5
      vertex 35.61939766255644 25.91341716182545 10.5
      vertex 35.33012701892219 26.5 10.5
    endloop
  endfacet
  facet normal 0 0 1
    outer loop
      vertex 35.829629131445344 -25.294095225512603 10.5
      vertex 35.829629131445344 25.294095225512603 10.5
      vertex 35.61939766255644 25.91341716182545 10.5
    endloop
  endfacet
  facet normal 0 1 0
    outer loop
      vertex 31 29 0
      vertex 7 29 8.3
      vertex 31 29 10.5
    endloop
  endfacet
  facet normal 1 0 0
    outer loop
      vertex 36 16.5 3.3
      vertex 36 24 10.5
      vertex 36 16.5 8.3
    endloop
  endfacet
  facet normal 0.06540312923014452 0.9978589232386034 0
    outer loop
      vertex 31 29 0
      vertex 31 29 10.5
      vertex 31.652630961100257 28.95722430686905 10.5
    endloop
  endfacet
  facet normal 0.9978589232386034 0.06540312923014452 0
    outer loop
      vertex 35.95722430686905 24.652630961100257 0
      vertex 35.95722430686905 24.652630961100257 10.5
      vertex 36 24 10.5
    endloop
  endfacet
  facet normal 0.9807852804032314 0.1950903220161231 0
    outer loop
      vertex 35.829629131445344 25.294095225512603 0
      vertex 35.829629131445344 25.294095225512603 10.5
      vertex 35.95722430686905 24.652630961100257 10.5
    endloop
  endfacet
  facet normal 0.1950903220161273 0.9807852804032307 0
    outer loop
      vertex 31.652630961100257 28.95722430686905 0
      vertex 31.652630961100257 28.95722430686905 10.5
      vertex 32.294095225512606 28.82962913144534 10.5
    endloop
  endfacet
  facet normal 0.3214394653031609 0.9469301294951059 0
    outer loop
      vertex 32.294095225512606 28.82962913144534 0
      vertex 32.294095225512606 28.82962913144534 10.5
      vertex 32.91341716182545 28.619397662556434 10.5
    endloop
  endfacet
  facet normal 0.44228869021900485 0.8968727415326866 0
    outer loop
      vertex 32.91341716182545 28.619397662556434 0
      vertex 32.91341716182545 28.619397662556434 10.5
      vertex 33.5 28.33012701892219 10.5
    endloop
  endfacet
  facet normal 0.5555702330196005 0.8314696123025463 0
    outer loop
      vertex 33.5 28.33012701892219 0
      vertex 33.5 28.33012701892219 10.5
      vertex 34.0438071450436 27.966766701456176 10.5
    endloop
  endfacet
  facet normal 0.9469301294951065 0.32143946530315926 0
    outer loop
      vertex 35.61939766255644 25.91341716182545 0
      vertex 35.61939766255644 25.91341716182545 10.5
      vertex 35.829629131445344 25.294095225512603 10.5
    endloop
  endfacet
  facet normal 0.8968727415326844 0.4422886902190092 0
    outer loop
      vertex 35.33012701892219 26.5 0
      vertex 35.33012701892219 26.5 10.5
      vertex 35.61939766255644 25.91341716182545 10.5
    endloop
  endfacet
  facet normal 0.8314696123025439 0.5555702330196043 0
    outer loop
      vertex 34.96676670145617 27.0438071450436 0
      vertex 34.96676670145617 27.0438071450436 10.5
      vertex 35.33012701892219 26.5 10.5
    endloop
  endfacet
  facet normal 0.6593458151000677 0.7518398074789784 0
    outer loop
      vertex 34.0438071450436 27.966766701456176 0
      vertex 34.0438071450436 27.966766701456176 10.5
      vertex 34.53553390593274 27.535533905932738 10.5
    endloop
  endfacet
  facet normal 0.751839807478981 0.6593458151000647 0
    outer loop
      vertex 34.53553390593274 27.535533905932738 0
      vertex 34.53553390593274 27.535533905932738 10.5
      vertex 34.96676670145617 27.0438071450436 10.5
    endloop
  endfacet
  facet normal 0 0 1
    outer loop
      vertex 31 28 10.5
      vertex 31.522104768880205 27.96577944549524 10.5
      vertex 31 29 10.5
    endloop
  endfacet
  facet normal 0 0 1
    outer loop
      vertex 31 29 10.5
      vertex 31.522104768880205 27.96577944549524 10.5
      vertex 31.652630961100257 28.95722430686905 10.5
    endloop
  endfacet
  facet normal 0 0 1
    outer loop
      vertex 35 24 10.5
      vertex 34.96676670145617 27.0438071450436 10.5
      vertex 34.965779445495244 24.522104768880205 10.5
    endloop
  endfacet
  facet normal 0 0 1
    outer loop
      vertex 31.522104768880205 27.96577944549524 10.5
      vertex 32.03527618041008 27.863703305156275 10.5
      vertex 31.652630961100257 28.95722430686905 10.5
    endloop
  endfacet
  facet normal 0 0 1
    outer loop
      vertex 32.03527618041008 27.863703305156275 10.5
      vertex 32.294095225512606 28.82962913144534 10.5
      vertex 31.652630961100257 28.95722430686905 10.5
    endloop
  endfacet
  facet normal 0 0 1
    outer loop
      vertex 32.03527618041008 27.863703305156275 10.5
      vertex 32.53073372946036 27.695518130045148 10.5
      vertex 32.294095225512606 28.82962913144534 10.5
    endloop
  endfacet
  facet normal 0 0 1
    outer loop
      vertex 32.53073372946036 27.695518130045148 10.5
      vertex 32.91341716182545 28.619397662556434 10.5
      vertex 32.294095225512606 28.82962913144534 10.5
    endloop
  endfacet
  facet normal 0 0 1
    outer loop
      vertex 32.53073372946036 27.695518130045148 10.5
      vertex 33 27.464101615137753 10.5
      vertex 32.91341716182545 28.619397662556434 10.5
    endloop
  endfacet
  facet normal 0 0 1
    outer loop
      vertex 33.435045716034885 27.17341336116494 10.5
      vertex 33.82842712474619 26.82842712474619 10.5
      vertex 33.5 28.33012701892219 10.5
    endloop
  endfacet
  facet normal 0 0 1
    outer loop
      vertex 33.435045716034885 27.17341336116494 10.5
      vertex 33.5 28.33012701892219 10.5
      vertex 33 27.464101615137753 10.5
    endloop
  endfacet
  facet normal 0 0 1
    outer loop
      vertex 33 27.464101615137753 10.5
      vertex 33.5 28.33012701892219 10.5
      vertex 32.91341716182545 28.619397662556434 10.5
    endloop
  endfacet
  facet normal 0 0 1
    outer loop
      vertex 34.86370330515627 25.035276180410083 10.5
      vertex 34.96676670145617 27.0438071450436 10.5
      vertex 34.695518130045144 25.53073372946036 10.5
    endloop
  endfacet
  facet normal 0 0 1
    outer loop
      vertex 34.17341336116494 26.43504571603488 10.5
      vertex 34.0438071450436 27.966766701456176 10.5
      vertex 33.82842712474619 26.82842712474619 10.5
    endloop
  endfacet
  facet normal 0 0 1
    outer loop
      vertex 34.695518130045144 25.53073372946036 10.5
      vertex 34.53553390593274 27.535533905932738 10.5
      vertex 34.46410161513776 26 10.5
    endloop
  endfacet
  facet normal 0 0 1
    outer loop
      vertex 34.46410161513776 26 10.5
      vertex 34.53553390593274 27.535533905932738 10.5
      vertex 34.17341336116494 26.43504571603488 10.5
    endloop
  endfacet
  facet normal 0 0 1
    outer loop
      vertex 34.695518130045144 25.53073372946036 10.5
      vertex 34.96676670145617 27.0438071450436 10.5
      vertex 34.53553390593274 27.535533905932738 10.5
    endloop
  endfacet
  facet normal 0 0 1
    outer loop
      vertex 34.86370330515627 25.035276180410083 10.5
      vertex 34.965779445495244 24.522104768880205 10.5
      vertex 34.96676670145617 27.0438071450436 10.5
    endloop
  endfacet
  facet normal 0 0 1
    outer loop
      vertex 35 24 10.5
      vertex 35.33012701892219 26.5 10.5
      vertex 34.96676670145617 27.0438071450436 10.5
    endloop
  endfacet
  facet normal 0 0 1
    outer loop
      vertex 34.17341336116494 26.43504571603488 10.5
      vertex 34.53553390593274 27.535533905932738 10.5
      vertex 34.0438071450436 27.966766701456176 10.5
    endloop
  endfacet
  facet normal 0 0 1
    outer loop
      vertex 33.5 28.33012701892219 10.5
      vertex 33.82842712474619 26.82842712474619 10.5
      vertex 34.0438071450436 27.966766701456176 10.5
    endloop
  endfacet
  facet normal 0 0 1
    outer loop
      vertex -31.82822094432807 -27.090962644125018 1.8
      vertex -31.41768381510417 -27.172623556396193 1.8
      vertex -31.338268590217986 -23.35 1.8
    endloop
  endfacet
  facet normal 0 0 1
    outer loop
      vertex -31.82822094432807 -27.090962644125018 1.8
      vertex -31.338268590217986 -23.35 1.8
      vertex -31.494474737780475 -23.03324526738574 1.8
    endloop
  endfacet
  facet normal 0 0 1
    outer loop
      vertex -31.82822094432807 -27.090962644125018 1.8
      vertex -31.494474737780475 -23.03324526738574 1.8
      vertex -31.607999730980485 -22.698811421776806 1.8
    endloop
  endfacet
  facet normal 0 0 1
    outer loop
      vertex -31.82822094432807 -27.090962644125018 1.8
      vertex -31.607999730980485 -22.698811421776806 1.8
      vertex -31.67690112570929 -22.35242071899414 1.8
    endloop
  endfacet
  facet normal 0 0 1
    outer loop
      vertex -31.82822094432807 -27.090962644125018 1.8
      vertex -31.67690112570929 -22.35242071899414 1.8
      vertex -31.7 -22 1.8
    endloop
  endfacet
  facet normal 0 0 1
    outer loop
      vertex -31.000000000000004 -27.2 1.8
      vertex -30.909188309203678 -23.909188309203678 1.8
      vertex -31.41768381510417 -27.172623556396193 1.8
    endloop
  endfacet
  facet normal 0 0 1
    outer loop
      vertex -31.000000000000004 -27.2 1.8
      vertex -29.698811421776806 -24.607999730980485 1.8
      vertex -30.03324526738574 -24.494474737780475 1.8
    endloop
  endfacet
  facet normal 0 0 1
    outer loop
      vertex -31.000000000000004 -27.2 1.8
      vertex -29.35242071899414 -24.67690112570929 1.8
      vertex -29.698811421776806 -24.607999730980485 1.8
    endloop
  endfacet
  facet normal 0 0 1
    outer loop
      vertex -31.000000000000004 -27.2 1.8
      vertex -29 -24.7 1.8
      vertex -29.35242071899414 -24.67690112570929 1.8
    endloop
  endfacet
  facet normal 0 0 1
    outer loop
      vertex -31.41768381510417 -27.172623556396193 1.8
      vertex -31.142054018786336 -23.643655858323545 1.8
      vertex -31.338268590217986 -23.35 1.8
    endloop
  endfacet
  facet normal 0 0 1
    outer loop
      vertex -31.41768381510417 -27.172623556396193 1.8
      vertex -30.909188309203678 -23.909188309203678 1.8
      vertex -31.142054018786336 -23.643655858323545 1.8
    endloop
  endfacet
  facet normal 0 0 1
    outer loop
      vertex -31.000000000000004 -27.2 1.8
      vertex -30.35 -24.338268590217986 1.8
      vertex -30.643655858323545 -24.142054018786336 1.8
    endloop
  endfacet
  facet normal 0 0 1
    outer loop
      vertex -31.000000000000004 -27.2 1.8
      vertex -30.643655858323545 -24.142054018786336 1.8
      vertex -30.909188309203678 -23.909188309203678 1.8
    endloop
  endfacet
  facet normal 0 0 1
    outer loop
      vertex -31.000000000000004 -27.2 1.8
      vertex -30.03324526738574 -24.494474737780475 1.8
      vertex -30.35 -24.338268590217986 1.8
    endloop
  endfacet
  facet normal 0 0 1
    outer loop
      vertex -29.639199500459156 -22.833021007305796 1.8
      vertex -29.90932667397366 -22.525 1.8
      vertex -29.833021007305796 -22.639199500459156 1.8
    endloop
  endfacet
  facet normal 0 0 1
    outer loop
      vertex -29.742462120245875 -22.742462120245875 1.8
      vertex -29.639199500459156 -22.833021007305796 1.8
      vertex -29.833021007305796 -22.639199500459156 1.8
    endloop
  endfacet
  facet normal 0 0 1
    outer loop
      vertex -29.639199500459156 -22.833021007305796 1.8
      vertex -29.525 -22.90932667397366 1.8
      vertex -29.90932667397366 -22.525 1.8
    endloop
  endfacet
  facet normal 0 0 1
    outer loop
      vertex -29.525 -22.90932667397366 1.8
      vertex -30.014222117603524 -22.27175999735765 1.8
      vertex -29.970073509136853 -22.401817603983343 1.8
    endloop
  endfacet
  facet normal 0 0 1
    outer loop
      vertex -29.525 -22.90932667397366 1.8
      vertex -30.041017104442503 -22.137052501831054 1.8
      vertex -30.014222117603524 -22.27175999735765 1.8
    endloop
  endfacet
  facet normal 0 0 1
    outer loop
      vertex -29.525 -22.90932667397366 1.8
      vertex -30.05 -22 1.8
      vertex -30.041017104442503 -22.137052501831054 1.8
    endloop
  endfacet
  facet normal 0 0 1
    outer loop
      vertex -29.525 -22.90932667397366 1.8
      vertex -30.041017104442503 -21.862947498168946 1.8
      vertex -30.05 -22 1.8
    endloop
  endfacet
  facet normal 0 0 1
    outer loop
      vertex -29.525 -22.90932667397366 1.8
      vertex -30.014222117603524 -21.72824000264235 1.8
      vertex -30.041017104442503 -21.862947498168946 1.8
    endloop
  endfacet
  facet normal 0 0 1
    outer loop
      vertex -29.525 -22.90932667397366 1.8
      vertex -29.970073509136853 -21.598182396016657 1.8
      vertex -30.014222117603524 -21.72824000264235 1.8
    endloop
  endfacet
  facet normal 0 0 1
    outer loop
      vertex -29.525 -22.90932667397366 1.8
      vertex -29.970073509136853 -22.401817603983343 1.8
      vertex -29.90932667397366 -22.525 1.8
    endloop
  endfacet
  facet normal 0 0 1
    outer loop
      vertex -29.525 -22.90932667397366 1.8
      vertex -29.90932667397366 -21.475 1.8
      vertex -29.970073509136853 -21.598182396016657 1.8
    endloop
  endfacet
  facet normal 0 0 1
    outer loop
      vertex -29.525 -22.90932667397366 1.8
      vertex -29.833021007305796 -21.360800499540844 1.8
      vertex -29.90932667397366 -21.475 1.8
    endloop
  endfacet
  facet normal 0 0 1
    outer loop
      vertex -29.525 -22.90932667397366 1.8
      vertex -29.742462120245875 -21.257537879754125 1.8
      vertex -29.833021007305796 -21.360800499540844 1.8
    endloop
  endfacet
  facet normal 0 0 1
    outer loop
      vertex -29.525 -22.90932667397366 1.8
      vertex -29.639199500459156 -21.166978992694204 1.8
      vertex -29.742462120245875 -21.257537879754125 1.8
    endloop
  endfacet
  facet normal 0 0 1
    outer loop
      vertex -29.27175999735765 -23.014222117603524 1.8
      vertex -29.137052501831054 -23.041017104442503 1.8
      vertex -27.958982895557497 -22.137052501831054 1.8
    endloop
  endfacet
  facet normal 0 0 1
    outer loop
      vertex -29.137052501831054 -23.041017104442503 1.8
      vertex -29 -23.05 1.8
      vertex -27.958982895557497 -22.137052501831054 1.8
    endloop
  endfacet
  facet normal 0 0 1
    outer loop
      vertex -29 -23.05 1.8
      vertex -28.862947498168946 -23.041017104442503 1.8
      vertex -27.958982895557497 -22.137052501831054 1.8
    endloop
  endfacet
  facet normal 0 0 1
    outer loop
      vertex -28.72824000264235 -23.014222117603524 1.8
      vertex -28.598182396016657 -22.970073509136853 1.8
      vertex -28.166978992694204 -22.639199500459156 1.8
    endloop
  endfacet
  facet normal 0 0 1
    outer loop
      vertex -28.862947498168946 -23.041017104442503 1.8
      vertex -28.72824000264235 -23.014222117603524 1.8
      vertex -27.985777882396476 -22.27175999735765 1.8
    endloop
  endfacet
  facet normal 0 0 1
    outer loop
      vertex -28.598182396016657 -22.970073509136853 1.8
      vertex -28.475 -22.90932667397366 1.8
      vertex -28.257537879754125 -22.742462120245875 1.8
    endloop
  endfacet
  facet normal 0 0 1
    outer loop
      vertex -28.475 -22.90932667397366 1.8
      vertex -28.360800499540844 -22.833021007305796 1.8
      vertex -28.257537879754125 -22.742462120245875 1.8
    endloop
  endfacet
  facet normal 0 0 1
    outer loop
      vertex -28.598182396016657 -22.970073509136853 1.8
      vertex -28.257537879754125 -22.742462120245875 1.8
      vertex -28.166978992694204 -22.639199500459156 1.8
    endloop
  endfacet
  facet normal 0 0 1
    outer loop
      vertex -28.72824000264235 -23.014222117603524 1.8
      vertex -28.166978992694204 -22.639199500459156 1.8
      vertex -28.09067332602634 -22.525 1.8
    endloop
  endfacet
  facet normal 0 0 1
    outer loop
      vertex -29.525 -22.90932667397366 1.8
      vertex -29.401817603983343 -22.970073509136853 1.8
      vertex -28.029926490863147 -21.598182396016657 1.8
    endloop
  endfacet
  facet normal 0 0 1
    outer loop
      vertex -29.401817603983343 -22.970073509136853 1.8
      vertex -29.27175999735765 -23.014222117603524 1.8
      vertex -27.985777882396476 -21.72824000264235 1.8
    endloop
  endfacet
  facet normal 0 0 1
    outer loop
      vertex -29.525 -22.90932667397366 1.8
      vertex -28.257537879754125 -21.257537879754125 1.8
      vertex -28.360800499540844 -21.166978992694204 1.8
    endloop
  endfacet
  facet normal 0 0 1
    outer loop
      vertex -28.72824000264235 -23.014222117603524 1.8
      vertex -28.09067332602634 -22.525 1.8
      vertex -28.029926490863147 -22.401817603983343 1.8
    endloop
  endfacet
  facet normal 0 0 1
    outer loop
      vertex -28.862947498168946 -23.041017104442503 1.8
      vertex -27.985777882396476 -22.27175999735765 1.8
      vertex -27.958982895557497 -22.137052501831054 1.8
    endloop
  endfacet
  facet normal 0 0 1
    outer loop
      vertex -28.72824000264235 -23.014222117603524 1.8
      vertex -28.029926490863147 -22.401817603983343 1.8
      vertex -27.985777882396476 -22.27175999735765 1.8
    endloop
  endfacet
  facet normal 0 0 1
    outer loop
      vertex -29.27175999735765 -23.014222117603524 1.8
      vertex -27.958982895557497 -22.137052501831054 1.8
      vertex -27.95 -22 1.8
    endloop
  endfacet
  facet normal 0 0 1
    outer loop
      vertex -29.27175999735765 -23.014222117603524 1.8
      vertex -27.95 -22 1.8
      vertex -27.958982895557497 -21.862947498168946 1.8
    endloop
  endfacet
  facet normal 0 0 1
    outer loop
      vertex -29.525 -22.90932667397366 1.8
      vertex -28.029926490863147 -21.598182396016657 1.8
      vertex -28.09067332602634 -21.475 1.8
    endloop
  endfacet
  facet normal 0 0 1
    outer loop
      vertex -29.401817603983343 -22.970073509136853 1.8
      vertex -27.985777882396476 -21.72824000264235 1.8
      vertex -28.029926490863147 -21.598182396016657 1.8
    endloop
  endfacet
  facet normal 0 0 1
    outer loop
      vertex -29.525 -22.90932667397366 1.8
      vertex -28.09067332602634 -21.475 1.8
      vertex -28.166978992694204 -21.360800499540844 1.8
    endloop
  endfacet
  facet normal 0 0 1
    outer loop
      vertex -29.525 -22.90932667397366 1.8
      vertex -28.166978992694204 -21.360800499540844 1.8
      vertex -28.257537879754125 -21.257537879754125 1.8
    endloop
  endfacet
  facet normal 0 0 1
    outer loop
      vertex -29.27175999735765 -23.014222117603524 1.8
      vertex -27.958982895557497 -21.862947498168946 1.8
      vertex -27.985777882396476 -21.72824000264235 1.8
    endloop
  endfacet
  facet normal 0 0 1
    outer loop
      vertex -29.525 -22.90932667397366 1.8
      vertex -29.525 -21.09067332602634 1.8
      vertex -29.639199500459156 -21.166978992694204 1.8
    endloop
  endfacet
  facet normal 0 0 1
    outer loop
      vertex -29.525 -22.90932667397366 1.8
      vertex -29.401817603983343 -21.029926490863147 1.8
      vertex -29.525 -21.09067332602634 1.8
    endloop
  endfacet
  facet normal 0 0 1
    outer loop
      vertex -29.525 -22.90932667397366 1.8
      vertex -29.27175999735765 -20.985777882396476 1.8
      vertex -29.401817603983343 -21.029926490863147 1.8
    endloop
  endfacet
  facet normal 0 0 1
    outer loop
      vertex -29.525 -22.90932667397366 1.8
      vertex -29.137052501831054 -20.958982895557497 1.8
      vertex -29.27175999735765 -20.985777882396476 1.8
    endloop
  endfacet
  facet normal 0 0 1
    outer loop
      vertex -29.525 -22.90932667397366 1.8
      vertex -29 -20.95 1.8
      vertex -29.137052501831054 -20.958982895557497 1.8
    endloop
  endfacet
  facet normal 0 0 1
    outer loop
      vertex -29.525 -22.90932667397366 1.8
      vertex -28.862947498168946 -20.958982895557497 1.8
      vertex -29 -20.95 1.8
    endloop
  endfacet
  facet normal 0 0 1
    outer loop
      vertex -29.525 -22.90932667397366 1.8
      vertex -28.72824000264235 -20.985777882396476 1.8
      vertex -28.862947498168946 -20.958982895557497 1.8
    endloop
  endfacet
  facet normal 0 0 1
    outer loop
      vertex -29.525 -22.90932667397366 1.8
      vertex -28.598182396016657 -21.029926490863147 1.8
      vertex -28.72824000264235 -20.985777882396476 1.8
    endloop
  endfacet
  facet normal 0 0 1
    outer loop
      vertex -29.525 -22.90932667397366 1.8
      vertex -28.475 -21.09067332602634 1.8
      vertex -28.598182396016657 -21.029926490863147 1.8
    endloop
  endfacet
  facet normal 0 0 1
    outer loop
      vertex -29.525 -22.90932667397366 1.8
      vertex -28.360800499540844 -21.166978992694204 1.8
      vertex -28.475 -21.09067332602634 1.8
    endloop
  endfacet
  facet normal 0 0 1
    outer loop
      vertex -31.000000000000004 -27.2 1.8
      vertex -13.05 -25.25 1.8
      vertex -29 -24.7 1.8
    endloop
  endfacet
  facet normal 0 0 1
    outer loop
      vertex -29 -24.7 1.8
      vertex -14.795377348640718 -24.389275143819184 1.8
      vertex -28.64757928100586 -24.67690112570929 1.8
    endloop
  endfacet
  facet normal 0 0 1
    outer loop
      vertex -28.64757928100586 -24.67690112570929 1.8
      vertex -14.795377348640718 -24.389275143819184 1.8
      vertex -28.301188578223194 -24.607999730980485 1.8
    endloop
  endfacet
  facet normal 0 0 1
    outer loop
      vertex -28.301188578223194 -24.607999730980485 1.8
      vertex -14.955255888325766 -24.15 1.8
      vertex -27.96675473261426 -24.494474737780475 1.8
    endloop
  endfacet
  facet normal 0 0 1
    outer loop
      vertex -27.96675473261426 -24.494474737780475 1.8
      vertex -14.955255888325766 -24.15 1.8
      vertex -27.65 -24.338268590217986 1.8
    endloop
  endfacet
  facet normal 0 0 1
    outer loop
      vertex -27.65 -24.338268590217986 1.8
      vertex -14.955255888325766 -24.15 1.8
      vertex -27.356344141676455 -24.142054018786336 1.8
    endloop
  endfacet
  facet normal 0 0 1
    outer loop
      vertex -27.356344141676455 -24.142054018786336 1.8
      vertex -15.082534971524831 -23.8919035512032 1.8
      vertex -27.090811690796322 -23.909188309203678 1.8
    endloop
  endfacet
  facet normal 0 0 1
    outer loop
      vertex -27.090811690796322 -23.909188309203678 1.8
      vertex -15.175036817835952 -23.619401899225547 1.8
      vertex -26.857945981213664 -23.643655858323545 1.8
    endloop
  endfacet
  facet normal 0 0 1
    outer loop
      vertex -26.857945981213664 -23.643655858323545 1.8
      vertex -15.175036817835952 -23.619401899225547 1.8
      vertex -26.661731409782014 -23.35 1.8
    endloop
  endfacet
  facet normal 0 0 1
    outer loop
      vertex -26.661731409782014 -23.35 1.8
      vertex -15.231178695022383 -23.337157622884114 1.8
      vertex -26.505525262219525 -23.03324526738574 1.8
    endloop
  endfacet
  facet normal 0 0 1
    outer loop
      vertex -26.505525262219525 -23.03324526738574 1.8
      vertex -15.25 -23.05 1.8
      vertex -26.392000269019515 -22.698811421776806 1.8
    endloop
  endfacet
  facet normal 0 0 1
    outer loop
      vertex -29 -24.7 1.8
      vertex -14.605634918610406 -24.605634918610406 1.8
      vertex -14.795377348640718 -24.389275143819184 1.8
    endloop
  endfacet
  facet normal 0 0 1
    outer loop
      vertex -29 -24.7 1.8
      vertex -14.389275143819185 -24.79537734864072 1.8
      vertex -14.605634918610406 -24.605634918610406 1.8
    endloop
  endfacet
  facet normal 0 0 1
    outer loop
      vertex -29 -24.7 1.8
      vertex -14.15 -24.955255888325766 1.8
      vertex -14.389275143819185 -24.79537734864072 1.8
    endloop
  endfacet
  facet normal 0 0 1
    outer loop
      vertex -28.301188578223194 -24.607999730980485 1.8
      vertex -14.795377348640718 -24.389275143819184 1.8
      vertex -14.955255888325766 -24.15 1.8
    endloop
  endfacet
  facet normal 0 0 1
    outer loop
      vertex -27.356344141676455 -24.142054018786336 1.8
      vertex -14.955255888325766 -24.15 1.8
      vertex -15.082534971524831 -23.8919035512032 1.8
    endloop
  endfacet
  facet normal 0 0 1
    outer loop
      vertex -29 -24.7 1.8
      vertex -13.619401899225547 -25.175036817835952 1.8
      vertex -13.891903551203198 -25.08253497152483 1.8
    endloop
  endfacet
  facet normal 0 0 1
    outer loop
      vertex -29 -24.7 1.8
      vertex -13.337157622884114 -25.231178695022383 1.8
      vertex -13.619401899225547 -25.175036817835952 1.8
    endloop
  endfacet
  facet normal 0 0 1
    outer loop
      vertex -29 -24.7 1.8
      vertex -13.891903551203198 -25.08253497152483 1.8
      vertex -14.15 -24.955255888325766 1.8
    endloop
  endfacet
  facet normal 0 0 1
    outer loop
      vertex -29 -24.7 1.8
      vertex -13.05 -25.25 1.8
      vertex -13.337157622884114 -25.231178695022383 1.8
    endloop
  endfacet
  facet normal 0 0 1
    outer loop
      vertex -27.090811690796322 -23.909188309203678 1.8
      vertex -15.082534971524831 -23.8919035512032 1.8
      vertex -15.175036817835952 -23.619401899225547 1.8
    endloop
  endfacet
  facet normal 0 0 1
    outer loop
      vertex -26.661731409782014 -23.35 1.8
      vertex -15.175036817835952 -23.619401899225547 1.8
      vertex -15.231178695022383 -23.337157622884114 1.8
    endloop
  endfacet
  facet normal 0 0 1
    outer loop
      vertex -26.505525262219525 -23.03324526738574 1.8
      vertex -15.231178695022383 -23.337157622884114 1.8
      vertex -15.25 -23.05 1.8
    endloop
  endfacet
  facet normal 0 0 1
    outer loop
      vertex -26.392000269019515 -22.698811421776806 1.8
      vertex -15.25 -2.9499999999999993 1.8
      vertex -26.32309887429071 -22.35242071899414 1.8
    endloop
  endfacet
  facet normal 0 0 1
    outer loop
      vertex -26.32309887429071 -22.35242071899414 1.8
      vertex -15.25 -2.9499999999999993 1.8
      vertex -26.3 -22 1.8
    endloop
  endfacet
  facet normal 0 0 1
    outer loop
      vertex -26.3 -22 1.8
      vertex -15.25 -2.9499999999999993 1.8
      vertex -26.32309887429071 -21.64757928100586 1.8
    endloop
  endfacet
  facet normal 0 0 1
    outer loop
      vertex -26.32309887429071 -21.64757928100586 1.8
      vertex -15.25 -2.9499999999999993 1.8
      vertex -26.392000269019515 -21.301188578223194 1.8
    endloop
  endfacet
  facet normal 0 0 1
    outer loop
      vertex -26.505525262219525 -20.96675473261426 1.8
      vertex -26.392000269019515 -21.301188578223194 1.8
      vertex -15.25 -2.9499999999999993 1.8
    endloop
  endfacet
  facet normal 0 0 1
    outer loop
      vertex -26.505525262219525 -20.96675473261426 1.8
      vertex -15.25 -2.9499999999999993 1.8
      vertex -26.661731409782014 -20.65 1.8
    endloop
  endfacet
  facet normal 0 0 1
    outer loop
      vertex -26.661731409782014 -20.65 1.8
      vertex -15.25 -2.9499999999999993 1.8
      vertex -26.857945981213664 -20.356344141676455 1.8
    endloop
  endfacet
  facet normal 0 0 1
    outer loop
      vertex -26.392000269019515 -22.698811421776806 1.8
      vertex -15.25 -23.05 1.8
      vertex -15.25 -2.9499999999999993 1.8
    endloop
  endfacet
  facet normal 0.8968727415326945 0.4422886902189887 0
    outer loop
      vertex -33.77128129211021 -25.6 1.8
      vertex -33.95641450403612 -25.224586983568287 1.8
      vertex -33.77128129211021 -25.6 8.3
    endloop
  endfacet
  facet normal 0.6593458151000712 0.7518398074789753 0
    outer loop
      vertex -32.94803657282791 -26.538730688931953 1.8
      vertex -33.262741699796955 -26.26274169979695 1.8
      vertex -32.94803657282791 -26.538730688931953 8.3
    endloop
  endfacet
  facet normal 0.5555702330195984 0.8314696123025479 2.145868964841334e-18
    outer loop
      vertex -32.94803657282791 -26.538730688931953 1.8
      vertex -32.6 -26.771281292110203 8.3
      vertex -32.6 -26.771281292110203 1.8
    endloop
  endfacet
  facet normal 0.8314696123025412 0.5555702330196082 -7.32998837524061e-19
    outer loop
      vertex -33.77128129211021 -25.6 1.8
      vertex -33.538730688931956 -25.948036572827906 8.3
      vertex -33.538730688931956 -25.948036572827906 1.8
    endloop
  endfacet
  facet normal 0.7518398074789753 0.6593458151000712 -1.2013692906487034e-18
    outer loop
      vertex -33.538730688931956 -25.948036572827906 1.8
      vertex -33.262741699796955 -26.26274169979695 8.3
      vertex -33.262741699796955 -26.26274169979695 1.8
    endloop
  endfacet
  facet normal 0.4422886902190091 0.8968727415326844 -1.317293201922288e-18
    outer loop
      vertex -32.6 -26.771281292110203 1.8
      vertex -32.224586983568294 -26.95641450403612 8.3
      vertex -32.224586983568294 -26.95641450403612 1.8
    endloop
  endfacet
  facet normal 0.3214394653031558 0.9469301294951077 -7.354093550224136e-19
    outer loop
      vertex -32.224586983568294 -26.95641450403612 1.8
      vertex -31.82822094432807 -27.090962644125018 8.3
      vertex -31.82822094432807 -27.090962644125018 1.8
    endloop
  endfacet
  facet normal 0.19509032201612983 0.9807852804032301 -8.165568949221745e-19
    outer loop
      vertex -31.82822094432807 -27.090962644125018 1.8
      vertex -31.41768381510417 -27.172623556396193 8.3
      vertex -31.41768381510417 -27.172623556396193 1.8
    endloop
  endfacet
  facet normal 0.9469301294951041 0.32143946530316597 0
    outer loop
      vertex -33.95641450403612 -25.224586983568287 1.8
      vertex -34.09096264412502 -24.828220944328066 1.8
      vertex -33.95641450403612 -25.224586983568287 8.3
    endloop
  endfacet
  facet normal 0.9807852804032301 0.19509032201612983 0
    outer loop
      vertex -34.09096264412502 -24.828220944328066 1.8
      vertex -34.172623556396196 -24.417683815104166 1.8
      vertex -34.09096264412502 -24.828220944328066 8.3
    endloop
  endfacet
  facet normal 0.9978589232386035 0.06540312923014234 0
    outer loop
      vertex -34.172623556396196 -24.417683815104166 1.8
      vertex -34.2 -24 1.8
      vertex -34.172623556396196 -24.417683815104166 8.3
    endloop
  endfacet
  facet normal 0.06540312923014234 0.9978589232386035 -3.574747566958208e-17
    outer loop
      vertex -31.000000000000004 -27.2 1.8
      vertex -31.41768381510417 -27.172623556396193 1.8
      vertex -31 -27.2 8.3
    endloop
  endfacet
  facet normal 0 0 1
    outer loop
      vertex -33.95641450403612 -25.224586983568287 1.8
      vertex -34.09096264412502 24.828220944328066 1.8
      vertex -34.09096264412502 -24.828220944328066 1.8
    endloop
  endfacet
  facet normal 0 0 1
    outer loop
      vertex -34.09096264412502 -24.828220944328066 1.8
      vertex -34.172623556396196 24.417683815104166 1.8
      vertex -34.172623556396196 -24.417683815104166 1.8
    endloop
  endfacet
  facet normal 0 0 1
    outer loop
      vertex -33.77128129211021 -25.6 1.8
      vertex -33.95641450403612 25.224586983568287 1.8
      vertex -33.95641450403612 -25.224586983568287 1.8
    endloop
  endfacet
  facet normal 0 0 1
    outer loop
      vertex -34.172623556396196 -24.417683815104166 1.8
      vertex -34.2 24 1.8
      vertex -34.2 -24 1.8
    endloop
  endfacet
  facet normal 0 0 1
    outer loop
      vertex -33.77128129211021 -25.6 1.8
      vertex -33.538730688931956 -25.948036572827906 1.8
      vertex -33.77128129211021 25.6 1.8
    endloop
  endfacet
  facet normal 0 0 1
    outer loop
      vertex -33.538730688931956 -25.948036572827906 1.8
      vertex -33.262741699796955 -26.26274169979695 1.8
      vertex -33.538730688931956 25.948036572827906 1.8
    endloop
  endfacet
  facet normal 0 0 1
    outer loop
      vertex -32.94803657282791 -26.538730688931953 1.8
      vertex -33.262741699796955 26.26274169979695 1.8
      vertex -33.262741699796955 -26.26274169979695 1.8
    endloop
  endfacet
  facet normal 0 0 1
    outer loop
      vertex -32.94803657282791 -26.538730688931953 1.8
      vertex -32.6 -26.771281292110203 1.8
      vertex -32.94803657282791 26.538730688931953 1.8
    endloop
  endfacet
  facet normal 0 0 1
    outer loop
      vertex -32.6 -26.771281292110203 1.8
      vertex -32.224586983568294 -26.95641450403612 1.8
      vertex -32.6 26.771281292110203 1.8
    endloop
  endfacet
  facet normal 0 0 1
    outer loop
      vertex -32.224586983568294 -26.95641450403612 1.8
      vertex -31.82822094432807 -27.090962644125018 1.8
      vertex -32.224586983568294 26.95641450403612 1.8
    endloop
  endfacet
  facet normal 0 0 1
    outer loop
      vertex -31.82822094432807 -27.090962644125018 1.8
      vertex -31.7 -22 1.8
      vertex -31.82822094432807 27.090962644125018 1.8
    endloop
  endfacet
  facet normal 0 0 1
    outer loop
      vertex -31.7 -22 1.8
      vertex -31.67690112570929 -21.64757928100586 1.8
      vertex -31.82822094432807 27.090962644125018 1.8
    endloop
  endfacet
  facet normal 0 0 1
    outer loop
      vertex -31.67690112570929 -21.64757928100586 1.8
      vertex -31.607999730980485 -21.301188578223194 1.8
      vertex -31.82822094432807 27.090962644125018 1.8
    endloop
  endfacet
  facet normal 0 0 1
    outer loop
      vertex -31.607999730980485 -21.301188578223194 1.8
      vertex -31.494474737780475 -20.96675473261426 1.8
      vertex -31.82822094432807 27.090962644125018 1.8
    endloop
  endfacet
  facet normal 0 0 1
    outer loop
      vertex -31.494474737780475 -20.96675473261426 1.8
      vertex -31.338268590217986 -20.65 1.8
      vertex -31.338268590217986 20.65 1.8
    endloop
  endfacet
  facet normal 0 0 1
    outer loop
      vertex -31.338268590217986 -20.65 1.8
      vertex -31.142054018786336 -20.356344141676455 1.8
      vertex -31.338268590217986 20.65 1.8
    endloop
  endfacet
  facet normal 0 0 1
    outer loop
      vertex -31.142054018786336 -20.356344141676455 1.8
      vertex -30.909188309203678 -20.090811690796322 1.8
      vertex -30.909188309203678 20.090811690796322 1.8
    endloop
  endfacet
  facet normal 0 0 1
    outer loop
      vertex -30.909188309203678 -20.090811690796322 1.8
      vertex -30.643655858323545 -19.857945981213664 1.8
      vertex -30.643655858323545 19.857945981213664 1.8
    endloop
  endfacet
  facet normal 0 0 1
    outer loop
      vertex -30.643655858323545 -19.857945981213664 1.8
      vertex -30.35 -19.661731409782014 1.8
      vertex -30.35 19.661731409782014 1.8
    endloop
  endfacet
  facet normal 0 0 1
    outer loop
      vertex -30.35 -19.661731409782014 1.8
      vertex -30.03324526738574 -19.505525262219525 1.8
      vertex -30.03324526738574 19.505525262219525 1.8
    endloop
  endfacet
  facet normal 0 0 1
    outer loop
      vertex -30.03324526738574 -19.505525262219525 1.8
      vertex -29.698811421776806 -19.392000269019515 1.8
      vertex -29.698811421776806 19.392000269019515 1.8
    endloop
  endfacet
  facet normal 0 0 1
    outer loop
      vertex -29.698811421776806 -19.392000269019515 1.8
      vertex -29.35242071899414 -19.32309887429071 1.8
      vertex -29.35242071899414 19.32309887429071 1.8
    endloop
  endfacet
  facet normal 0 0 1
    outer loop
      vertex -29.35242071899414 -19.32309887429071 1.8
      vertex -29 -19.3 1.8
      vertex -29 19.3 1.8
    endloop
  endfacet
  facet normal 0 0 1
    outer loop
      vertex -29 -19.3 1.8
      vertex -28.64757928100586 -19.32309887429071 1.8
      vertex -28.64757928100586 19.32309887429071 1.8
    endloop
  endfacet
  facet normal 0 0 1
    outer loop
      vertex -28.64757928100586 -19.32309887429071 1.8
      vertex -28.301188578223194 -19.392000269019515 1.8
      vertex -28.301188578223194 19.392000269019515 1.8
    endloop
  endfacet
  facet normal 0 0 1
    outer loop
      vertex -28.301188578223194 -19.392000269019515 1.8
      vertex -27.96675473261426 -19.505525262219525 1.8
      vertex -27.96675473261426 19.505525262219525 1.8
    endloop
  endfacet
  facet normal 0 0 1
    outer loop
      vertex -27.65 -19.661731409782014 1.8
      vertex -27.356344141676455 -19.857945981213664 1.8
      vertex -15.25 -2.9499999999999993 1.8
    endloop
  endfacet
  facet normal 0 0 1
    outer loop
      vertex -27.090811690796322 -20.090811690796322 1.8
      vertex -15.25 -2.9499999999999993 1.8
      vertex -27.356344141676455 -19.857945981213664 1.8
    endloop
  endfacet
  facet normal 0 0 1
    outer loop
      vertex -27.090811690796322 -20.090811690796322 1.8
      vertex -26.857945981213664 -20.356344141676455 1.8
      vertex -15.25 -2.9499999999999993 1.8
    endloop
  endfacet
  facet normal 0 0 1
    outer loop
      vertex -27.96675473261426 -19.505525262219525 1.8
      vertex -27.65 -19.661731409782014 1.8
      vertex -15.25 -2.9499999999999993 1.8
    endloop
  endfacet
  facet normal 0 0 1
    outer loop
      vertex -27.96675473261426 -19.505525262219525 1.8
      vertex -15.25 -2.9499999999999993 1.8
      vertex -27.96675473261426 19.505525262219525 1.8
    endloop
  endfacet
  facet normal 1 0 0
    outer loop
      vertex -34.2 -24 1.8
      vertex -34.2 24 1.8
      vertex -34.2 -24 8.3
    endloop
  endfacet
  facet normal 0 0 1
    outer loop
      vertex -31.000000000000004 -27.2 1.8
      vertex 31.000000000000004 -27.2 1.8
      vertex -13.05 -25.25 1.8
    endloop
  endfacet
  facet normal 0.6593458151000712 0.7518398074789753 0
    outer loop
      vertex -33.262741699796955 -26.26274169979695 1.8
      vertex -33.262741699796955 -26.26274169979695 8.3
      vertex -32.94803657282791 -26.538730688931953 8.3
    endloop
  endfacet
  facet normal 0.5555702330195984 0.8314696123025479 0
    outer loop
      vertex -32.94803657282791 -26.538730688931953 1.8
      vertex -32.94803657282791 -26.538730688931953 8.3
      vertex -32.6 -26.771281292110203 8.3
    endloop
  endfacet
  facet normal 0.7518398074789753 0.6593458151000712 0
    outer loop
      vertex -33.538730688931956 -25.948036572827906 1.8
      vertex -33.538730688931956 -25.948036572827906 8.3
      vertex -33.262741699796955 -26.26274169979695 8.3
    endloop
  endfacet
  facet normal 0.8314696123025412 0.5555702330196082 0
    outer loop
      vertex -33.77128129211021 -25.6 1.8
      vertex -33.77128129211021 -25.6 8.3
      vertex -33.538730688931956 -25.948036572827906 8.3
    endloop
  endfacet
  facet normal 0.4422886902190091 0.8968727415326844 0
    outer loop
      vertex -32.6 -26.771281292110203 1.8
      vertex -32.6 -26.771281292110203 8.3
      vertex -32.224586983568294 -26.95641450403612 8.3
    endloop
  endfacet
  facet normal 0.3214394653031558 0.9469301294951077 0
    outer loop
      vertex -32.224586983568294 -26.95641450403612 1.8
      vertex -32.224586983568294 -26.95641450403612 8.3
      vertex -31.82822094432807 -27.090962644125018 8.3
    endloop
  endfacet
  facet normal 0.19509032201612983 0.9807852804032301 0
    outer loop
      vertex -31.82822094432807 -27.090962644125018 1.8
      vertex -31.82822094432807 -27.090962644125018 8.3
      vertex -31.41768381510417 -27.172623556396193 8.3
    endloop
  endfacet
  facet normal 0.9469301294951041 0.32143946530316597 0
    outer loop
      vertex -34.09096264412502 -24.828220944328066 1.8
      vertex -34.09096264412502 -24.828220944328066 8.3
      vertex -33.95641450403612 -25.224586983568287 8.3
    endloop
  endfacet
  facet normal 0.8968727415326945 0.4422886902189887 0
    outer loop
      vertex -33.95641450403612 -25.224586983568287 1.8
      vertex -33.95641450403612 -25.224586983568287 8.3
      vertex -33.77128129211021 -25.6 8.3
    endloop
  endfacet
  facet normal 0.9807852804032301 0.19509032201612983 0
    outer loop
      vertex -34.172623556396196 -24.417683815104166 1.8
      vertex -34.172623556396196 -24.417683815104166 8.3
      vertex -34.09096264412502 -24.828220944328066 8.3
    endloop
  endfacet
  facet normal 0.9978589232386035 0.06540312923014234 0
    outer loop
      vertex -34.2 -24 1.8
      vertex -34.2 -24 8.3
      vertex -34.172623556396196 -24.417683815104166 8.3
    endloop
  endfacet
  facet normal 0.06540312923014178 0.9978589232386036 0
    outer loop
      vertex -31.41768381510417 -27.172623556396193 1.8
      vertex -31.41768381510417 -27.172623556396193 8.3
      vertex -31 -27.2 8.3
    endloop
  endfacet
  facet normal 0 1 0
    outer loop
      vertex -31.000000000000004 -27.2 1.8
      vertex -31 -27.2 8.3
      vertex 31.000000000000004 -27.2 8.3
    endloop
  endfacet
  facet normal 0 0 1
    outer loop
      vertex -31.494474737780475 -20.96675473261426 1.8
      vertex -31.494474737780475 20.96675473261426 1.8
      vertex -31.607999730980485 21.301188578223194 1.8
    endloop
  endfacet
  facet normal 0 0 1
    outer loop
      vertex -31.142054018786336 -20.356344141676455 1.8
      vertex -30.909188309203678 20.090811690796322 1.8
      vertex -31.142054018786336 20.356344141676455 1.8
    endloop
  endfacet
  facet normal 0 0 1
    outer loop
      vertex -31.494474737780475 -20.96675473261426 1.8
      vertex -31.338268590217986 20.65 1.8
      vertex -31.494474737780475 20.96675473261426 1.8
    endloop
  endfacet
  facet normal 0 0 1
    outer loop
      vertex -31.142054018786336 -20.356344141676455 1.8
      vertex -31.142054018786336 20.356344141676455 1.8
      vertex -31.338268590217986 20.65 1.8
    endloop
  endfacet
  facet normal 0 0 1
    outer loop
      vertex -30.909188309203678 -20.090811690796322 1.8
      vertex -30.643655858323545 19.857945981213664 1.8
      vertex -30.909188309203678 20.090811690796322 1.8
    endloop
  endfacet
  facet normal 0 0 1
    outer loop
      vertex -30.643655858323545 -19.857945981213664 1.8
      vertex -30.35 19.661731409782014 1.8
      vertex -30.643655858323545 19.857945981213664 1.8
    endloop
  endfacet
  facet normal 0 0 1
    outer loop
      vertex -30.35 -19.661731409782014 1.8
      vertex -30.03324526738574 19.505525262219525 1.8
      vertex -30.35 19.661731409782014 1.8
    endloop
  endfacet
  facet normal 0 0 1
    outer loop
      vertex -30.03324526738574 -19.505525262219525 1.8
      vertex -29.698811421776806 19.392000269019515 1.8
      vertex -30.03324526738574 19.505525262219525 1.8
    endloop
  endfacet
  facet normal 0 0 1
    outer loop
      vertex -29.698811421776806 -19.392000269019515 1.8
      vertex -29.35242071899414 19.32309887429071 1.8
      vertex -29.698811421776806 19.392000269019515 1.8
    endloop
  endfacet
  facet normal 0 0 1
    outer loop
      vertex -29.35242071899414 -19.32309887429071 1.8
      vertex -29 19.3 1.8
      vertex -29.35242071899414 19.32309887429071 1.8
    endloop
  endfacet
  facet normal 0 0 1
    outer loop
      vertex -29 -19.3 1.8
      vertex -28.64757928100586 19.32309887429071 1.8
      vertex -29 19.3 1.8
    endloop
  endfacet
  facet normal 0 0 1
    outer loop
      vertex -28.64757928100586 -19.32309887429071 1.8
      vertex -28.301188578223194 19.392000269019515 1.8
      vertex -28.64757928100586 19.32309887429071 1.8
    endloop
  endfacet
  facet normal 0 0 1
    outer loop
      vertex -28.301188578223194 -19.392000269019515 1.8
      vertex -27.96675473261426 19.505525262219525 1.8
      vertex -28.301188578223194 19.392000269019515 1.8
    endloop
  endfacet
  facet normal 0 0 1
    outer loop
      vertex -34.172623556396196 -24.417683815104166 1.8
      vertex -34.172623556396196 24.417683815104166 1.8
      vertex -34.2 24 1.8
    endloop
  endfacet
  facet normal 0 0 1
    outer loop
      vertex -34.09096264412502 -24.828220944328066 1.8
      vertex -34.09096264412502 24.828220944328066 1.8
      vertex -34.172623556396196 24.417683815104166 1.8
    endloop
  endfacet
  facet normal 0 0 1
    outer loop
      vertex -33.95641450403612 -25.224586983568287 1.8
      vertex -33.95641450403612 25.224586983568287 1.8
      vertex -34.09096264412502 24.828220944328066 1.8
    endloop
  endfacet
  facet normal 0 0 1
    outer loop
      vertex -33.77128129211021 -25.6 1.8
      vertex -33.77128129211021 25.6 1.8
      vertex -33.95641450403612 25.224586983568287 1.8
    endloop
  endfacet
  facet normal 0 0 1
    outer loop
      vertex -33.538730688931956 -25.948036572827906 1.8
      vertex -33.538730688931956 25.948036572827906 1.8
      vertex -33.77128129211021 25.6 1.8
    endloop
  endfacet
  facet normal 0 0 1
    outer loop
      vertex -33.262741699796955 -26.26274169979695 1.8
      vertex -33.262741699796955 26.26274169979695 1.8
      vertex -33.538730688931956 25.948036572827906 1.8
    endloop
  endfacet
  facet normal 0 0 1
    outer loop
      vertex -32.94803657282791 -26.538730688931953 1.8
      vertex -32.94803657282791 26.538730688931953 1.8
      vertex -33.262741699796955 26.26274169979695 1.8
    endloop
  endfacet
  facet normal 0 0 1
    outer loop
      vertex -32.6 -26.771281292110203 1.8
      vertex -32.6 26.771281292110203 1.8
      vertex -32.94803657282791 26.538730688931953 1.8
    endloop
  endfacet
  facet normal 0 0 1
    outer loop
      vertex -31.494474737780475 -20.96675473261426 1.8
      vertex -31.607999730980485 21.301188578223194 1.8
      vertex -31.67690112570929 21.64757928100586 1.8
    endloop
  endfacet
  facet normal 0 0 1
    outer loop
      vertex -31.494474737780475 -20.96675473261426 1.8
      vertex -31.67690112570929 21.64757928100586 1.8
      vertex -31.7 22 1.8
    endloop
  endfacet
  facet normal 0 0 1
    outer loop
      vertex -32.224586983568294 -26.95641450403612 1.8
      vertex -32.224586983568294 26.95641450403612 1.8
      vertex -32.6 26.771281292110203 1.8
    endloop
  endfacet
  facet normal 0 0 1
    outer loop
      vertex -31.82822094432807 -27.090962644125018 1.8
      vertex -31.82822094432807 27.090962644125018 1.8
      vertex -32.224586983568294 26.95641450403612 1.8
    endloop
  endfacet
  facet normal 0 0 1
    outer loop
      vertex -31.494474737780475 -20.96675473261426 1.8
      vertex -31.7 22 1.8
      vertex -31.82822094432807 27.090962644125018 1.8
    endloop
  endfacet
  facet normal 0 0 1
    outer loop
      vertex -15.25 -2.9499999999999993 1.8
      vertex -15.231178695022383 -2.6628423771158864 1.8
      vertex -27.96675473261426 19.505525262219525 1.8
    endloop
  endfacet
  facet normal 0 0 1
    outer loop
      vertex -15.231178695022383 -2.6628423771158864 1.8
      vertex -15.175036817835952 -2.3805981007744528 1.8
      vertex -27.96675473261426 19.505525262219525 1.8
    endloop
  endfacet
  facet normal 0 0 1
    outer loop
      vertex -15.175036817835952 -2.3805981007744528 1.8
      vertex -15.082534971524831 -2.108096448796802 1.8
      vertex -27.96675473261426 19.505525262219525 1.8
    endloop
  endfacet
  facet normal 0 0 1
    outer loop
      vertex -15.082534971524831 -2.108096448796802 1.8
      vertex -14.955255888325766 -1.8499999999999996 1.8
      vertex -27.96675473261426 19.505525262219525 1.8
    endloop
  endfacet
  facet normal 0 0 1
    outer loop
      vertex -14.955255888325766 -1.8499999999999996 1.8
      vertex -14.795377348640718 -1.6107248561808145 1.8
      vertex -27.96675473261426 19.505525262219525 1.8
    endloop
  endfacet
  facet normal 0 0 1
    outer loop
      vertex -14.795377348640718 -1.6107248561808145 1.8
      vertex -14.605634918610406 -1.3943650813895943 1.8
      vertex -27.96675473261426 19.505525262219525 1.8
    endloop
  endfacet
  facet normal 0 0 1
    outer loop
      vertex -14.605634918610406 -1.3943650813895943 1.8
      vertex -14.389275143819185 -1.2046226513592817 1.8
      vertex -27.96675473261426 19.505525262219525 1.8
    endloop
  endfacet
  facet normal 0 0 1
    outer loop
      vertex -14.389275143819185 -1.2046226513592817 1.8
      vertex -14.15 -1.044744111674234 1.8
      vertex -27.96675473261426 19.505525262219525 1.8
    endloop
  endfacet
  facet normal 0 0 1
    outer loop
      vertex -14.15 -1.044744111674234 1.8
      vertex -13.891903551203198 -0.9174650284751689 1.8
      vertex -27.96675473261426 19.505525262219525 1.8
    endloop
  endfacet
  facet normal 0 0 1
    outer loop
      vertex -13.891903551203198 -0.9174650284751689 1.8
      vertex -13.619401899225547 -0.8249631821640477 1.8
      vertex -27.96675473261426 19.505525262219525 1.8
    endloop
  endfacet
  facet normal 0 0 1
    outer loop
      vertex -13.619401899225547 -0.8249631821640477 1.8
      vertex -13.337157622884114 -0.7688213049776174 1.8
      vertex -27.96675473261426 19.505525262219525 1.8
    endloop
  endfacet
  facet normal 0 0 1
    outer loop
      vertex -13.337157622884114 -0.7688213049776174 1.8
      vertex -13.05 -0.75 1.8
      vertex -27.96675473261426 19.505525262219525 1.8
    endloop
  endfacet
  facet normal 0 0 1
    outer loop
      vertex -29.970073509136853 21.598182396016657 1.8
      vertex -29.525 21.09067332602634 1.8
      vertex -30.014222117603524 21.72824000264235 1.8
    endloop
  endfacet
  facet normal 0 0 1
    outer loop
      vertex -30.014222117603524 21.72824000264235 1.8
      vertex -29.525 21.09067332602634 1.8
      vertex -30.041017104442503 21.862947498168946 1.8
    endloop
  endfacet
  facet normal 0 0 1
    outer loop
      vertex -29.525 21.09067332602634 1.8
      vertex -30.05 22 1.8
      vertex -30.041017104442503 21.862947498168946 1.8
    endloop
  endfacet
  facet normal 0 0 1
    outer loop
      vertex -29.525 21.09067332602634 1.8
      vertex -30.041017104442503 22.137052501831054 1.8
      vertex -30.05 22 1.8
    endloop
  endfacet
  facet normal 0 0 1
    outer loop
      vertex -29.833021007305796 21.360800499540844 1.8
      vertex -29.742462120245875 21.257537879754125 1.8
      vertex -29.639199500459156 21.166978992694204 1.8
    endloop
  endfacet
  facet normal 0 0 1
    outer loop
      vertex -29.90932667397366 21.475 1.8
      vertex -29.639199500459156 21.166978992694204 1.8
      vertex -29.525 21.09067332602634 1.8
    endloop
  endfacet
  facet normal 0 0 1
    outer loop
      vertex -29.833021007305796 21.360800499540844 1.8
      vertex -29.639199500459156 21.166978992694204 1.8
      vertex -29.90932667397366 21.475 1.8
    endloop
  endfacet
  facet normal 0 0 1
    outer loop
      vertex -29.90932667397366 21.475 1.8
      vertex -29.525 21.09067332602634 1.8
      vertex -29.970073509136853 21.598182396016657 1.8
    endloop
  endfacet
  facet normal 0 0 1
    outer loop
      vertex -29.27175999735765 20.985777882396476 1.8
      vertex -29.137052501831054 20.958982895557497 1.8
      vertex -27.958982895557497 21.862947498168946 1.8
    endloop
  endfacet
  facet normal 0 0 1
    outer loop
      vertex -29.137052501831054 20.958982895557497 1.8
      vertex -29 20.95 1.8
      vertex -27.958982895557497 21.862947498168946 1.8
    endloop
  endfacet
  facet normal 0 0 1
    outer loop
      vertex -29.401817603983343 21.029926490863147 1.8
      vertex -28.029926490863147 22.401817603983343 1.8
      vertex -29.525 21.09067332602634 1.8
    endloop
  endfacet
  facet normal 0 0 1
    outer loop
      vertex -29.401817603983343 21.029926490863147 1.8
      vertex -29.27175999735765 20.985777882396476 1.8
      vertex -27.985777882396476 22.27175999735765 1.8
    endloop
  endfacet
  facet normal 0 0 1
    outer loop
      vertex -29 20.95 1.8
      vertex -28.862947498168946 20.958982895557497 1.8
      vertex -27.958982895557497 21.862947498168946 1.8
    endloop
  endfacet
  facet normal 0 0 1
    outer loop
      vertex -28.72824000264235 20.985777882396476 1.8
      vertex -28.598182396016657 21.029926490863147 1.8
      vertex -28.166978992694204 21.360800499540844 1.8
    endloop
  endfacet
  facet normal 0 0 1
    outer loop
      vertex -28.598182396016657 21.029926490863147 1.8
      vertex -28.475 21.09067332602634 1.8
      vertex -28.257537879754125 21.257537879754125 1.8
    endloop
  endfacet
  facet normal 0 0 1
    outer loop
      vertex -28.862947498168946 20.958982895557497 1.8
      vertex -28.72824000264235 20.985777882396476 1.8
      vertex -27.985777882396476 21.72824000264235 1.8
    endloop
  endfacet
  facet normal 0 0 1
    outer loop
      vertex -28.475 21.09067332602634 1.8
      vertex -28.360800499540844 21.166978992694204 1.8
      vertex -28.257537879754125 21.257537879754125 1.8
    endloop
  endfacet
  facet normal 0 0 1
    outer loop
      vertex -28.598182396016657 21.029926490863147 1.8
      vertex -28.257537879754125 21.257537879754125 1.8
      vertex -28.166978992694204 21.360800499540844 1.8
    endloop
  endfacet
  facet normal 0 0 1
    outer loop
      vertex -28.72824000264235 20.985777882396476 1.8
      vertex -28.166978992694204 21.360800499540844 1.8
      vertex -28.09067332602634 21.475 1.8
    endloop
  endfacet
  facet normal 0 0 1
    outer loop
      vertex -28.72824000264235 20.985777882396476 1.8
      vertex -28.09067332602634 21.475 1.8
      vertex -28.029926490863147 21.598182396016657 1.8
    endloop
  endfacet
  facet normal 0 0 1
    outer loop
      vertex -28.862947498168946 20.958982895557497 1.8
      vertex -27.985777882396476 21.72824000264235 1.8
      vertex -27.958982895557497 21.862947498168946 1.8
    endloop
  endfacet
  facet normal 0 0 1
    outer loop
      vertex -28.72824000264235 20.985777882396476 1.8
      vertex -28.029926490863147 21.598182396016657 1.8
      vertex -27.985777882396476 21.72824000264235 1.8
    endloop
  endfacet
  facet normal 0 0 1
    outer loop
      vertex -29.27175999735765 20.985777882396476 1.8
      vertex -27.958982895557497 21.862947498168946 1.8
      vertex -27.95 22 1.8
    endloop
  endfacet
  facet normal 0 0 1
    outer loop
      vertex -29.27175999735765 20.985777882396476 1.8
      vertex -27.95 22 1.8
      vertex -27.958982895557497 22.137052501831054 1.8
    endloop
  endfacet
  facet normal 0 0 1
    outer loop
      vertex -31.7 22 1.8
      vertex -31.67690112570929 22.35242071899414 1.8
      vertex -31.82822094432807 27.090962644125018 1.8
    endloop
  endfacet
  facet normal 0 0 1
    outer loop
      vertex -31.67690112570929 22.35242071899414 1.8
      vertex -31.607999730980485 22.698811421776806 1.8
      vertex -31.82822094432807 27.090962644125018 1.8
    endloop
  endfacet
  facet normal 0 0 1
    outer loop
      vertex -31.607999730980485 22.698811421776806 1.8
      vertex -31.494474737780475 23.03324526738574 1.8
      vertex -31.82822094432807 27.090962644125018 1.8
    endloop
  endfacet
  facet normal 0 0 1
    outer loop
      vertex -31.82822094432807 27.090962644125018 1.8
      vertex -31.494474737780475 23.03324526738574 1.8
      vertex -31.41768381510417 27.172623556396193 1.8
    endloop
  endfacet
  facet normal 0 0 1
    outer loop
      vertex -29.525 21.09067332602634 1.8
      vertex -30.014222117603524 22.27175999735765 1.8
      vertex -30.041017104442503 22.137052501831054 1.8
    endloop
  endfacet
  facet normal 0 0 1
    outer loop
      vertex -29.525 21.09067332602634 1.8
      vertex -29.970073509136853 22.401817603983343 1.8
      vertex -30.014222117603524 22.27175999735765 1.8
    endloop
  endfacet
  facet normal 0 0 1
    outer loop
      vertex -29.525 21.09067332602634 1.8
      vertex -29.90932667397366 22.525 1.8
      vertex -29.970073509136853 22.401817603983343 1.8
    endloop
  endfacet
  facet normal 0 0 1
    outer loop
      vertex -29.525 21.09067332602634 1.8
      vertex -29.833021007305796 22.639199500459156 1.8
      vertex -29.90932667397366 22.525 1.8
    endloop
  endfacet
  facet normal 0 0 1
    outer loop
      vertex -29.525 21.09067332602634 1.8
      vertex -29.742462120245875 22.742462120245875 1.8
      vertex -29.833021007305796 22.639199500459156 1.8
    endloop
  endfacet
  facet normal 0 0 1
    outer loop
      vertex -29.525 21.09067332602634 1.8
      vertex -29.639199500459156 22.833021007305796 1.8
      vertex -29.742462120245875 22.742462120245875 1.8
    endloop
  endfacet
  facet normal 0 0 1
    outer loop
      vertex -29.525 21.09067332602634 1.8
      vertex -29.525 22.90932667397366 1.8
      vertex -29.639199500459156 22.833021007305796 1.8
    endloop
  endfacet
  facet normal 0 0 1
    outer loop
      vertex -29.525 21.09067332602634 1.8
      vertex -29.401817603983343 22.970073509136853 1.8
      vertex -29.525 22.90932667397366 1.8
    endloop
  endfacet
  facet normal 0 0 1
    outer loop
      vertex -29.525 21.09067332602634 1.8
      vertex -29.27175999735765 23.014222117603524 1.8
      vertex -29.401817603983343 22.970073509136853 1.8
    endloop
  endfacet
  facet normal 0 0 1
    outer loop
      vertex -29.525 21.09067332602634 1.8
      vertex -29.137052501831054 23.041017104442503 1.8
      vertex -29.27175999735765 23.014222117603524 1.8
    endloop
  endfacet
  facet normal 0 0 1
    outer loop
      vertex -31.494474737780475 23.03324526738574 1.8
      vertex -31.338268590217986 23.35 1.8
      vertex -31.41768381510417 27.172623556396193 1.8
    endloop
  endfacet
  facet normal 0 0 1
    outer loop
      vertex -31.338268590217986 23.35 1.8
      vertex -31.142054018786336 23.643655858323545 1.8
      vertex -31.41768381510417 27.172623556396193 1.8
    endloop
  endfacet
  facet normal 0 0 1
    outer loop
      vertex -31.142054018786336 23.643655858323545 1.8
      vertex -30.909188309203678 23.909188309203678 1.8
      vertex -31.000000000000004 27.2 1.8
    endloop
  endfacet
  facet normal 0 0 1
    outer loop
      vertex -30.909188309203678 23.909188309203678 1.8
      vertex -30.643655858323545 24.142054018786336 1.8
      vertex -31.000000000000004 27.2 1.8
    endloop
  endfacet
  facet normal 0 0 1
    outer loop
      vertex -30.643655858323545 24.142054018786336 1.8
      vertex -30.35 24.338268590217986 1.8
      vertex -31.000000000000004 27.2 1.8
    endloop
  endfacet
  facet normal 0 0 1
    outer loop
      vertex -30.35 24.338268590217986 1.8
      vertex -30.03324526738574 24.494474737780475 1.8
      vertex -31.000000000000004 27.2 1.8
    endloop
  endfacet
  facet normal 0 0 1
    outer loop
      vertex -29.525 21.09067332602634 1.8
      vertex -29 23.05 1.8
      vertex -29.137052501831054 23.041017104442503 1.8
    endloop
  endfacet
  facet normal 0 0 1
    outer loop
      vertex -29.525 21.09067332602634 1.8
      vertex -28.862947498168946 23.041017104442503 1.8
      vertex -29 23.05 1.8
    endloop
  endfacet
  facet normal 0 0 1
    outer loop
      vertex -29.525 21.09067332602634 1.8
      vertex -28.72824000264235 23.014222117603524 1.8
      vertex -28.862947498168946 23.041017104442503 1.8
    endloop
  endfacet
  facet normal 0 0 1
    outer loop
      vertex -29.525 21.09067332602634 1.8
      vertex -28.598182396016657 22.970073509136853 1.8
      vertex -28.72824000264235 23.014222117603524 1.8
    endloop
  endfacet
  facet normal 0 0 1
    outer loop
      vertex -29.525 21.09067332602634 1.8
      vertex -28.475 22.90932667397366 1.8
      vertex -28.598182396016657 22.970073509136853 1.8
    endloop
  endfacet
  facet normal 0 0 1
    outer loop
      vertex -29.525 21.09067332602634 1.8
      vertex -28.360800499540844 22.833021007305796 1.8
      vertex -28.475 22.90932667397366 1.8
    endloop
  endfacet
  facet normal 0 0 1
    outer loop
      vertex -29.525 21.09067332602634 1.8
      vertex -28.257537879754125 22.742462120245875 1.8
      vertex -28.360800499540844 22.833021007305796 1.8
    endloop
  endfacet
  facet normal 0 0 1
    outer loop
      vertex -29.401817603983343 21.029926490863147 1.8
      vertex -27.985777882396476 22.27175999735765 1.8
      vertex -28.029926490863147 22.401817603983343 1.8
    endloop
  endfacet
  facet normal 0 0 1
    outer loop
      vertex -29.525 21.09067332602634 1.8
      vertex -28.029926490863147 22.401817603983343 1.8
      vertex -28.09067332602634 22.525 1.8
    endloop
  endfacet
  facet normal 0 0 1
    outer loop
      vertex -29.525 21.09067332602634 1.8
      vertex -28.09067332602634 22.525 1.8
      vertex -28.166978992694204 22.639199500459156 1.8
    endloop
  endfacet
  facet normal 0 0 1
    outer loop
      vertex -29.525 21.09067332602634 1.8
      vertex -28.166978992694204 22.639199500459156 1.8
      vertex -28.257537879754125 22.742462120245875 1.8
    endloop
  endfacet
  facet normal 0 0 1
    outer loop
      vertex -29.27175999735765 20.985777882396476 1.8
      vertex -27.958982895557497 22.137052501831054 1.8
      vertex -27.985777882396476 22.27175999735765 1.8
    endloop
  endfacet
  facet normal 0 0 1
    outer loop
      vertex -31.142054018786336 23.643655858323545 1.8
      vertex -31.000000000000004 27.2 1.8
      vertex -31.41768381510417 27.172623556396193 1.8
    endloop
  endfacet
  facet normal 0 0 1
    outer loop
      vertex -30.03324526738574 24.494474737780475 1.8
      vertex -29.698811421776806 24.607999730980485 1.8
      vertex -31.000000000000004 27.2 1.8
    endloop
  endfacet
  facet normal 0 0 1
    outer loop
      vertex -29.698811421776806 24.607999730980485 1.8
      vertex -29.35242071899414 24.67690112570929 1.8
      vertex -31.000000000000004 27.2 1.8
    endloop
  endfacet
  facet normal 0 0 1
    outer loop
      vertex -29.35242071899414 24.67690112570929 1.8
      vertex -29 24.7 1.8
      vertex -31.000000000000004 27.2 1.8
    endloop
  endfacet
  facet normal 0 0 1
    outer loop
      vertex -29 24.7 1.8
      vertex -28.64757928100586 24.67690112570929 1.8
      vertex -31.000000000000004 27.2 1.8
    endloop
  endfacet
  facet normal 0 0 1
    outer loop
      vertex -28.64757928100586 24.67690112570929 1.8
      vertex -28.301188578223194 24.607999730980485 1.8
      vertex -31.000000000000004 27.2 1.8
    endloop
  endfacet
  facet normal 0 0 1
    outer loop
      vertex -28.301188578223194 24.607999730980485 1.8
      vertex -27.96675473261426 24.494474737780475 1.8
      vertex -31.000000000000004 27.2 1.8
    endloop
  endfacet
  facet normal 0 0 1
    outer loop
      vertex -27.96675473261426 19.505525262219525 1.8
      vertex -11 20.2 1.8
      vertex -27.65 19.661731409782014 1.8
    endloop
  endfacet
  facet normal 0 0 1
    outer loop
      vertex -27.65 19.661731409782014 1.8
      vertex -11 20.2 1.8
      vertex -27.356344141676455 19.857945981213664 1.8
    endloop
  endfacet
  facet normal 0 0 1
    outer loop
      vertex -27.356344141676455 19.857945981213664 1.8
      vertex -11 20.2 1.8
      vertex -27.090811690796322 20.090811690796322 1.8
    endloop
  endfacet
  facet normal 0 0 1
    outer loop
      vertex -27.090811690796322 20.090811690796322 1.8
      vertex -11 20.2 1.8
      vertex -26.857945981213664 20.356344141676455 1.8
    endloop
  endfacet
  facet normal 0 0 1
    outer loop
      vertex -26.857945981213664 20.356344141676455 1.8
      vertex -11 20.2 1.8
      vertex -26.661731409782014 20.65 1.8
    endloop
  endfacet
  facet normal 0 0 1
    outer loop
      vertex -26.661731409782014 20.65 1.8
      vertex -11 20.2 1.8
      vertex -26.505525262219525 20.96675473261426 1.8
    endloop
  endfacet
  facet normal 0 0 1
    outer loop
      vertex -26.505525262219525 20.96675473261426 1.8
      vertex -11 20.2 1.8
      vertex -26.392000269019515 21.301188578223194 1.8
    endloop
  endfacet
  facet normal 0 0 1
    outer loop
      vertex -26.392000269019515 21.301188578223194 1.8
      vertex -11 20.2 1.8
      vertex -26.32309887429071 21.64757928100586 1.8
    endloop
  endfacet
  facet normal 0 0 1
    outer loop
      vertex -26.32309887429071 21.64757928100586 1.8
      vertex -11 20.2 1.8
      vertex -26.3 22 1.8
    endloop
  endfacet
  facet normal 0 0 1
    outer loop
      vertex -26.3 22 1.8
      vertex -11 20.2 1.8
      vertex -26.32309887429071 22.35242071899414 1.8
    endloop
  endfacet
  facet normal 0 0 1
    outer loop
      vertex -26.505525262219525 23.03324526738574 1.8
      vertex -11 20.2 1.8
      vertex -26.661731409782014 23.35 1.8
    endloop
  endfacet
  facet normal 0 0 1
    outer loop
      vertex -26.661731409782014 23.35 1.8
      vertex -11 20.2 1.8
      vertex -26.857945981213664 23.643655858323545 1.8
    endloop
  endfacet
  facet normal 0 0 1
    outer loop
      vertex -26.32309887429071 22.35242071899414 1.8
      vertex -11 20.2 1.8
      vertex -26.392000269019515 22.698811421776806 1.8
    endloop
  endfacet
  facet normal 0 0 1
    outer loop
      vertex -26.505525262219525 23.03324526738574 1.8
      vertex -26.392000269019515 22.698811421776806 1.8
      vertex -11 20.2 1.8
    endloop
  endfacet
  facet normal 0.9978589232386035 -0.06540312923014234 0
    outer loop
      vertex -34.2 24 1.8
      vertex -34.172623556396196 24.417683815104166 1.8
      vertex -34.2 24 8.3
    endloop
  endfacet
  facet normal 0.9807852804032301 -0.19509032201612983 0
    outer loop
      vertex -34.172623556396196 24.417683815104166 1.8
      vertex -34.09096264412502 24.828220944328066 1.8
      vertex -34.172623556396196 24.417683815104166 8.3
    endloop
  endfacet
  facet normal 0.9469301294951041 -0.32143946530316597 0
    outer loop
      vertex -34.09096264412502 24.828220944328066 1.8
      vertex -33.95641450403612 25.224586983568287 1.8
      vertex -34.09096264412502 24.828220944328066 8.3
    endloop
  endfacet
  facet normal 0.8968727415326945 -0.4422886902189887 0
    outer loop
      vertex -33.95641450403612 25.224586983568287 1.8
      vertex -33.77128129211021 25.6 1.8
      vertex -33.95641450403612 25.224586983568287 8.3
    endloop
  endfacet
  facet normal 0.8314696123025412 -0.5555702330196082 0
    outer loop
      vertex -33.77128129211021 25.6 1.8
      vertex -33.538730688931956 25.948036572827906 1.8
      vertex -33.77128129211021 25.6 8.3
    endloop
  endfacet
  facet normal 0.7518398074789753 -0.6593458151000712 0
    outer loop
      vertex -33.538730688931956 25.948036572827906 1.8
      vertex -33.262741699796955 26.26274169979695 1.8
      vertex -33.538730688931956 25.948036572827906 8.3
    endloop
  endfacet
  facet normal 0.6593458151000712 -0.7518398074789753 0
    outer loop
      vertex -33.262741699796955 26.26274169979695 1.8
      vertex -32.94803657282791 26.538730688931953 1.8
      vertex -33.262741699796955 26.26274169979695 8.3
    endloop
  endfacet
  facet normal 0.5555702330195984 -0.8314696123025479 0
    outer loop
      vertex -32.94803657282791 26.538730688931953 1.8
      vertex -32.6 26.771281292110203 1.8
      vertex -32.94803657282791 26.538730688931953 8.3
    endloop
  endfacet
  facet normal 0.4422886902190091 -0.8968727415326844 0
    outer loop
      vertex -32.6 26.771281292110203 1.8
      vertex -32.224586983568294 26.95641450403612 1.8
      vertex -32.6 26.771281292110203 8.3
    endloop
  endfacet
  facet normal 0.3214394653031558 -0.9469301294951077 0
    outer loop
      vertex -32.224586983568294 26.95641450403612 1.8
      vertex -31.82822094432807 27.090962644125018 1.8
      vertex -32.224586983568294 26.95641450403612 8.3
    endloop
  endfacet
  facet normal 0.19509032201612983 -0.9807852804032301 0
    outer loop
      vertex -31.82822094432807 27.090962644125018 1.8
      vertex -31.41768381510417 27.172623556396193 1.8
      vertex -31.82822094432807 27.090962644125018 8.3
    endloop
  endfacet
  facet normal 0.06540312923014234 -0.9978589232386035 0
    outer loop
      vertex -31.41768381510417 27.172623556396193 1.8
      vertex -31.000000000000004 27.2 1.8
      vertex -31.41768381510417 27.172623556396193 8.3
    endloop
  endfacet
  facet normal 0 0 1
    outer loop
      vertex -13.05 -0.75 1.8
      vertex -10.407055236082016 5.027259338968745 1.8
      vertex -10.506146745892071 5.06089637399097 1.8
    endloop
  endfacet
  facet normal 0 0 1
    outer loop
      vertex -13.05 -0.75 1.8
      vertex -10.506146745892071 5.06089637399097 1.8
      vertex -10.6 5.107179676972449 1.8
    endloop
  endfacet
  facet normal 0 0 1
    outer loop
      vertex -13.05 -0.75 1.8
      vertex -10.304420953776042 5.006844110900952 1.8
      vertex -10.407055236082016 5.027259338968745 1.8
    endloop
  endfacet
  facet normal 0 0 1
    outer loop
      vertex -13.05 -0.75 1.8
      vertex -10.765685424949238 5.234314575050762 1.8
      vertex -10.834682672232988 5.312990856793023 1.8
    endloop
  endfacet
  facet normal 0 0 1
    outer loop
      vertex -13.05 -0.75 1.8
      vertex -10.89282032302755 5.3999999999999995 1.8
      vertex -10.939103626009029 5.493853254107928 1.8
    endloop
  endfacet
  facet normal 0 0 1
    outer loop
      vertex -13.05 -0.75 1.8
      vertex -10.834682672232988 5.312990856793023 1.8
      vertex -10.89282032302755 5.3999999999999995 1.8
    endloop
  endfacet
  facet normal 0 0 1
    outer loop
      vertex -13.05 -0.75 1.8
      vertex -10.972740661031255 5.592944763917983 1.8
      vertex -10.993155889099048 5.695579046223958 1.8
    endloop
  endfacet
  facet normal 0 0 1
    outer loop
      vertex -13.05 -0.75 1.8
      vertex -10.993155889099048 5.695579046223958 1.8
      vertex -11 5.8 1.8
    endloop
  endfacet
  facet normal 0 0 1
    outer loop
      vertex -13.05 -0.75 1.8
      vertex -10.939103626009029 5.493853254107928 1.8
      vertex -10.972740661031255 5.592944763917983 1.8
    endloop
  endfacet
  facet normal 0 0 1
    outer loop
      vertex -13.05 -0.75 1.8
      vertex -10.687009143206977 5.165317327767012 1.8
      vertex -10.765685424949238 5.234314575050762 1.8
    endloop
  endfacet
  facet normal 0 0 1
    outer loop
      vertex -13.05 -0.75 1.8
      vertex -10.6 5.107179676972449 1.8
      vertex -10.687009143206977 5.165317327767012 1.8
    endloop
  endfacet
  facet normal 0 0 1
    outer loop
      vertex -13.05 -0.75 1.8
      vertex -10.2 5 1.8
      vertex -10.304420953776042 5.006844110900952 1.8
    endloop
  endfacet
  facet normal 0 0 1
    outer loop
      vertex -13.05 -0.75 1.8
      vertex -9.8 5 1.8
      vertex -10.2 5 1.8
    endloop
  endfacet
  facet normal 0 0 1
    outer loop
      vertex -13.05 -0.75 1.8
      vertex -9.695579046223958 5.006844110900952 1.8
      vertex -9.8 5 1.8
    endloop
  endfacet
  facet normal 0 0 1
    outer loop
      vertex -13.05 -0.75 1.8
      vertex -5.304420953776042 5.006844110900952 1.8
      vertex -9.695579046223958 5.006844110900952 1.8
    endloop
  endfacet
  facet normal 0 0 1
    outer loop
      vertex -13.05 -0.75 1.8
      vertex -11 5.8 1.8
      vertex -27.96675473261426 19.505525262219525 1.8
    endloop
  endfacet
  facet normal 0 0 1
    outer loop
      vertex -13.05 -0.75 1.8
      vertex -2.5 -0.75 1.8
      vertex -5.304420953776042 5.006844110900952 1.8
    endloop
  endfacet
  facet normal 0 0 1
    outer loop
      vertex -9.695579046223958 5.006844110900952 1.8
      vertex -5.407055236082017 5.027259338968745 1.8
      vertex -9.592944763917984 5.027259338968745 1.8
    endloop
  endfacet
  facet normal 0 0 1
    outer loop
      vertex -9.592944763917984 5.027259338968745 1.8
      vertex -5.506146745892072 5.06089637399097 1.8
      vertex -9.493853254107929 5.06089637399097 1.8
    endloop
  endfacet
  facet normal 0 0 1
    outer loop
      vertex -9.493853254107929 5.06089637399097 1.8
      vertex -5.6 5.107179676972449 1.8
      vertex -9.4 5.107179676972449 1.8
    endloop
  endfacet
  facet normal 0 0 1
    outer loop
      vertex -9.4 5.107179676972449 1.8
      vertex -5.687009143206977 5.165317327767012 1.8
      vertex -9.312990856793023 5.165317327767012 1.8
    endloop
  endfacet
  facet normal 0 0 1
    outer loop
      vertex -9.312990856793023 5.165317327767012 1.8
      vertex -5.765685424949238 5.234314575050762 1.8
      vertex -9.234314575050762 5.234314575050762 1.8
    endloop
  endfacet
  facet normal 0 0 1
    outer loop
      vertex -9.234314575050762 5.234314575050762 1.8
      vertex -5.834682672232988 5.312990856793023 1.8
      vertex -9.165317327767012 5.312990856793023 1.8
    endloop
  endfacet
  facet normal 0 0 1
    outer loop
      vertex -9.165317327767012 5.312990856793023 1.8
      vertex -5.892820323027551 5.3999999999999995 1.8
      vertex -9.10717967697245 5.3999999999999995 1.8
    endloop
  endfacet
  facet normal 0 0 1
    outer loop
      vertex -9.4 5.107179676972449 1.8
      vertex -5.6 5.107179676972449 1.8
      vertex -5.687009143206977 5.165317327767012 1.8
    endloop
  endfacet
  facet normal 0 0 1
    outer loop
      vertex -9.312990856793023 5.165317327767012 1.8
      vertex -5.687009143206977 5.165317327767012 1.8
      vertex -5.765685424949238 5.234314575050762 1.8
    endloop
  endfacet
  facet normal 0 0 1
    outer loop
      vertex -9.592944763917984 5.027259338968745 1.8
      vertex -5.407055236082017 5.027259338968745 1.8
      vertex -5.506146745892072 5.06089637399097 1.8
    endloop
  endfacet
  facet normal 0 0 1
    outer loop
      vertex -9.493853254107929 5.06089637399097 1.8
      vertex -5.506146745892072 5.06089637399097 1.8
      vertex -5.6 5.107179676972449 1.8
    endloop
  endfacet
  facet normal 0 0 1
    outer loop
      vertex -9.695579046223958 5.006844110900952 1.8
      vertex -5.304420953776042 5.006844110900952 1.8
      vertex -5.407055236082017 5.027259338968745 1.8
    endloop
  endfacet
  facet normal 0 0 1
    outer loop
      vertex -9.234314575050762 5.234314575050762 1.8
      vertex -5.765685424949238 5.234314575050762 1.8
      vertex -5.834682672232988 5.312990856793023 1.8
    endloop
  endfacet
  facet normal 0 0 1
    outer loop
      vertex -9.165317327767012 5.312990856793023 1.8
      vertex -5.834682672232988 5.312990856793023 1.8
      vertex -5.892820323027551 5.3999999999999995 1.8
    endloop
  endfacet
  facet normal 0 0 1
    outer loop
      vertex -9.10717967697245 5.3999999999999995 1.8
      vertex -5.892820323027551 5.3999999999999995 1.8
      vertex -5.93910362600903 5.493853254107928 1.8
    endloop
  endfacet
  facet normal 0 0 1
    outer loop
      vertex -9.10717967697245 5.3999999999999995 1.8
      vertex -5.93910362600903 5.493853254107928 1.8
      vertex -9.060896373990971 5.493853254107928 1.8
    endloop
  endfacet
  facet normal 0 0 1
    outer loop
      vertex -9.060896373990971 5.493853254107928 1.8
      vertex -5.972740661031255 5.592944763917983 1.8
      vertex -9.027259338968745 5.592944763917983 1.8
    endloop
  endfacet
  facet normal 0 0 1
    outer loop
      vertex -9.027259338968745 5.592944763917983 1.8
      vertex -5.993155889099048 5.695579046223958 1.8
      vertex -9.006844110900952 5.695579046223958 1.8
    endloop
  endfacet
  facet normal 0 0 1
    outer loop
      vertex -9.006844110900952 5.695579046223958 1.8
      vertex -6 5.8 1.8
      vertex -9 5.8 1.8
    endloop
  endfacet
  facet normal 0 0 1
    outer loop
      vertex -9.060896373990971 5.493853254107928 1.8
      vertex -5.93910362600903 5.493853254107928 1.8
      vertex -5.972740661031255 5.592944763917983 1.8
    endloop
  endfacet
  facet normal 0 0 1
    outer loop
      vertex -9.027259338968745 5.592944763917983 1.8
      vertex -5.972740661031255 5.592944763917983 1.8
      vertex -5.993155889099048 5.695579046223958 1.8
    endloop
  endfacet
  facet normal 0 0 1
    outer loop
      vertex -9.006844110900952 5.695579046223958 1.8
      vertex -5.993155889099048 5.695579046223958 1.8
      vertex -6 5.8 1.8
    endloop
  endfacet
  facet normal 0 0 1
    outer loop
      vertex -2.5 -0.75 1.8
      vertex -5.2 5 1.8
      vertex -5.304420953776042 5.006844110900952 1.8
    endloop
  endfacet
  facet normal 0 0 1
    outer loop
      vertex -2.5 -0.75 1.8
      vertex -4.8 5 1.8
      vertex -5.2 5 1.8
    endloop
  endfacet
  facet normal 0 0 1
    outer loop
      vertex -2.5 -0.75 1.8
      vertex -4.695579046223958 5.006844110900952 1.8
      vertex -4.8 5 1.8
    endloop
  endfacet
  facet normal 0 0 1
    outer loop
      vertex -2.5 -0.75 1.8
      vertex -4.592944763917983 5.027259338968745 1.8
      vertex -4.695579046223958 5.006844110900952 1.8
    endloop
  endfacet
  facet normal 0 0 1
    outer loop
      vertex -2.5 -0.75 1.8
      vertex -4.493853254107928 5.06089637399097 1.8
      vertex -4.592944763917983 5.027259338968745 1.8
    endloop
  endfacet
  facet normal 0 0 1
    outer loop
      vertex -2.5 -0.75 1.8
      vertex -4.4 5.107179676972449 1.8
      vertex -4.493853254107928 5.06089637399097 1.8
    endloop
  endfacet
  facet normal 0 0 1
    outer loop
      vertex -2.5 -0.75 1.8
      vertex -4.312990856793023 5.165317327767012 1.8
      vertex -4.4 5.107179676972449 1.8
    endloop
  endfacet
  facet normal 0 0 1
    outer loop
      vertex -2.5 -0.75 1.8
      vertex -4.234314575050762 5.234314575050762 1.8
      vertex -4.312990856793023 5.165317327767012 1.8
    endloop
  endfacet
  facet normal 0 0 1
    outer loop
      vertex -2.5 -0.75 1.8
      vertex -4.165317327767012 5.312990856793023 1.8
      vertex -4.234314575050762 5.234314575050762 1.8
    endloop
  endfacet
  facet normal 0 0 1
    outer loop
      vertex -2.5 -0.75 1.8
      vertex -4.107179676972449 5.3999999999999995 1.8
      vertex -4.165317327767012 5.312990856793023 1.8
    endloop
  endfacet
  facet normal 0 0 1
    outer loop
      vertex -2.5 -0.75 1.8
      vertex -4.06089637399097 5.493853254107928 1.8
      vertex -4.107179676972449 5.3999999999999995 1.8
    endloop
  endfacet
  facet normal 0 0 1
    outer loop
      vertex -2.5 -0.75 1.8
      vertex -4.027259338968745 5.592944763917983 1.8
      vertex -4.06089637399097 5.493853254107928 1.8
    endloop
  endfacet
  facet normal 0 0 1
    outer loop
      vertex -2.5 -0.75 1.8
      vertex -4.006844110900952 5.695579046223958 1.8
      vertex -4.027259338968745 5.592944763917983 1.8
    endloop
  endfacet
  facet normal 0 0 1
    outer loop
      vertex -2.5 -0.75 1.8
      vertex -4 5.8 1.8
      vertex -4.006844110900952 5.695579046223958 1.8
    endloop
  endfacet
  facet normal 0 0 1
    outer loop
      vertex -2.5 -0.75 1.8
      vertex -2.5 15.25 1.8
      vertex -4 5.8 1.8
    endloop
  endfacet
  facet normal 0 0 1
    outer loop
      vertex -9 5.8 1.8
      vertex -6 5.8 1.8
      vertex -6 20.2 1.8
    endloop
  endfacet
  facet normal 0 0 1
    outer loop
      vertex -4 5.8 1.8
      vertex -2.5 15.25 1.8
      vertex -4 20.2 1.8
    endloop
  endfacet
  facet normal 0 0 1
    outer loop
      vertex -27.96675473261426 19.505525262219525 1.8
      vertex -11 5.8 1.8
      vertex -11 20.2 1.8
    endloop
  endfacet
  facet normal 0 0 1
    outer loop
      vertex -26.857945981213664 23.643655858323545 1.8
      vertex -11 20.2 1.8
      vertex -10.993155889099048 20.30442095377604 1.8
    endloop
  endfacet
  facet normal 0 0 1
    outer loop
      vertex -26.857945981213664 23.643655858323545 1.8
      vertex -10.993155889099048 20.30442095377604 1.8
      vertex -10.972740661031255 20.407055236082016 1.8
    endloop
  endfacet
  facet normal 0 0 1
    outer loop
      vertex -26.857945981213664 23.643655858323545 1.8
      vertex -10.972740661031255 20.407055236082016 1.8
      vertex -10.939103626009029 20.50614674589207 1.8
    endloop
  endfacet
  facet normal 0 0 1
    outer loop
      vertex -26.857945981213664 23.643655858323545 1.8
      vertex -10.939103626009029 20.50614674589207 1.8
      vertex -10.89282032302755 20.6 1.8
    endloop
  endfacet
  facet normal 0 0 1
    outer loop
      vertex -26.857945981213664 23.643655858323545 1.8
      vertex -10.89282032302755 20.6 1.8
      vertex -10.834682672232988 20.68700914320698 1.8
    endloop
  endfacet
  facet normal 0 0 1
    outer loop
      vertex -26.857945981213664 23.643655858323545 1.8
      vertex -10.834682672232988 20.68700914320698 1.8
      vertex -10.765685424949238 20.76568542494924 1.8
    endloop
  endfacet
  facet normal 0 0 1
    outer loop
      vertex -26.857945981213664 23.643655858323545 1.8
      vertex -10.765685424949238 20.76568542494924 1.8
      vertex -10.687009143206977 20.834682672232987 1.8
    endloop
  endfacet
  facet normal 0 0 1
    outer loop
      vertex -26.857945981213664 23.643655858323545 1.8
      vertex -10.687009143206977 20.834682672232987 1.8
      vertex -10.6 20.89282032302755 1.8
    endloop
  endfacet
  facet normal 0 0 1
    outer loop
      vertex -26.857945981213664 23.643655858323545 1.8
      vertex -10.6 20.89282032302755 1.8
      vertex -10.506146745892071 20.93910362600903 1.8
    endloop
  endfacet
  facet normal 0 0 1
    outer loop
      vertex -26.857945981213664 23.643655858323545 1.8
      vertex -10.506146745892071 20.93910362600903 1.8
      vertex -10.407055236082016 20.972740661031253 1.8
    endloop
  endfacet
  facet normal 0 0 1
    outer loop
      vertex -26.857945981213664 23.643655858323545 1.8
      vertex -10.407055236082016 20.972740661031253 1.8
      vertex -10.304420953776042 20.99315588909905 1.8
    endloop
  endfacet
  facet normal 0 0 1
    outer loop
      vertex -26.857945981213664 23.643655858323545 1.8
      vertex -10.304420953776042 20.99315588909905 1.8
      vertex -10.2 21 1.8
    endloop
  endfacet
  facet normal 0 0 1
    outer loop
      vertex -26.857945981213664 23.643655858323545 1.8
      vertex -10.2 21 1.8
      vertex -9.8 21 1.8
    endloop
  endfacet
  facet normal 0 0 1
    outer loop
      vertex -26.857945981213664 23.643655858323545 1.8
      vertex -9.8 21 1.8
      vertex -5.2 21 1.8
    endloop
  endfacet
  facet normal 0 0 1
    outer loop
      vertex -26.857945981213664 23.643655858323545 1.8
      vertex -5.2 21 1.8
      vertex -4.8 21 1.8
    endloop
  endfacet
  facet normal 0 0 1
    outer loop
      vertex -26.857945981213664 23.643655858323545 1.8
      vertex -4.8 21 1.8
      vertex -4.695579046223958 20.99315588909905 1.8
    endloop
  endfacet
  facet normal 0 0 1
    outer loop
      vertex -26.857945981213664 23.643655858323545 1.8
      vertex -4.695579046223958 20.99315588909905 1.8
      vertex -0.3044209537760412 20.99315588909905 1.8
    endloop
  endfacet
  facet normal 0 0 1
    outer loop
      vertex -26.857945981213664 23.643655858323545 1.8
      vertex -0.3044209537760412 20.99315588909905 1.8
      vertex -0.19999999999999996 21 1.8
    endloop
  endfacet
  facet normal 0 0 1
    outer loop
      vertex -27.96675473261426 24.494474737780475 1.8
      vertex 31.000000000000004 27.2 1.8
      vertex -31.000000000000004 27.2 1.8
    endloop
  endfacet
  facet normal 0 0 1
    outer loop
      vertex -9 5.8 1.8
      vertex -6 20.2 1.8
      vertex -9 20.2 1.8
    endloop
  endfacet
  facet normal 0 0 1
    outer loop
      vertex -9.006844110900952 20.30442095377604 1.8
      vertex -9 20.2 1.8
      vertex -5.993155889099048 20.30442095377604 1.8
    endloop
  endfacet
  facet normal 0 0 1
    outer loop
      vertex -9.006844110900952 20.30442095377604 1.8
      vertex -5.972740661031255 20.407055236082016 1.8
      vertex -9.027259338968745 20.407055236082016 1.8
    endloop
  endfacet
  facet normal 0 0 1
    outer loop
      vertex -9.10717967697245 20.6 1.8
      vertex -9.060896373990971 20.50614674589207 1.8
      vertex -5.892820323027551 20.6 1.8
    endloop
  endfacet
  facet normal 0 0 1
    outer loop
      vertex -9.027259338968745 20.407055236082016 1.8
      vertex -5.93910362600903 20.50614674589207 1.8
      vertex -9.060896373990971 20.50614674589207 1.8
    endloop
  endfacet
  facet normal 0 0 1
    outer loop
      vertex -9.10717967697245 20.6 1.8
      vertex -5.834682672232988 20.68700914320698 1.8
      vertex -9.165317327767012 20.68700914320698 1.8
    endloop
  endfacet
  facet normal 0 0 1
    outer loop
      vertex -9.165317327767012 20.68700914320698 1.8
      vertex -5.765685424949238 20.76568542494924 1.8
      vertex -9.234314575050762 20.76568542494924 1.8
    endloop
  endfacet
  facet normal 0 0 1
    outer loop
      vertex -9.312990856793023 20.834682672232987 1.8
      vertex -9.234314575050762 20.76568542494924 1.8
      vertex -5.687009143206977 20.834682672232987 1.8
    endloop
  endfacet
  facet normal 0 0 1
    outer loop
      vertex -9.8 21 1.8
      vertex -9.695579046223958 20.99315588909905 1.8
      vertex -5.2 21 1.8
    endloop
  endfacet
  facet normal 0 0 1
    outer loop
      vertex -9.592944763917984 20.972740661031253 1.8
      vertex -9.493853254107929 20.93910362600903 1.8
      vertex -5.407055236082017 20.972740661031253 1.8
    endloop
  endfacet
  facet normal 0 0 1
    outer loop
      vertex -9.695579046223958 20.99315588909905 1.8
      vertex -9.592944763917984 20.972740661031253 1.8
      vertex -5.304420953776042 20.99315588909905 1.8
    endloop
  endfacet
  facet normal 0 0 1
    outer loop
      vertex -9.312990856793023 20.834682672232987 1.8
      vertex -5.6 20.89282032302755 1.8
      vertex -9.4 20.89282032302755 1.8
    endloop
  endfacet
  facet normal 0 0 1
    outer loop
      vertex -9.493853254107929 20.93910362600903 1.8
      vertex -9.4 20.89282032302755 1.8
      vertex -5.506146745892072 20.93910362600903 1.8
    endloop
  endfacet
  facet normal 0 0 1
    outer loop
      vertex -9 20.2 1.8
      vertex -6 20.2 1.8
      vertex -5.993155889099048 20.30442095377604 1.8
    endloop
  endfacet
  facet normal 0 0 1
    outer loop
      vertex -9.006844110900952 20.30442095377604 1.8
      vertex -5.993155889099048 20.30442095377604 1.8
      vertex -5.972740661031255 20.407055236082016 1.8
    endloop
  endfacet
  facet normal 0 0 1
    outer loop
      vertex -9.027259338968745 20.407055236082016 1.8
      vertex -5.972740661031255 20.407055236082016 1.8
      vertex -5.93910362600903 20.50614674589207 1.8
    endloop
  endfacet
  facet normal 0 0 1
    outer loop
      vertex -9.060896373990971 20.50614674589207 1.8
      vertex -5.93910362600903 20.50614674589207 1.8
      vertex -5.892820323027551 20.6 1.8
    endloop
  endfacet
  facet normal 0 0 1
    outer loop
      vertex -9.10717967697245 20.6 1.8
      vertex -5.892820323027551 20.6 1.8
      vertex -5.834682672232988 20.68700914320698 1.8
    endloop
  endfacet
  facet normal 0 0 1
    outer loop
      vertex -9.165317327767012 20.68700914320698 1.8
      vertex -5.834682672232988 20.68700914320698 1.8
      vertex -5.765685424949238 20.76568542494924 1.8
    endloop
  endfacet
  facet normal 0 0 1
    outer loop
      vertex -9.234314575050762 20.76568542494924 1.8
      vertex -5.765685424949238 20.76568542494924 1.8
      vertex -5.687009143206977 20.834682672232987 1.8
    endloop
  endfacet
  facet normal 0 0 1
    outer loop
      vertex -9.312990856793023 20.834682672232987 1.8
      vertex -5.687009143206977 20.834682672232987 1.8
      vertex -5.6 20.89282032302755 1.8
    endloop
  endfacet
  facet normal 0 0 1
    outer loop
      vertex -9.4 20.89282032302755 1.8
      vertex -5.6 20.89282032302755 1.8
      vertex -5.506146745892072 20.93910362600903 1.8
    endloop
  endfacet
  facet normal 0 0 1
    outer loop
      vertex -9.493853254107929 20.93910362600903 1.8
      vertex -5.506146745892072 20.93910362600903 1.8
      vertex -5.407055236082017 20.972740661031253 1.8
    endloop
  endfacet
  facet normal 0 0 1
    outer loop
      vertex -9.592944763917984 20.972740661031253 1.8
      vertex -5.407055236082017 20.972740661031253 1.8
      vertex -5.304420953776042 20.99315588909905 1.8
    endloop
  endfacet
  facet normal 0 0 1
    outer loop
      vertex -9.695579046223958 20.99315588909905 1.8
      vertex -5.304420953776042 20.99315588909905 1.8
      vertex -5.2 21 1.8
    endloop
  endfacet
  facet normal 0 0 1
    outer loop
      vertex -2.5 15.25 1.8
      vertex -1 15.25 1.8
      vertex -1 20.2 1.8
    endloop
  endfacet
  facet normal 0 0 1
    outer loop
      vertex -2.5 15.25 1.8
      vertex -1 20.2 1.8
      vertex -4 20.2 1.8
    endloop
  endfacet
  facet normal 0 0 1
    outer loop
      vertex -4 20.2 1.8
      vertex -0.9931558890990483 20.30442095377604 1.8
      vertex -4.006844110900952 20.30442095377604 1.8
    endloop
  endfacet
  facet normal 0 0 1
    outer loop
      vertex -4.006844110900952 20.30442095377604 1.8
      vertex -0.9727406610312547 20.407055236082016 1.8
      vertex -4.027259338968745 20.407055236082016 1.8
    endloop
  endfacet
  facet normal 0 0 1
    outer loop
      vertex -4.027259338968745 20.407055236082016 1.8
      vertex -0.9391036260090294 20.50614674589207 1.8
      vertex -4.06089637399097 20.50614674589207 1.8
    endloop
  endfacet
  facet normal 0 0 1
    outer loop
      vertex -4.107179676972449 20.6 1.8
      vertex -4.06089637399097 20.50614674589207 1.8
      vertex -0.8928203230275509 20.6 1.8
    endloop
  endfacet
  facet normal 0 0 1
    outer loop
      vertex -4.107179676972449 20.6 1.8
      vertex -0.8346826722329881 20.68700914320698 1.8
      vertex -4.165317327767012 20.68700914320698 1.8
    endloop
  endfacet
  facet normal 0 0 1
    outer loop
      vertex -4.234314575050762 20.76568542494924 1.8
      vertex -4.165317327767012 20.68700914320698 1.8
      vertex -0.7656854249492381 20.76568542494924 1.8
    endloop
  endfacet
  facet normal 0 0 1
    outer loop
      vertex -4.312990856793023 20.834682672232987 1.8
      vertex -4.234314575050762 20.76568542494924 1.8
      vertex -0.6870091432069765 20.834682672232987 1.8
    endloop
  endfacet
  facet normal 0 0 1
    outer loop
      vertex -4.312990856793023 20.834682672232987 1.8
      vertex -0.6 20.89282032302755 1.8
      vertex -4.4 20.89282032302755 1.8
    endloop
  endfacet
  facet normal 0 0 1
    outer loop
      vertex -4.493853254107928 20.93910362600903 1.8
      vertex -4.4 20.89282032302755 1.8
      vertex -0.5061467458920719 20.93910362600903 1.8
    endloop
  endfacet
  facet normal 0 0 1
    outer loop
      vertex -4.592944763917983 20.972740661031253 1.8
      vertex -4.493853254107928 20.93910362600903 1.8
      vertex -0.40705523608201655 20.972740661031253 1.8
    endloop
  endfacet
  facet normal 0 0 1
    outer loop
      vertex -4.695579046223958 20.99315588909905 1.8
      vertex -4.592944763917983 20.972740661031253 1.8
      vertex -0.3044209537760412 20.99315588909905 1.8
    endloop
  endfacet
  facet normal 0 0 1
    outer loop
      vertex -4 20.2 1.8
      vertex -1 20.2 1.8
      vertex -0.9931558890990483 20.30442095377604 1.8
    endloop
  endfacet
  facet normal 0 0 1
    outer loop
      vertex -4.006844110900952 20.30442095377604 1.8
      vertex -0.9931558890990483 20.30442095377604 1.8
      vertex -0.9727406610312547 20.407055236082016 1.8
    endloop
  endfacet
  facet normal 0 0 1
    outer loop
      vertex -4.027259338968745 20.407055236082016 1.8
      vertex -0.9727406610312547 20.407055236082016 1.8
      vertex -0.9391036260090294 20.50614674589207 1.8
    endloop
  endfacet
  facet normal 0 0 1
    outer loop
      vertex -4.06089637399097 20.50614674589207 1.8
      vertex -0.9391036260090294 20.50614674589207 1.8
      vertex -0.8928203230275509 20.6 1.8
    endloop
  endfacet
  facet normal 0 0 1
    outer loop
      vertex -4.107179676972449 20.6 1.8
      vertex -0.8928203230275509 20.6 1.8
      vertex -0.8346826722329881 20.68700914320698 1.8
    endloop
  endfacet
  facet normal 0 0 1
    outer loop
      vertex -4.165317327767012 20.68700914320698 1.8
      vertex -0.8346826722329881 20.68700914320698 1.8
      vertex -0.7656854249492381 20.76568542494924 1.8
    endloop
  endfacet
  facet normal 0 0 1
    outer loop
      vertex -4.234314575050762 20.76568542494924 1.8
      vertex -0.7656854249492381 20.76568542494924 1.8
      vertex -0.6870091432069765 20.834682672232987 1.8
    endloop
  endfacet
  facet normal 0 0 1
    outer loop
      vertex -4.312990856793023 20.834682672232987 1.8
      vertex -0.6870091432069765 20.834682672232987 1.8
      vertex -0.6 20.89282032302755 1.8
    endloop
  endfacet
  facet normal 0 0 1
    outer loop
      vertex -4.4 20.89282032302755 1.8
      vertex -0.6 20.89282032302755 1.8
      vertex -0.5061467458920719 20.93910362600903 1.8
    endloop
  endfacet
  facet normal 0 0 1
    outer loop
      vertex -4.493853254107928 20.93910362600903 1.8
      vertex -0.5061467458920719 20.93910362600903 1.8
      vertex -0.40705523608201655 20.972740661031253 1.8
    endloop
  endfacet
  facet normal 0 0 1
    outer loop
      vertex -4.592944763917983 20.972740661031253 1.8
      vertex -0.40705523608201655 20.972740661031253 1.8
      vertex -0.3044209537760412 20.99315588909905 1.8
    endloop
  endfacet
  facet normal 0 0 1
    outer loop
      vertex -26.857945981213664 23.643655858323545 1.8
      vertex -0.19999999999999996 21 1.8
      vertex 0.19999999999999996 21 1.8
    endloop
  endfacet
  facet normal 0 0 1
    outer loop
      vertex -26.857945981213664 23.643655858323545 1.8
      vertex 0.19999999999999996 21 1.8
      vertex 0.3044209537760412 20.99315588909905 1.8
    endloop
  endfacet
  facet normal 0 0 1
    outer loop
      vertex -26.857945981213664 23.643655858323545 1.8
      vertex 0.3044209537760412 20.99315588909905 1.8
      vertex 4.695579046223958 20.99315588909905 1.8
    endloop
  endfacet
  facet normal 0 0 1
    outer loop
      vertex -27.65 24.338268590217986 1.8
      vertex 31.000000000000004 27.2 1.8
      vertex -27.96675473261426 24.494474737780475 1.8
    endloop
  endfacet
  facet normal 0 0 1
    outer loop
      vertex -27.65 24.338268590217986 1.8
      vertex -27.356344141676455 24.142054018786336 1.8
      vertex 31.000000000000004 27.2 1.8
    endloop
  endfacet
  facet normal 0 0 1
    outer loop
      vertex -27.090811690796322 23.909188309203678 1.8
      vertex -26.857945981213664 23.643655858323545 1.8
      vertex 31.000000000000004 27.2 1.8
    endloop
  endfacet
  facet normal 0 0 1
    outer loop
      vertex -27.090811690796322 23.909188309203678 1.8
      vertex 31.000000000000004 27.2 1.8
      vertex -27.356344141676455 24.142054018786336 1.8
    endloop
  endfacet
  facet normal 0 0 1
    outer loop
      vertex -26.857945981213664 23.643655858323545 1.8
      vertex 4.695579046223958 20.99315588909905 1.8
      vertex 4.8 21 1.8
    endloop
  endfacet
  facet normal 0 0 1
    outer loop
      vertex -26.857945981213664 23.643655858323545 1.8
      vertex 4.8 21 1.8
      vertex 5.2 21 1.8
    endloop
  endfacet
  facet normal 0 0 1
    outer loop
      vertex -26.857945981213664 23.643655858323545 1.8
      vertex 5.2 21 1.8
      vertex 5.304420953776042 20.99315588909905 1.8
    endloop
  endfacet
  facet normal 0 0 1
    outer loop
      vertex -26.857945981213664 23.643655858323545 1.8
      vertex 5.304420953776042 20.99315588909905 1.8
      vertex 9.493853254107929 20.93910362600903 1.8
    endloop
  endfacet
  facet normal 0 0 1
    outer loop
      vertex -26.857945981213664 23.643655858323545 1.8
      vertex 9.493853254107929 20.93910362600903 1.8
      vertex 9.592944763917984 20.972740661031253 1.8
    endloop
  endfacet
  facet normal 0 0 1
    outer loop
      vertex -26.857945981213664 23.643655858323545 1.8
      vertex 9.592944763917984 20.972740661031253 1.8
      vertex 9.695579046223958 20.99315588909905 1.8
    endloop
  endfacet
  facet normal 0 0 1
    outer loop
      vertex -26.857945981213664 23.643655858323545 1.8
      vertex 9.695579046223958 20.99315588909905 1.8
      vertex 9.8 21 1.8
    endloop
  endfacet
  facet normal 0 0 1
    outer loop
      vertex -26.857945981213664 23.643655858323545 1.8
      vertex 9.8 21 1.8
      vertex 10.2 21 1.8
    endloop
  endfacet
  facet normal 0 0 1
    outer loop
      vertex -26.857945981213664 23.643655858323545 1.8
      vertex 10.2 21 1.8
      vertex 10.304420953776042 20.99315588909905 1.8
    endloop
  endfacet
  facet normal 0 -1 0
    outer loop
      vertex -31.000000000000004 27.2 1.8
      vertex 31.000000000000004 27.2 1.8
      vertex -31.000000000000004 27.2 8.3
    endloop
  endfacet
  facet normal 1 0 0
    outer loop
      vertex -34.2 -24 8.3
      vertex -34.2 24 1.8
      vertex -34.2 24 8.3
    endloop
  endfacet
  facet normal 0.9978589232386035 -0.06540312923014234 0
    outer loop
      vertex -34.172623556396196 24.417683815104166 1.8
      vertex -34.172623556396196 24.417683815104166 8.3
      vertex -34.2 24 8.3
    endloop
  endfacet
  facet normal 0.9807852804032301 -0.19509032201612983 0
    outer loop
      vertex -34.09096264412502 24.828220944328066 1.8
      vertex -34.09096264412502 24.828220944328066 8.3
      vertex -34.172623556396196 24.417683815104166 8.3
    endloop
  endfacet
  facet normal 0.9469301294951041 -0.32143946530316597 0
    outer loop
      vertex -33.95641450403612 25.224586983568287 1.8
      vertex -33.95641450403612 25.224586983568287 8.3
      vertex -34.09096264412502 24.828220944328066 8.3
    endloop
  endfacet
  facet normal 0.8968727415326945 -0.4422886902189887 0
    outer loop
      vertex -33.77128129211021 25.6 1.8
      vertex -33.77128129211021 25.6 8.3
      vertex -33.95641450403612 25.224586983568287 8.3
    endloop
  endfacet
  facet normal 0.8314696123025412 -0.5555702330196082 0
    outer loop
      vertex -33.538730688931956 25.948036572827906 1.8
      vertex -33.538730688931956 25.948036572827906 8.3
      vertex -33.77128129211021 25.6 8.3
    endloop
  endfacet
  facet normal 0.7518398074789753 -0.6593458151000712 0
    outer loop
      vertex -33.262741699796955 26.26274169979695 1.8
      vertex -33.262741699796955 26.26274169979695 8.3
      vertex -33.538730688931956 25.948036572827906 8.3
    endloop
  endfacet
  facet normal 0.6593458151000712 -0.7518398074789753 0
    outer loop
      vertex -32.94803657282791 26.538730688931953 1.8
      vertex -32.94803657282791 26.538730688931953 8.3
      vertex -33.262741699796955 26.26274169979695 8.3
    endloop
  endfacet
  facet normal 0.5555702330195984 -0.8314696123025479 0
    outer loop
      vertex -32.6 26.771281292110203 1.8
      vertex -32.6 26.771281292110203 8.3
      vertex -32.94803657282791 26.538730688931953 8.3
    endloop
  endfacet
  facet normal 0.4422886902190091 -0.8968727415326844 0
    outer loop
      vertex -32.224586983568294 26.95641450403612 1.8
      vertex -32.224586983568294 26.95641450403612 8.3
      vertex -32.6 26.771281292110203 8.3
    endloop
  endfacet
  facet normal 0.3214394653031558 -0.9469301294951077 0
    outer loop
      vertex -31.82822094432807 27.090962644125018 1.8
      vertex -31.82822094432807 27.090962644125018 8.3
      vertex -32.224586983568294 26.95641450403612 8.3
    endloop
  endfacet
  facet normal 0.19509032201612983 -0.9807852804032301 0
    outer loop
      vertex -31.41768381510417 27.172623556396193 1.8
      vertex -31.41768381510417 27.172623556396193 8.3
      vertex -31.82822094432807 27.090962644125018 8.3
    endloop
  endfacet
  facet normal 0.06540312923014234 -0.9978589232386035 0
    outer loop
      vertex -31.000000000000004 27.2 1.8
      vertex -31.000000000000004 27.2 8.3
      vertex -31.41768381510417 27.172623556396193 8.3
    endloop
  endfacet
  facet normal 0 0 1
    outer loop
      vertex -13.05 -25.25 1.8
      vertex 31.000000000000004 -27.2 1.8
      vertex 13.05 -25.25 1.8
    endloop
  endfacet
  facet normal 0 1 0
    outer loop
      vertex -31.000000000000004 -27.2 1.8
      vertex 31.000000000000004 -27.2 8.3
      vertex 31.000000000000004 -27.2 1.8
    endloop
  endfacet
  facet normal 0 0 1
    outer loop
      vertex 13.05 -25.25 1.8
      vertex 27.96675473261426 -24.494474737780475 1.8
      vertex 13.337157622884114 -25.231178695022383 1.8
    endloop
  endfacet
  facet normal 0 0 1
    outer loop
      vertex 13.337157622884114 -25.231178695022383 1.8
      vertex 27.96675473261426 -24.494474737780475 1.8
      vertex 13.619401899225547 -25.175036817835952 1.8
    endloop
  endfacet
  facet normal 0 0 1
    outer loop
      vertex 13.619401899225547 -25.175036817835952 1.8
      vertex 27.96675473261426 -24.494474737780475 1.8
      vertex 13.891903551203198 -25.08253497152483 1.8
    endloop
  endfacet
  facet normal 0 0 1
    outer loop
      vertex 13.891903551203198 -25.08253497152483 1.8
      vertex 27.65 -24.338268590217986 1.8
      vertex 14.15 -24.955255888325766 1.8
    endloop
  endfacet
  facet normal 0 0 1
    outer loop
      vertex 14.15 -24.955255888325766 1.8
      vertex 27.356344141676455 -24.142054018786336 1.8
      vertex 14.389275143819185 -24.79537734864072 1.8
    endloop
  endfacet
  facet normal 0 0 1
    outer loop
      vertex 14.389275143819185 -24.79537734864072 1.8
      vertex 27.090811690796322 -23.909188309203678 1.8
      vertex 14.605634918610406 -24.605634918610406 1.8
    endloop
  endfacet
  facet normal 0 0 1
    outer loop
      vertex 14.605634918610406 -24.605634918610406 1.8
      vertex 26.857945981213664 -23.643655858323545 1.8
      vertex 14.795377348640718 -24.389275143819184 1.8
    endloop
  endfacet
  facet normal 0 0 1
    outer loop
      vertex 14.795377348640718 -24.389275143819184 1.8
      vertex 26.857945981213664 -23.643655858323545 1.8
      vertex 14.955255888325766 -24.15 1.8
    endloop
  endfacet
  facet normal 0 0 1
    outer loop
      vertex 14.955255888325766 -24.15 1.8
      vertex 26.857945981213664 -23.643655858323545 1.8
      vertex 15.082534971524831 -23.8919035512032 1.8
    endloop
  endfacet
  facet normal 0 0 1
    outer loop
      vertex 15.082534971524831 -23.8919035512032 1.8
      vertex 26.857945981213664 -23.643655858323545 1.8
      vertex 15.175036817835952 -23.619401899225547 1.8
    endloop
  endfacet
  facet normal 0 0 1
    outer loop
      vertex 15.175036817835952 -23.619401899225547 1.8
      vertex 26.857945981213664 -23.643655858323545 1.8
      vertex 15.231178695022383 -23.337157622884114 1.8
    endloop
  endfacet
  facet normal 0 0 1
    outer loop
      vertex 15.231178695022383 -23.337157622884114 1.8
      vertex 26.857945981213664 -23.643655858323545 1.8
      vertex 15.25 -23.05 1.8
    endloop
  endfacet
  facet normal 0 0 1
    outer loop
      vertex 13.05 -25.25 1.8
      vertex 31.000000000000004 -27.2 1.8
      vertex 27.96675473261426 -24.494474737780475 1.8
    endloop
  endfacet
  facet normal 0 0 1
    outer loop
      vertex 14.15 -24.955255888325766 1.8
      vertex 27.65 -24.338268590217986 1.8
      vertex 27.356344141676455 -24.142054018786336 1.8
    endloop
  endfacet
  facet normal 0 0 1
    outer loop
      vertex 13.891903551203198 -25.08253497152483 1.8
      vertex 27.96675473261426 -24.494474737780475 1.8
      vertex 27.65 -24.338268590217986 1.8
    endloop
  endfacet
  facet normal 0 0 1
    outer loop
      vertex 14.389275143819185 -24.79537734864072 1.8
      vertex 27.356344141676455 -24.142054018786336 1.8
      vertex 27.090811690796322 -23.909188309203678 1.8
    endloop
  endfacet
  facet normal 0 0 1
    outer loop
      vertex 14.605634918610406 -24.605634918610406 1.8
      vertex 27.090811690796322 -23.909188309203678 1.8
      vertex 26.857945981213664 -23.643655858323545 1.8
    endloop
  endfacet
  facet normal 0 0 1
    outer loop
      vertex 15.25 -23.05 1.8
      vertex 26.857945981213664 -23.643655858323545 1.8
      vertex 26.661731409782014 -23.35 1.8
    endloop
  endfacet
  facet normal 0 0 1
    outer loop
      vertex 15.25 -23.05 1.8
      vertex 26.661731409782014 -23.35 1.8
      vertex 26.505525262219525 -23.03324526738574 1.8
    endloop
  endfacet
  facet normal 0 0 1
    outer loop
      vertex 15.25 -23.05 1.8
      vertex 26.505525262219525 -23.03324526738574 1.8
      vertex 26.392000269019515 -22.698811421776806 1.8
    endloop
  endfacet
  facet normal 0 0 1
    outer loop
      vertex 15.25 -23.05 1.8
      vertex 26.392000269019515 -22.698811421776806 1.8
      vertex 26.32309887429071 -22.35242071899414 1.8
    endloop
  endfacet
  facet normal 0 0 1
    outer loop
      vertex 15.25 -23.05 1.8
      vertex 26.32309887429071 -22.35242071899414 1.8
      vertex 26.3 -22 1.8
    endloop
  endfacet
  facet normal 0 0 1
    outer loop
      vertex 15.25 -23.05 1.8
      vertex 26.3 -22 1.8
      vertex 26.32309887429071 -21.64757928100586 1.8
    endloop
  endfacet
  facet normal 0 0 1
    outer loop
      vertex 15.25 -23.05 1.8
      vertex 26.32309887429071 -21.64757928100586 1.8
      vertex 26.392000269019515 -21.301188578223194 1.8
    endloop
  endfacet
  facet normal 0 0 1
    outer loop
      vertex 15.25 -23.05 1.8
      vertex 26.392000269019515 -21.301188578223194 1.8
      vertex 26.505525262219525 -20.96675473261426 1.8
    endloop
  endfacet
  facet normal 0 0 1
    outer loop
      vertex 15.25 -23.05 1.8
      vertex 27.96675473261426 -19.505525262219525 1.8
      vertex 15.25 -2.9499999999999993 1.8
    endloop
  endfacet
  facet normal 0 0 1
    outer loop
      vertex 15.25 -23.05 1.8
      vertex 26.505525262219525 -20.96675473261426 1.8
      vertex 26.661731409782014 -20.65 1.8
    endloop
  endfacet
  facet normal 0 0 1
    outer loop
      vertex 15.25 -23.05 1.8
      vertex 26.661731409782014 -20.65 1.8
      vertex 26.857945981213664 -20.356344141676455 1.8
    endloop
  endfacet
  facet normal 0 0 1
    outer loop
      vertex 15.25 -23.05 1.8
      vertex 26.857945981213664 -20.356344141676455 1.8
      vertex 27.090811690796322 -20.090811690796322 1.8
    endloop
  endfacet
  facet normal 0 0 1
    outer loop
      vertex 15.25 -23.05 1.8
      vertex 27.090811690796322 -20.090811690796322 1.8
      vertex 27.356344141676455 -19.857945981213664 1.8
    endloop
  endfacet
  facet normal 0 0 1
    outer loop
      vertex 15.25 -23.05 1.8
      vertex 27.356344141676455 -19.857945981213664 1.8
      vertex 27.65 -19.661731409782014 1.8
    endloop
  endfacet
  facet normal 0 0 1
    outer loop
      vertex 15.25 -23.05 1.8
      vertex 27.65 -19.661731409782014 1.8
      vertex 27.96675473261426 -19.505525262219525 1.8
    endloop
  endfacet
  facet normal 0 0 1
    outer loop
      vertex 31.000000000000004 -27.2 1.8
      vertex 28.301188578223194 -24.607999730980485 1.8
      vertex 27.96675473261426 -24.494474737780475 1.8
    endloop
  endfacet
  facet normal 0 0 1
    outer loop
      vertex 31.000000000000004 -27.2 1.8
      vertex 28.64757928100586 -24.67690112570929 1.8
      vertex 28.301188578223194 -24.607999730980485 1.8
    endloop
  endfacet
  facet normal 0 0 1
    outer loop
      vertex 31.000000000000004 -27.2 1.8
      vertex 29 -24.7 1.8
      vertex 28.64757928100586 -24.67690112570929 1.8
    endloop
  endfacet
  facet normal 0 0 1
    outer loop
      vertex 31.000000000000004 -27.2 1.8
      vertex 29.35242071899414 -24.67690112570929 1.8
      vertex 29 -24.7 1.8
    endloop
  endfacet
  facet normal 0 0 1
    outer loop
      vertex 31.000000000000004 -27.2 1.8
      vertex 29.698811421776806 -24.607999730980485 1.8
      vertex 29.35242071899414 -24.67690112570929 1.8
    endloop
  endfacet
  facet normal 0 0 1
    outer loop
      vertex 31.000000000000004 -27.2 1.8
      vertex 30.03324526738574 -24.494474737780475 1.8
      vertex 29.698811421776806 -24.607999730980485 1.8
    endloop
  endfacet
  facet normal 0 0 1
    outer loop
      vertex 31.000000000000004 -27.2 1.8
      vertex 31.41768381510417 -27.172623556396193 1.8
      vertex 31.142054018786336 -23.643655858323545 1.8
    endloop
  endfacet
  facet normal 0 0 1
    outer loop
      vertex 28.257537879754125 -22.742462120245875 1.8
      vertex 28.360800499540844 -22.833021007305796 1.8
      vertex 28.166978992694204 -22.639199500459156 1.8
    endloop
  endfacet
  facet normal 0 0 1
    outer loop
      vertex 28.09067332602634 -22.525 1.8
      vertex 28.166978992694204 -22.639199500459156 1.8
      vertex 28.360800499540844 -22.833021007305796 1.8
    endloop
  endfacet
  facet normal 0 0 1
    outer loop
      vertex 28.09067332602634 -22.525 1.8
      vertex 28.360800499540844 -22.833021007305796 1.8
      vertex 28.475 -22.90932667397366 1.8
    endloop
  endfacet
  facet normal 0 0 1
    outer loop
      vertex 28.72824000264235 -23.014222117603524 1.8
      vertex 28.862947498168946 -23.041017104442503 1.8
      vertex 30.041017104442503 -22.137052501831054 1.8
    endloop
  endfacet
  facet normal 0 0 1
    outer loop
      vertex 28.09067332602634 -22.525 1.8
      vertex 28.475 -22.90932667397366 1.8
      vertex 28.029926490863147 -22.401817603983343 1.8
    endloop
  endfacet
  facet normal 0 0 1
    outer loop
      vertex 28.029926490863147 -22.401817603983343 1.8
      vertex 28.475 -22.90932667397366 1.8
      vertex 27.985777882396476 -22.27175999735765 1.8
    endloop
  endfacet
  facet normal 0 0 1
    outer loop
      vertex 27.985777882396476 -22.27175999735765 1.8
      vertex 28.475 -22.90932667397366 1.8
      vertex 27.958982895557497 -22.137052501831054 1.8
    endloop
  endfacet
  facet normal 0 0 1
    outer loop
      vertex 27.958982895557497 -22.137052501831054 1.8
      vertex 28.475 -22.90932667397366 1.8
      vertex 27.95 -22 1.8
    endloop
  endfacet
  facet normal 0 0 1
    outer loop
      vertex 27.95 -22 1.8
      vertex 28.475 -22.90932667397366 1.8
      vertex 27.958982895557497 -21.862947498168946 1.8
    endloop
  endfacet
  facet normal 0 0 1
    outer loop
      vertex 27.958982895557497 -21.862947498168946 1.8
      vertex 28.475 -22.90932667397366 1.8
      vertex 27.985777882396476 -21.72824000264235 1.8
    endloop
  endfacet
  facet normal 0 0 1
    outer loop
      vertex 28.475 -22.90932667397366 1.8
      vertex 28.029926490863147 -21.598182396016657 1.8
      vertex 27.985777882396476 -21.72824000264235 1.8
    endloop
  endfacet
  facet normal 0 0 1
    outer loop
      vertex 28.475 -22.90932667397366 1.8
      vertex 28.09067332602634 -21.475 1.8
      vertex 28.029926490863147 -21.598182396016657 1.8
    endloop
  endfacet
  facet normal 0 0 1
    outer loop
      vertex 28.475 -22.90932667397366 1.8
      vertex 28.166978992694204 -21.360800499540844 1.8
      vertex 28.09067332602634 -21.475 1.8
    endloop
  endfacet
  facet normal 0 0 1
    outer loop
      vertex 28.475 -22.90932667397366 1.8
      vertex 28.257537879754125 -21.257537879754125 1.8
      vertex 28.166978992694204 -21.360800499540844 1.8
    endloop
  endfacet
  facet normal 0 0 1
    outer loop
      vertex 28.475 -22.90932667397366 1.8
      vertex 28.360800499540844 -21.166978992694204 1.8
      vertex 28.257537879754125 -21.257537879754125 1.8
    endloop
  endfacet
  facet normal 0 0 1
    outer loop
      vertex 28.475 -22.90932667397366 1.8
      vertex 28.598182396016657 -22.970073509136853 1.8
      vertex 29.970073509136853 -21.598182396016657 1.8
    endloop
  endfacet
  facet normal 0 0 1
    outer loop
      vertex 28.598182396016657 -22.970073509136853 1.8
      vertex 28.72824000264235 -23.014222117603524 1.8
      vertex 30.014222117603524 -21.72824000264235 1.8
    endloop
  endfacet
  facet normal 0 0 1
    outer loop
      vertex 31.000000000000004 -27.2 1.8
      vertex 30.35 -24.338268590217986 1.8
      vertex 30.03324526738574 -24.494474737780475 1.8
    endloop
  endfacet
  facet normal 0 0 1
    outer loop
      vertex 31.000000000000004 -27.2 1.8
      vertex 30.643655858323545 -24.142054018786336 1.8
      vertex 30.35 -24.338268590217986 1.8
    endloop
  endfacet
  facet normal 0 0 1
    outer loop
      vertex 31.000000000000004 -27.2 1.8
      vertex 30.909188309203678 -23.909188309203678 1.8
      vertex 30.643655858323545 -24.142054018786336 1.8
    endloop
  endfacet
  facet normal 0 0 1
    outer loop
      vertex 31.000000000000004 -27.2 1.8
      vertex 31.142054018786336 -23.643655858323545 1.8
      vertex 30.909188309203678 -23.909188309203678 1.8
    endloop
  endfacet
  facet normal 0 0 1
    outer loop
      vertex 31.41768381510417 -27.172623556396193 1.8
      vertex 31.338268590217986 -23.35 1.8
      vertex 31.142054018786336 -23.643655858323545 1.8
    endloop
  endfacet
  facet normal 0 0 1
    outer loop
      vertex 31.41768381510417 -27.172623556396193 1.8
      vertex 31.494474737780475 -23.03324526738574 1.8
      vertex 31.338268590217986 -23.35 1.8
    endloop
  endfacet
  facet normal 0 0 1
    outer loop
      vertex 28.862947498168946 -23.041017104442503 1.8
      vertex 29 -23.05 1.8
      vertex 30.041017104442503 -22.137052501831054 1.8
    endloop
  endfacet
  facet normal 0 0 1
    outer loop
      vertex 29.27175999735765 -23.014222117603524 1.8
      vertex 29.401817603983343 -22.970073509136853 1.8
      vertex 29.833021007305796 -22.639199500459156 1.8
    endloop
  endfacet
  facet normal 0 0 1
    outer loop
      vertex 29.137052501831054 -23.041017104442503 1.8
      vertex 29.27175999735765 -23.014222117603524 1.8
      vertex 30.014222117603524 -22.27175999735765 1.8
    endloop
  endfacet
  facet normal 0 0 1
    outer loop
      vertex 29 -23.05 1.8
      vertex 29.137052501831054 -23.041017104442503 1.8
      vertex 30.041017104442503 -22.137052501831054 1.8
    endloop
  endfacet
  facet normal 0 0 1
    outer loop
      vertex 29.401817603983343 -22.970073509136853 1.8
      vertex 29.525 -22.90932667397366 1.8
      vertex 29.742462120245875 -22.742462120245875 1.8
    endloop
  endfacet
  facet normal 0 0 1
    outer loop
      vertex 29.525 -22.90932667397366 1.8
      vertex 29.639199500459156 -22.833021007305796 1.8
      vertex 29.742462120245875 -22.742462120245875 1.8
    endloop
  endfacet
  facet normal 0 0 1
    outer loop
      vertex 29.401817603983343 -22.970073509136853 1.8
      vertex 29.742462120245875 -22.742462120245875 1.8
      vertex 29.833021007305796 -22.639199500459156 1.8
    endloop
  endfacet
  facet normal 0 0 1
    outer loop
      vertex 29.27175999735765 -23.014222117603524 1.8
      vertex 29.833021007305796 -22.639199500459156 1.8
      vertex 29.90932667397366 -22.525 1.8
    endloop
  endfacet
  facet normal 0 0 1
    outer loop
      vertex 29.27175999735765 -23.014222117603524 1.8
      vertex 29.90932667397366 -22.525 1.8
      vertex 29.970073509136853 -22.401817603983343 1.8
    endloop
  endfacet
  facet normal 0 0 1
    outer loop
      vertex 29.27175999735765 -23.014222117603524 1.8
      vertex 29.970073509136853 -22.401817603983343 1.8
      vertex 30.014222117603524 -22.27175999735765 1.8
    endloop
  endfacet
  facet normal 0 0 1
    outer loop
      vertex 29.137052501831054 -23.041017104442503 1.8
      vertex 30.014222117603524 -22.27175999735765 1.8
      vertex 30.041017104442503 -22.137052501831054 1.8
    endloop
  endfacet
  facet normal 0 0 1
    outer loop
      vertex 28.72824000264235 -23.014222117603524 1.8
      vertex 30.041017104442503 -22.137052501831054 1.8
      vertex 30.05 -22 1.8
    endloop
  endfacet
  facet normal 0 0 1
    outer loop
      vertex 28.72824000264235 -23.014222117603524 1.8
      vertex 30.05 -22 1.8
      vertex 30.041017104442503 -21.862947498168946 1.8
    endloop
  endfacet
  facet normal 0 0 1
    outer loop
      vertex 28.598182396016657 -22.970073509136853 1.8
      vertex 30.014222117603524 -21.72824000264235 1.8
      vertex 29.970073509136853 -21.598182396016657 1.8
    endloop
  endfacet
  facet normal 0 0 1
    outer loop
      vertex 28.475 -22.90932667397366 1.8
      vertex 29.970073509136853 -21.598182396016657 1.8
      vertex 29.90932667397366 -21.475 1.8
    endloop
  endfacet
  facet normal 0 0 1
    outer loop
      vertex 28.475 -22.90932667397366 1.8
      vertex 29.742462120245875 -21.257537879754125 1.8
      vertex 29.639199500459156 -21.166978992694204 1.8
    endloop
  endfacet
  facet normal 0 0 1
    outer loop
      vertex 28.475 -22.90932667397366 1.8
      vertex 29.833021007305796 -21.360800499540844 1.8
      vertex 29.742462120245875 -21.257537879754125 1.8
    endloop
  endfacet
  facet normal 0 0 1
    outer loop
      vertex 28.475 -22.90932667397366 1.8
      vertex 29.90932667397366 -21.475 1.8
      vertex 29.833021007305796 -21.360800499540844 1.8
    endloop
  endfacet
  facet normal 0 0 1
    outer loop
      vertex 28.72824000264235 -23.014222117603524 1.8
      vertex 30.041017104442503 -21.862947498168946 1.8
      vertex 30.014222117603524 -21.72824000264235 1.8
    endloop
  endfacet
  facet normal 0 0 1
    outer loop
      vertex 31.41768381510417 -27.172623556396193 1.8
      vertex 31.82822094432807 -27.090962644125018 1.8
      vertex 31.494474737780475 -23.03324526738574 1.8
    endloop
  endfacet
  facet normal 0 0 1
    outer loop
      vertex 31.494474737780475 -23.03324526738574 1.8
      vertex 31.82822094432807 -27.090962644125018 1.8
      vertex 31.607999730980485 -22.698811421776806 1.8
    endloop
  endfacet
  facet normal 0 0 1
    outer loop
      vertex 31.82822094432807 -27.090962644125018 1.8
      vertex 31.67690112570929 -22.35242071899414 1.8
      vertex 31.607999730980485 -22.698811421776806 1.8
    endloop
  endfacet
  facet normal 0 0 1
    outer loop
      vertex 31.82822094432807 -27.090962644125018 1.8
      vertex 31.7 -22 1.8
      vertex 31.67690112570929 -22.35242071899414 1.8
    endloop
  endfacet
  facet normal 0 0 1
    outer loop
      vertex 28.475 -22.90932667397366 1.8
      vertex 28.475 -21.09067332602634 1.8
      vertex 28.360800499540844 -21.166978992694204 1.8
    endloop
  endfacet
  facet normal 0 0 1
    outer loop
      vertex 28.475 -22.90932667397366 1.8
      vertex 28.598182396016657 -21.029926490863147 1.8
      vertex 28.475 -21.09067332602634 1.8
    endloop
  endfacet
  facet normal 0 0 1
    outer loop
      vertex 28.475 -22.90932667397366 1.8
      vertex 28.72824000264235 -20.985777882396476 1.8
      vertex 28.598182396016657 -21.029926490863147 1.8
    endloop
  endfacet
  facet normal 0 0 1
    outer loop
      vertex 28.475 -22.90932667397366 1.8
      vertex 28.862947498168946 -20.958982895557497 1.8
      vertex 28.72824000264235 -20.985777882396476 1.8
    endloop
  endfacet
  facet normal 0 0 1
    outer loop
      vertex 28.475 -22.90932667397366 1.8
      vertex 29 -20.95 1.8
      vertex 28.862947498168946 -20.958982895557497 1.8
    endloop
  endfacet
  facet normal 0 0 1
    outer loop
      vertex 28.475 -22.90932667397366 1.8
      vertex 29.137052501831054 -20.958982895557497 1.8
      vertex 29 -20.95 1.8
    endloop
  endfacet
  facet normal 0 0 1
    outer loop
      vertex 28.475 -22.90932667397366 1.8
      vertex 29.27175999735765 -20.985777882396476 1.8
      vertex 29.137052501831054 -20.958982895557497 1.8
    endloop
  endfacet
  facet normal 0 0 1
    outer loop
      vertex 28.475 -22.90932667397366 1.8
      vertex 29.401817603983343 -21.029926490863147 1.8
      vertex 29.27175999735765 -20.985777882396476 1.8
    endloop
  endfacet
  facet normal 0 0 1
    outer loop
      vertex 28.475 -22.90932667397366 1.8
      vertex 29.525 -21.09067332602634 1.8
      vertex 29.401817603983343 -21.029926490863147 1.8
    endloop
  endfacet
  facet normal 0 0 1
    outer loop
      vertex 28.475 -22.90932667397366 1.8
      vertex 29.639199500459156 -21.166978992694204 1.8
      vertex 29.525 -21.09067332602634 1.8
    endloop
  endfacet
  facet normal -0.06540312923014234 0.9978589232386035 -1.336563579143854e-19
    outer loop
      vertex 31.000000000000004 -27.2 1.8
      vertex 31.41768381510417 -27.172623556396193 8.3
      vertex 31.41768381510417 -27.172623556396193 1.8
    endloop
  endfacet
  facet normal -0.19509032201612983 0.9807852804032301 8.165568949221745e-19
    outer loop
      vertex 31.41768381510417 -27.172623556396193 1.8
      vertex 31.82822094432807 -27.090962644125018 8.3
      vertex 31.82822094432807 -27.090962644125018 1.8
    endloop
  endfacet
  facet normal -0.3214394653031558 0.9469301294951077 7.354093550224136e-19
    outer loop
      vertex 31.82822094432807 -27.090962644125018 1.8
      vertex 32.224586983568294 -26.95641450403612 8.3
      vertex 32.224586983568294 -26.95641450403612 1.8
    endloop
  endfacet
  facet normal -0.4422886902190091 0.8968727415326844 1.317293201922288e-18
    outer loop
      vertex 32.224586983568294 -26.95641450403612 1.8
      vertex 32.6 -26.771281292110203 8.3
      vertex 32.6 -26.771281292110203 1.8
    endloop
  endfacet
  facet normal -0.5555702330195984 0.8314696123025479 -2.145868964841334e-18
    outer loop
      vertex 32.6 -26.771281292110203 1.8
      vertex 32.94803657282791 -26.538730688931953 8.3
      vertex 32.94803657282791 -26.538730688931953 1.8
    endloop
  endfacet
  facet normal -0.6593458151000712 0.7518398074789753 1.2013692906487034e-18
    outer loop
      vertex 32.94803657282791 -26.538730688931953 1.8
      vertex 33.262741699796955 -26.26274169979695 8.3
      vertex 33.262741699796955 -26.26274169979695 1.8
    endloop
  endfacet
  facet normal -0.7518398074789753 0.6593458151000712 1.2013692906487034e-18
    outer loop
      vertex 33.262741699796955 -26.26274169979695 1.8
      vertex 33.538730688931956 -25.948036572827906 8.3
      vertex 33.538730688931956 -25.948036572827906 1.8
    endloop
  endfacet
  facet normal -0.8314696123025412 0.5555702330196082 7.32998837524061e-19
    outer loop
      vertex 33.538730688931956 -25.948036572827906 1.8
      vertex 33.77128129211021 -25.6 8.3
      vertex 33.77128129211021 -25.6 1.8
    endloop
  endfacet
  facet normal -0.8968727415326945 0.4422886902189887 -8.416216628258555e-19
    outer loop
      vertex 33.77128129211021 -25.6 1.8
      vertex 33.95641450403612 -25.224586983568287 8.3
      vertex 33.95641450403612 -25.224586983568287 1.8
    endloop
  endfacet
  facet normal -0.9469301294951041 0.32143946530316597 8.648758381714364e-19
    outer loop
      vertex 33.95641450403612 -25.224586983568287 1.8
      vertex 34.09096264412502 -24.828220944328066 8.3
      vertex 34.09096264412502 -24.828220944328066 1.8
    endloop
  endfacet
  facet normal -0.9807852804032301 0.19509032201612983 8.165568949221745e-19
    outer loop
      vertex 34.09096264412502 -24.828220944328066 1.8
      vertex 34.172623556396196 -24.417683815104166 8.3
      vertex 34.172623556396196 -24.417683815104166 1.8
    endloop
  endfacet
  facet normal -0.9978589232386035 0.06540312923014234 -1.336563579143854e-19
    outer loop
      vertex 34.172623556396196 -24.417683815104166 1.8
      vertex 34.2 -24 8.3
      vertex 34.2 -24 1.8
    endloop
  endfacet
  facet normal 0 0 1
    outer loop
      vertex 15.25 -2.9499999999999993 1.8
      vertex 27.96675473261426 -19.505525262219525 1.8
      vertex 27.96675473261426 19.505525262219525 1.8
    endloop
  endfacet
  facet normal 0 0 1
    outer loop
      vertex 31.82822094432807 -27.090962644125018 1.8
      vertex 31.494474737780475 20.96675473261426 1.8
      vertex 31.7 -22 1.8
    endloop
  endfacet
  facet normal 0 0 1
    outer loop
      vertex 31.82822094432807 -27.090962644125018 1.8
      vertex 32.224586983568294 -26.95641450403612 1.8
      vertex 31.82822094432807 27.090962644125018 1.8
    endloop
  endfacet
  facet normal 0 0 1
    outer loop
      vertex 32.224586983568294 -26.95641450403612 1.8
      vertex 32.6 -26.771281292110203 1.8
      vertex 32.224586983568294 26.95641450403612 1.8
    endloop
  endfacet
  facet normal 0 0 1
    outer loop
      vertex 31.7 -22 1.8
      vertex 31.494474737780475 20.96675473261426 1.8
      vertex 31.67690112570929 -21.64757928100586 1.8
    endloop
  endfacet
  facet normal 0 0 1
    outer loop
      vertex 31.67690112570929 -21.64757928100586 1.8
      vertex 31.494474737780475 20.96675473261426 1.8
      vertex 31.607999730980485 -21.301188578223194 1.8
    endloop
  endfacet
  facet normal 0 0 1
    outer loop
      vertex 32.6 -26.771281292110203 1.8
      vertex 32.94803657282791 -26.538730688931953 1.8
      vertex 32.6 26.771281292110203 1.8
    endloop
  endfacet
  facet normal 0 0 1
    outer loop
      vertex 32.94803657282791 -26.538730688931953 1.8
      vertex 33.262741699796955 -26.26274169979695 1.8
      vertex 32.94803657282791 26.538730688931953 1.8
    endloop
  endfacet
  facet normal 0 0 1
    outer loop
      vertex 33.262741699796955 -26.26274169979695 1.8
      vertex 33.538730688931956 -25.948036572827906 1.8
      vertex 33.262741699796955 26.26274169979695 1.8
    endloop
  endfacet
  facet normal 0 0 1
    outer loop
      vertex 33.538730688931956 -25.948036572827906 1.8
      vertex 33.77128129211021 -25.6 1.8
      vertex 33.538730688931956 25.948036572827906 1.8
    endloop
  endfacet
  facet normal 0 0 1
    outer loop
      vertex 33.77128129211021 -25.6 1.8
      vertex 33.95641450403612 -25.224586983568287 1.8
      vertex 33.77128129211021 25.6 1.8
    endloop
  endfacet
  facet normal 0 0 1
    outer loop
      vertex 33.95641450403612 -25.224586983568287 1.8
      vertex 34.09096264412502 -24.828220944328066 1.8
      vertex 33.95641450403612 25.224586983568287 1.8
    endloop
  endfacet
  facet normal 0 0 1
    outer loop
      vertex 34.09096264412502 -24.828220944328066 1.8
      vertex 34.172623556396196 -24.417683815104166 1.8
      vertex 34.09096264412502 24.828220944328066 1.8
    endloop
  endfacet
  facet normal 0 0 1
    outer loop
      vertex 34.172623556396196 -24.417683815104166 1.8
      vertex 34.2 -24 1.8
      vertex 34.172623556396196 24.417683815104166 1.8
    endloop
  endfacet
  facet normal 0 0 1
    outer loop
      vertex 27.96675473261426 -19.505525262219525 1.8
      vertex 28.301188578223194 -19.392000269019515 1.8
      vertex 28.301188578223194 19.392000269019515 1.8
    endloop
  endfacet
  facet normal 0 0 1
    outer loop
      vertex 28.301188578223194 -19.392000269019515 1.8
      vertex 28.64757928100586 -19.32309887429071 1.8
      vertex 28.64757928100586 19.32309887429071 1.8
    endloop
  endfacet
  facet normal 0 0 1
    outer loop
      vertex 28.64757928100586 -19.32309887429071 1.8
      vertex 29 -19.3 1.8
      vertex 29 19.3 1.8
    endloop
  endfacet
  facet normal 0 0 1
    outer loop
      vertex 29 -19.3 1.8
      vertex 29.35242071899414 -19.32309887429071 1.8
      vertex 29.35242071899414 19.32309887429071 1.8
    endloop
  endfacet
  facet normal 0 0 1
    outer loop
      vertex 29.35242071899414 -19.32309887429071 1.8
      vertex 29.698811421776806 -19.392000269019515 1.8
      vertex 29.698811421776806 19.392000269019515 1.8
    endloop
  endfacet
  facet normal 0 0 1
    outer loop
      vertex 29.698811421776806 -19.392000269019515 1.8
      vertex 30.03324526738574 -19.505525262219525 1.8
      vertex 30.03324526738574 19.505525262219525 1.8
    endloop
  endfacet
  facet normal 0 0 1
    outer loop
      vertex 30.03324526738574 -19.505525262219525 1.8
      vertex 30.35 -19.661731409782014 1.8
      vertex 30.35 19.661731409782014 1.8
    endloop
  endfacet
  facet normal 0 0 1
    outer loop
      vertex 30.35 -19.661731409782014 1.8
      vertex 30.643655858323545 -19.857945981213664 1.8
      vertex 30.643655858323545 19.857945981213664 1.8
    endloop
  endfacet
  facet normal 0 0 1
    outer loop
      vertex 30.909188309203678 -20.090811690796322 1.8
      vertex 30.909188309203678 20.090811690796322 1.8
      vertex 30.643655858323545 -19.857945981213664 1.8
    endloop
  endfacet
  facet normal 0 0 1
    outer loop
      vertex 31.338268590217986 -20.65 1.8
      vertex 31.142054018786336 20.356344141676455 1.8
      vertex 31.142054018786336 -20.356344141676455 1.8
    endloop
  endfacet
  facet normal 0 0 1
    outer loop
      vertex 31.494474737780475 -20.96675473261426 1.8
      vertex 31.494474737780475 20.96675473261426 1.8
      vertex 31.338268590217986 -20.65 1.8
    endloop
  endfacet
  facet normal 0 0 1
    outer loop
      vertex 30.909188309203678 -20.090811690796322 1.8
      vertex 31.142054018786336 -20.356344141676455 1.8
      vertex 31.142054018786336 20.356344141676455 1.8
    endloop
  endfacet
  facet normal 0 0 1
    outer loop
      vertex 31.494474737780475 -20.96675473261426 1.8
      vertex 31.607999730980485 -21.301188578223194 1.8
      vertex 31.494474737780475 20.96675473261426 1.8
    endloop
  endfacet
  facet normal -0.06540312923014234 0.9978589232386035 0
    outer loop
      vertex 31.000000000000004 -27.2 1.8
      vertex 31.000000000000004 -27.2 8.3
      vertex 31.41768381510417 -27.172623556396193 8.3
    endloop
  endfacet
  facet normal -0.19509032201612983 0.9807852804032301 0
    outer loop
      vertex 31.41768381510417 -27.172623556396193 1.8
      vertex 31.41768381510417 -27.172623556396193 8.3
      vertex 31.82822094432807 -27.090962644125018 8.3
    endloop
  endfacet
  facet normal -0.3214394653031558 0.9469301294951077 0
    outer loop
      vertex 31.82822094432807 -27.090962644125018 1.8
      vertex 31.82822094432807 -27.090962644125018 8.3
      vertex 32.224586983568294 -26.95641450403612 8.3
    endloop
  endfacet
  facet normal -0.4422886902190091 0.8968727415326844 0
    outer loop
      vertex 32.224586983568294 -26.95641450403612 1.8
      vertex 32.224586983568294 -26.95641450403612 8.3
      vertex 32.6 -26.771281292110203 8.3
    endloop
  endfacet
  facet normal -0.5555702330195984 0.8314696123025479 0
    outer loop
      vertex 32.6 -26.771281292110203 1.8
      vertex 32.6 -26.771281292110203 8.3
      vertex 32.94803657282791 -26.538730688931953 8.3
    endloop
  endfacet
  facet normal -0.6593458151000712 0.7518398074789753 0
    outer loop
      vertex 32.94803657282791 -26.538730688931953 1.8
      vertex 32.94803657282791 -26.538730688931953 8.3
      vertex 33.262741699796955 -26.26274169979695 8.3
    endloop
  endfacet
  facet normal -0.7518398074789753 0.6593458151000712 0
    outer loop
      vertex 33.262741699796955 -26.26274169979695 1.8
      vertex 33.262741699796955 -26.26274169979695 8.3
      vertex 33.538730688931956 -25.948036572827906 8.3
    endloop
  endfacet
  facet normal -0.8314696123025412 0.5555702330196082 0
    outer loop
      vertex 33.538730688931956 -25.948036572827906 1.8
      vertex 33.538730688931956 -25.948036572827906 8.3
      vertex 33.77128129211021 -25.6 8.3
    endloop
  endfacet
  facet normal -0.8968727415326945 0.4422886902189887 0
    outer loop
      vertex 33.77128129211021 -25.6 1.8
      vertex 33.77128129211021 -25.6 8.3
      vertex 33.95641450403612 -25.224586983568287 8.3
    endloop
  endfacet
  facet normal -0.9469301294951041 0.32143946530316597 0
    outer loop
      vertex 33.95641450403612 -25.224586983568287 1.8
      vertex 33.95641450403612 -25.224586983568287 8.3
      vertex 34.09096264412502 -24.828220944328066 8.3
    endloop
  endfacet
  facet normal -0.9807852804032301 0.19509032201612983 0
    outer loop
      vertex 34.09096264412502 -24.828220944328066 1.8
      vertex 34.09096264412502 -24.828220944328066 8.3
      vertex 34.172623556396196 -24.417683815104166 8.3
    endloop
  endfacet
  facet normal -0.9978589232386035 0.06540312923014234 0
    outer loop
      vertex 34.172623556396196 -24.417683815104166 1.8
      vertex 34.172623556396196 -24.417683815104166 8.3
      vertex 34.2 -24 8.3
    endloop
  endfacet
  facet normal -1 0 0
    outer loop
      vertex 34.2 -24 1.8
      vertex 34.2 -24 8.3
      vertex 34.2 24 8.3
    endloop
  endfacet
  facet normal 0 0 1
    outer loop
      vertex 2.5 -0.75 1.8
      vertex 4.592944763917983 5.027259338968745 1.8
      vertex 4.493853254107928 5.06089637399097 1.8
    endloop
  endfacet
  facet normal 0 0 1
    outer loop
      vertex 2.5 -0.75 1.8
      vertex 4.493853254107928 5.06089637399097 1.8
      vertex 4.4 5.107179676972449 1.8
    endloop
  endfacet
  facet normal 0 0 1
    outer loop
      vertex 2.5 -0.75 1.8
      vertex 4.234314575050762 5.234314575050762 1.8
      vertex 4.165317327767012 5.312990856793023 1.8
    endloop
  endfacet
  facet normal 0 0 1
    outer loop
      vertex 2.5 -0.75 1.8
      vertex 4.107179676972449 5.3999999999999995 1.8
      vertex 4.06089637399097 5.493853254107928 1.8
    endloop
  endfacet
  facet normal 0 0 1
    outer loop
      vertex 2.5 -0.75 1.8
      vertex 4.165317327767012 5.312990856793023 1.8
      vertex 4.107179676972449 5.3999999999999995 1.8
    endloop
  endfacet
  facet normal 0 0 1
    outer loop
      vertex 2.5 -0.75 1.8
      vertex 4.027259338968745 5.592944763917983 1.8
      vertex 4.006844110900952 5.695579046223958 1.8
    endloop
  endfacet
  facet normal 0 0 1
    outer loop
      vertex 2.5 -0.75 1.8
      vertex 4.006844110900952 5.695579046223958 1.8
      vertex 4 5.8 1.8
    endloop
  endfacet
  facet normal 0 0 1
    outer loop
      vertex 2.5 -0.75 1.8
      vertex 4.06089637399097 5.493853254107928 1.8
      vertex 4.027259338968745 5.592944763917983 1.8
    endloop
  endfacet
  facet normal 0 0 1
    outer loop
      vertex 2.5 -0.75 1.8
      vertex 4.312990856793023 5.165317327767012 1.8
      vertex 4.234314575050762 5.234314575050762 1.8
    endloop
  endfacet
  facet normal 0 0 1
    outer loop
      vertex 2.5 -0.75 1.8
      vertex 4.4 5.107179676972449 1.8
      vertex 4.312990856793023 5.165317327767012 1.8
    endloop
  endfacet
  facet normal 0 0 1
    outer loop
      vertex 2.5 -0.75 1.8
      vertex 13.05 -0.75 1.8
      vertex 4.592944763917983 5.027259338968745 1.8
    endloop
  endfacet
  facet normal 0 0 1
    outer loop
      vertex 13.05 -0.75 1.8
      vertex 4.695579046223958 5.006844110900952 1.8
      vertex 4.592944763917983 5.027259338968745 1.8
    endloop
  endfacet
  facet normal 0 0 1
    outer loop
      vertex 13.05 -0.75 1.8
      vertex 4.8 5 1.8
      vertex 4.695579046223958 5.006844110900952 1.8
    endloop
  endfacet
  facet normal 0 0 1
    outer loop
      vertex 13.05 -0.75 1.8
      vertex 5.2 5 1.8
      vertex 4.8 5 1.8
    endloop
  endfacet
  facet normal 0 0 1
    outer loop
      vertex 13.05 -0.75 1.8
      vertex 5.304420953776042 5.006844110900952 1.8
      vertex 5.2 5 1.8
    endloop
  endfacet
  facet normal 0 0 1
    outer loop
      vertex 13.05 -0.75 1.8
      vertex 5.407055236082017 5.027259338968745 1.8
      vertex 5.304420953776042 5.006844110900952 1.8
    endloop
  endfacet
  facet normal 0 0 1
    outer loop
      vertex 13.05 -0.75 1.8
      vertex 5.506146745892072 5.06089637399097 1.8
      vertex 5.407055236082017 5.027259338968745 1.8
    endloop
  endfacet
  facet normal 0 0 1
    outer loop
      vertex 13.05 -0.75 1.8
      vertex 5.6 5.107179676972449 1.8
      vertex 5.506146745892072 5.06089637399097 1.8
    endloop
  endfacet
  facet normal 0 0 1
    outer loop
      vertex 5.6 5.107179676972449 1.8
      vertex 9.312990856793023 5.165317327767012 1.8
      vertex 5.687009143206977 5.165317327767012 1.8
    endloop
  endfacet
  facet normal 0 0 1
    outer loop
      vertex 5.687009143206977 5.165317327767012 1.8
      vertex 9.234314575050762 5.234314575050762 1.8
      vertex 5.765685424949238 5.234314575050762 1.8
    endloop
  endfacet
  facet normal 0 0 1
    outer loop
      vertex 5.765685424949238 5.234314575050762 1.8
      vertex 9.165317327767012 5.312990856793023 1.8
      vertex 5.834682672232988 5.312990856793023 1.8
    endloop
  endfacet
  facet normal 0 0 1
    outer loop
      vertex 5.834682672232988 5.312990856793023 1.8
      vertex 9.10717967697245 5.3999999999999995 1.8
      vertex 5.892820323027551 5.3999999999999995 1.8
    endloop
  endfacet
  facet normal 0 0 1
    outer loop
      vertex 5.687009143206977 5.165317327767012 1.8
      vertex 9.312990856793023 5.165317327767012 1.8
      vertex 9.234314575050762 5.234314575050762 1.8
    endloop
  endfacet
  facet normal 0 0 1
    outer loop
      vertex 5.6 5.107179676972449 1.8
      vertex 9.4 5.107179676972449 1.8
      vertex 9.312990856793023 5.165317327767012 1.8
    endloop
  endfacet
  facet normal 0 0 1
    outer loop
      vertex 5.765685424949238 5.234314575050762 1.8
      vertex 9.234314575050762 5.234314575050762 1.8
      vertex 9.165317327767012 5.312990856793023 1.8
    endloop
  endfacet
  facet normal 0 0 1
    outer loop
      vertex 5.834682672232988 5.312990856793023 1.8
      vertex 9.165317327767012 5.312990856793023 1.8
      vertex 9.10717967697245 5.3999999999999995 1.8
    endloop
  endfacet
  facet normal 0 0 1
    outer loop
      vertex 5.892820323027551 5.3999999999999995 1.8
      vertex 9.10717967697245 5.3999999999999995 1.8
      vertex 9.060896373990971 5.493853254107928 1.8
    endloop
  endfacet
  facet normal 0 0 1
    outer loop
      vertex 5.892820323027551 5.3999999999999995 1.8
      vertex 9.060896373990971 5.493853254107928 1.8
      vertex 5.93910362600903 5.493853254107928 1.8
    endloop
  endfacet
  facet normal 0 0 1
    outer loop
      vertex 5.93910362600903 5.493853254107928 1.8
      vertex 9.027259338968745 5.592944763917983 1.8
      vertex 5.972740661031255 5.592944763917983 1.8
    endloop
  endfacet
  facet normal 0 0 1
    outer loop
      vertex 5.972740661031255 5.592944763917983 1.8
      vertex 9.006844110900952 5.695579046223958 1.8
      vertex 5.993155889099048 5.695579046223958 1.8
    endloop
  endfacet
  facet normal 0 0 1
    outer loop
      vertex 5.993155889099048 5.695579046223958 1.8
      vertex 9 5.8 1.8
      vertex 6 5.8 1.8
    endloop
  endfacet
  facet normal 0 0 1
    outer loop
      vertex 5.93910362600903 5.493853254107928 1.8
      vertex 9.060896373990971 5.493853254107928 1.8
      vertex 9.027259338968745 5.592944763917983 1.8
    endloop
  endfacet
  facet normal 0 0 1
    outer loop
      vertex 5.972740661031255 5.592944763917983 1.8
      vertex 9.027259338968745 5.592944763917983 1.8
      vertex 9.006844110900952 5.695579046223958 1.8
    endloop
  endfacet
  facet normal 0 0 1
    outer loop
      vertex 5.993155889099048 5.695579046223958 1.8
      vertex 9.006844110900952 5.695579046223958 1.8
      vertex 9 5.8 1.8
    endloop
  endfacet
  facet normal 0 0 1
    outer loop
      vertex 2.5 -0.75 1.8
      vertex 4 5.8 1.8
      vertex 4 20.2 1.8
    endloop
  endfacet
  facet normal 0 0 1
    outer loop
      vertex 2.5 -0.75 1.8
      vertex 4 20.2 1.8
      vertex 2.5 15.25 1.8
    endloop
  endfacet
  facet normal 0 0 1
    outer loop
      vertex 6 5.8 1.8
      vertex 9 5.8 1.8
      vertex 9 20.2 1.8
    endloop
  endfacet
  facet normal 0 0 1
    outer loop
      vertex 13.05 -0.75 1.8
      vertex 9.4 5.107179676972449 1.8
      vertex 5.6 5.107179676972449 1.8
    endloop
  endfacet
  facet normal 0 0 1
    outer loop
      vertex 13.05 -0.75 1.8
      vertex 9.493853254107929 5.06089637399097 1.8
      vertex 9.4 5.107179676972449 1.8
    endloop
  endfacet
  facet normal 0 0 1
    outer loop
      vertex 13.05 -0.75 1.8
      vertex 9.592944763917984 5.027259338968745 1.8
      vertex 9.493853254107929 5.06089637399097 1.8
    endloop
  endfacet
  facet normal 0 0 1
    outer loop
      vertex 13.05 -0.75 1.8
      vertex 9.695579046223958 5.006844110900952 1.8
      vertex 9.592944763917984 5.027259338968745 1.8
    endloop
  endfacet
  facet normal 0 0 1
    outer loop
      vertex 13.05 -0.75 1.8
      vertex 9.8 5 1.8
      vertex 9.695579046223958 5.006844110900952 1.8
    endloop
  endfacet
  facet normal 0 0 1
    outer loop
      vertex 13.05 -0.75 1.8
      vertex 10.2 5 1.8
      vertex 9.8 5 1.8
    endloop
  endfacet
  facet normal 0 0 1
    outer loop
      vertex 13.05 -0.75 1.8
      vertex 10.304420953776042 5.006844110900952 1.8
      vertex 10.2 5 1.8
    endloop
  endfacet
  facet normal 0 0 1
    outer loop
      vertex 13.05 -0.75 1.8
      vertex 10.407055236082016 5.027259338968745 1.8
      vertex 10.304420953776042 5.006844110900952 1.8
    endloop
  endfacet
  facet normal 0 0 1
    outer loop
      vertex 13.05 -0.75 1.8
      vertex 10.506146745892071 5.06089637399097 1.8
      vertex 10.407055236082016 5.027259338968745 1.8
    endloop
  endfacet
  facet normal 0 0 1
    outer loop
      vertex 13.05 -0.75 1.8
      vertex 10.6 5.107179676972449 1.8
      vertex 10.506146745892071 5.06089637399097 1.8
    endloop
  endfacet
  facet normal 0 0 1
    outer loop
      vertex 13.05 -0.75 1.8
      vertex 10.687009143206977 5.165317327767012 1.8
      vertex 10.6 5.107179676972449 1.8
    endloop
  endfacet
  facet normal 0 0 1
    outer loop
      vertex 13.05 -0.75 1.8
      vertex 10.765685424949238 5.234314575050762 1.8
      vertex 10.687009143206977 5.165317327767012 1.8
    endloop
  endfacet
  facet normal 0 0 1
    outer loop
      vertex 13.05 -0.75 1.8
      vertex 10.834682672232988 5.312990856793023 1.8
      vertex 10.765685424949238 5.234314575050762 1.8
    endloop
  endfacet
  facet normal 0 0 1
    outer loop
      vertex 13.05 -0.75 1.8
      vertex 10.89282032302755 5.3999999999999995 1.8
      vertex 10.834682672232988 5.312990856793023 1.8
    endloop
  endfacet
  facet normal 0 0 1
    outer loop
      vertex 13.05 -0.75 1.8
      vertex 10.939103626009029 5.493853254107928 1.8
      vertex 10.89282032302755 5.3999999999999995 1.8
    endloop
  endfacet
  facet normal 0 0 1
    outer loop
      vertex 13.05 -0.75 1.8
      vertex 10.972740661031255 5.592944763917983 1.8
      vertex 10.939103626009029 5.493853254107928 1.8
    endloop
  endfacet
  facet normal 0 0 1
    outer loop
      vertex 13.05 -0.75 1.8
      vertex 10.993155889099048 5.695579046223958 1.8
      vertex 10.972740661031255 5.592944763917983 1.8
    endloop
  endfacet
  facet normal 0 0 1
    outer loop
      vertex 13.05 -0.75 1.8
      vertex 11 5.8 1.8
      vertex 10.993155889099048 5.695579046223958 1.8
    endloop
  endfacet
  facet normal 0 0 1
    outer loop
      vertex 13.05 -0.75 1.8
      vertex 27.96675473261426 19.505525262219525 1.8
      vertex 11 5.8 1.8
    endloop
  endfacet
  facet normal 0 0 1
    outer loop
      vertex 1 15.25 1.8
      vertex 2.5 15.25 1.8
      vertex 1 20.2 1.8
    endloop
  endfacet
  facet normal 0 0 1
    outer loop
      vertex 1 20.2 1.8
      vertex 4.006844110900952 20.30442095377604 1.8
      vertex 0.9931558890990483 20.30442095377604 1.8
    endloop
  endfacet
  facet normal 0 0 1
    outer loop
      vertex 0.9931558890990483 20.30442095377604 1.8
      vertex 4.027259338968745 20.407055236082016 1.8
      vertex 0.9727406610312547 20.407055236082016 1.8
    endloop
  endfacet
  facet normal 0 0 1
    outer loop
      vertex 0.8346826722329881 20.68700914320698 1.8
      vertex 0.8928203230275509 20.6 1.8
      vertex 4.165317327767012 20.68700914320698 1.8
    endloop
  endfacet
  facet normal 0 0 1
    outer loop
      vertex 0.8346826722329881 20.68700914320698 1.8
      vertex 4.234314575050762 20.76568542494924 1.8
      vertex 0.7656854249492381 20.76568542494924 1.8
    endloop
  endfacet
  facet normal 0 0 1
    outer loop
      vertex 0.6870091432069765 20.834682672232987 1.8
      vertex 0.7656854249492381 20.76568542494924 1.8
      vertex 4.312990856793023 20.834682672232987 1.8
    endloop
  endfacet
  facet normal 0 0 1
    outer loop
      vertex 0.9727406610312547 20.407055236082016 1.8
      vertex 4.06089637399097 20.50614674589207 1.8
      vertex 0.9391036260090294 20.50614674589207 1.8
    endloop
  endfacet
  facet normal 0 0 1
    outer loop
      vertex 0.8928203230275509 20.6 1.8
      vertex 0.9391036260090294 20.50614674589207 1.8
      vertex 4.107179676972449 20.6 1.8
    endloop
  endfacet
  facet normal 0 0 1
    outer loop
      vertex 0.3044209537760412 20.99315588909905 1.8
      vertex 0.40705523608201655 20.972740661031253 1.8
      vertex 4.695579046223958 20.99315588909905 1.8
    endloop
  endfacet
  facet normal 0 0 1
    outer loop
      vertex 0.6870091432069765 20.834682672232987 1.8
      vertex 4.4 20.89282032302755 1.8
      vertex 0.6 20.89282032302755 1.8
    endloop
  endfacet
  facet normal 0 0 1
    outer loop
      vertex 0.5061467458920719 20.93910362600903 1.8
      vertex 0.6 20.89282032302755 1.8
      vertex 4.493853254107928 20.93910362600903 1.8
    endloop
  endfacet
  facet normal 0 0 1
    outer loop
      vertex 0.40705523608201655 20.972740661031253 1.8
      vertex 0.5061467458920719 20.93910362600903 1.8
      vertex 4.592944763917983 20.972740661031253 1.8
    endloop
  endfacet
  facet normal 0 0 1
    outer loop
      vertex 2.5 15.25 1.8
      vertex 4 20.2 1.8
      vertex 1 20.2 1.8
    endloop
  endfacet
  facet normal 0 0 1
    outer loop
      vertex 1 20.2 1.8
      vertex 4 20.2 1.8
      vertex 4.006844110900952 20.30442095377604 1.8
    endloop
  endfacet
  facet normal 0 0 1
    outer loop
      vertex 0.9931558890990483 20.30442095377604 1.8
      vertex 4.006844110900952 20.30442095377604 1.8
      vertex 4.027259338968745 20.407055236082016 1.8
    endloop
  endfacet
  facet normal 0 0 1
    outer loop
      vertex 0.9727406610312547 20.407055236082016 1.8
      vertex 4.027259338968745 20.407055236082016 1.8
      vertex 4.06089637399097 20.50614674589207 1.8
    endloop
  endfacet
  facet normal 0 0 1
    outer loop
      vertex 0.9391036260090294 20.50614674589207 1.8
      vertex 4.06089637399097 20.50614674589207 1.8
      vertex 4.107179676972449 20.6 1.8
    endloop
  endfacet
  facet normal 0 0 1
    outer loop
      vertex 0.8928203230275509 20.6 1.8
      vertex 4.107179676972449 20.6 1.8
      vertex 4.165317327767012 20.68700914320698 1.8
    endloop
  endfacet
  facet normal 0 0 1
    outer loop
      vertex 0.8346826722329881 20.68700914320698 1.8
      vertex 4.165317327767012 20.68700914320698 1.8
      vertex 4.234314575050762 20.76568542494924 1.8
    endloop
  endfacet
  facet normal 0 0 1
    outer loop
      vertex 0.7656854249492381 20.76568542494924 1.8
      vertex 4.234314575050762 20.76568542494924 1.8
      vertex 4.312990856793023 20.834682672232987 1.8
    endloop
  endfacet
  facet normal 0 0 1
    outer loop
      vertex 0.6870091432069765 20.834682672232987 1.8
      vertex 4.312990856793023 20.834682672232987 1.8
      vertex 4.4 20.89282032302755 1.8
    endloop
  endfacet
  facet normal 0 0 1
    outer loop
      vertex 0.6 20.89282032302755 1.8
      vertex 4.4 20.89282032302755 1.8
      vertex 4.493853254107928 20.93910362600903 1.8
    endloop
  endfacet
  facet normal 0 0 1
    outer loop
      vertex 0.5061467458920719 20.93910362600903 1.8
      vertex 4.493853254107928 20.93910362600903 1.8
      vertex 4.592944763917983 20.972740661031253 1.8
    endloop
  endfacet
  facet normal 0 0 1
    outer loop
      vertex 0.40705523608201655 20.972740661031253 1.8
      vertex 4.592944763917983 20.972740661031253 1.8
      vertex 4.695579046223958 20.99315588909905 1.8
    endloop
  endfacet
  facet normal 0 0 1
    outer loop
      vertex -26.857945981213664 23.643655858323545 1.8
      vertex 10.304420953776042 20.99315588909905 1.8
      vertex 27.356344141676455 19.857945981213664 1.8
    endloop
  endfacet
  facet normal 0 0 1
    outer loop
      vertex 6 5.8 1.8
      vertex 9 20.2 1.8
      vertex 6 20.2 1.8
    endloop
  endfacet
  facet normal 0 0 1
    outer loop
      vertex 5.304420953776042 20.99315588909905 1.8
      vertex 5.407055236082017 20.972740661031253 1.8
      vertex 9.493853254107929 20.93910362600903 1.8
    endloop
  endfacet
  facet normal 0 0 1
    outer loop
      vertex 6 20.2 1.8
      vertex 9.006844110900952 20.30442095377604 1.8
      vertex 5.993155889099048 20.30442095377604 1.8
    endloop
  endfacet
  facet normal 0 0 1
    outer loop
      vertex 5.993155889099048 20.30442095377604 1.8
      vertex 9.027259338968745 20.407055236082016 1.8
      vertex 5.972740661031255 20.407055236082016 1.8
    endloop
  endfacet
  facet normal 0 0 1
    outer loop
      vertex 5.972740661031255 20.407055236082016 1.8
      vertex 9.060896373990971 20.50614674589207 1.8
      vertex 5.93910362600903 20.50614674589207 1.8
    endloop
  endfacet
  facet normal 0 0 1
    outer loop
      vertex 5.892820323027551 20.6 1.8
      vertex 5.93910362600903 20.50614674589207 1.8
      vertex 9.10717967697245 20.6 1.8
    endloop
  endfacet
  facet normal 0 0 1
    outer loop
      vertex 5.892820323027551 20.6 1.8
      vertex 9.165317327767012 20.68700914320698 1.8
      vertex 5.834682672232988 20.68700914320698 1.8
    endloop
  endfacet
  facet normal 0 0 1
    outer loop
      vertex 5.834682672232988 20.68700914320698 1.8
      vertex 9.234314575050762 20.76568542494924 1.8
      vertex 5.765685424949238 20.76568542494924 1.8
    endloop
  endfacet
  facet normal 0 0 1
    outer loop
      vertex 5.687009143206977 20.834682672232987 1.8
      vertex 5.765685424949238 20.76568542494924 1.8
      vertex 9.312990856793023 20.834682672232987 1.8
    endloop
  endfacet
  facet normal 0 0 1
    outer loop
      vertex 5.407055236082017 20.972740661031253 1.8
      vertex 5.506146745892072 20.93910362600903 1.8
      vertex 9.493853254107929 20.93910362600903 1.8
    endloop
  endfacet
  facet normal 0 0 1
    outer loop
      vertex 5.506146745892072 20.93910362600903 1.8
      vertex 5.6 20.89282032302755 1.8
      vertex 9.493853254107929 20.93910362600903 1.8
    endloop
  endfacet
  facet normal 0 0 1
    outer loop
      vertex 5.6 20.89282032302755 1.8
      vertex 5.687009143206977 20.834682672232987 1.8
      vertex 9.4 20.89282032302755 1.8
    endloop
  endfacet
  facet normal 0 0 1
    outer loop
      vertex 6 20.2 1.8
      vertex 9 20.2 1.8
      vertex 9.006844110900952 20.30442095377604 1.8
    endloop
  endfacet
  facet normal 0 0 1
    outer loop
      vertex 5.993155889099048 20.30442095377604 1.8
      vertex 9.006844110900952 20.30442095377604 1.8
      vertex 9.027259338968745 20.407055236082016 1.8
    endloop
  endfacet
  facet normal 0 0 1
    outer loop
      vertex 5.972740661031255 20.407055236082016 1.8
      vertex 9.027259338968745 20.407055236082016 1.8
      vertex 9.060896373990971 20.50614674589207 1.8
    endloop
  endfacet
  facet normal 0 0 1
    outer loop
      vertex 5.93910362600903 20.50614674589207 1.8
      vertex 9.060896373990971 20.50614674589207 1.8
      vertex 9.10717967697245 20.6 1.8
    endloop
  endfacet
  facet normal 0 0 1
    outer loop
      vertex 5.892820323027551 20.6 1.8
      vertex 9.10717967697245 20.6 1.8
      vertex 9.165317327767012 20.68700914320698 1.8
    endloop
  endfacet
  facet normal 0 0 1
    outer loop
      vertex 5.834682672232988 20.68700914320698 1.8
      vertex 9.165317327767012 20.68700914320698 1.8
      vertex 9.234314575050762 20.76568542494924 1.8
    endloop
  endfacet
  facet normal 0 0 1
    outer loop
      vertex 5.765685424949238 20.76568542494924 1.8
      vertex 9.234314575050762 20.76568542494924 1.8
      vertex 9.312990856793023 20.834682672232987 1.8
    endloop
  endfacet
  facet normal 0 0 1
    outer loop
      vertex 5.687009143206977 20.834682672232987 1.8
      vertex 9.312990856793023 20.834682672232987 1.8
      vertex 9.4 20.89282032302755 1.8
    endloop
  endfacet
  facet normal 0 0 1
    outer loop
      vertex 5.6 20.89282032302755 1.8
      vertex 9.4 20.89282032302755 1.8
      vertex 9.493853254107929 20.93910362600903 1.8
    endloop
  endfacet
  facet normal 0 0 1
    outer loop
      vertex -26.857945981213664 23.643655858323545 1.8
      vertex 26.857945981213664 20.356344141676455 1.8
      vertex 26.661731409782014 20.65 1.8
    endloop
  endfacet
  facet normal 0 0 1
    outer loop
      vertex -26.857945981213664 23.643655858323545 1.8
      vertex 26.505525262219525 20.96675473261426 1.8
      vertex 26.392000269019515 21.301188578223194 1.8
    endloop
  endfacet
  facet normal 0 0 1
    outer loop
      vertex -26.857945981213664 23.643655858323545 1.8
      vertex 26.392000269019515 21.301188578223194 1.8
      vertex 26.32309887429071 21.64757928100586 1.8
    endloop
  endfacet
  facet normal 0 0 1
    outer loop
      vertex -26.857945981213664 23.643655858323545 1.8
      vertex 26.661731409782014 20.65 1.8
      vertex 26.505525262219525 20.96675473261426 1.8
    endloop
  endfacet
  facet normal 0 0 1
    outer loop
      vertex -26.857945981213664 23.643655858323545 1.8
      vertex 26.32309887429071 21.64757928100586 1.8
      vertex 26.3 22 1.8
    endloop
  endfacet
  facet normal 0 0 1
    outer loop
      vertex -26.857945981213664 23.643655858323545 1.8
      vertex 26.3 22 1.8
      vertex 26.32309887429071 22.35242071899414 1.8
    endloop
  endfacet
  facet normal 0 0 1
    outer loop
      vertex -26.857945981213664 23.643655858323545 1.8
      vertex 26.32309887429071 22.35242071899414 1.8
      vertex 26.392000269019515 22.698811421776806 1.8
    endloop
  endfacet
  facet normal 0 0 1
    outer loop
      vertex -26.857945981213664 23.643655858323545 1.8
      vertex 26.392000269019515 22.698811421776806 1.8
      vertex 26.505525262219525 23.03324526738574 1.8
    endloop
  endfacet
  facet normal 0 0 1
    outer loop
      vertex -26.857945981213664 23.643655858323545 1.8
      vertex 26.505525262219525 23.03324526738574 1.8
      vertex 26.661731409782014 23.35 1.8
    endloop
  endfacet
  facet normal 0 0 1
    outer loop
      vertex -26.857945981213664 23.643655858323545 1.8
      vertex 26.661731409782014 23.35 1.8
      vertex 26.857945981213664 23.643655858323545 1.8
    endloop
  endfacet
  facet normal 0 0 1
    outer loop
      vertex -26.857945981213664 23.643655858323545 1.8
      vertex 27.356344141676455 19.857945981213664 1.8
      vertex 27.090811690796322 20.090811690796322 1.8
    endloop
  endfacet
  facet normal 0 0 1
    outer loop
      vertex -26.857945981213664 23.643655858323545 1.8
      vertex 27.090811690796322 20.090811690796322 1.8
      vertex 26.857945981213664 20.356344141676455 1.8
    endloop
  endfacet
  facet normal 0 0 1
    outer loop
      vertex 11 5.8 1.8
      vertex 27.96675473261426 19.505525262219525 1.8
      vertex 11 20.2 1.8
    endloop
  endfacet
  facet normal 0 0 1
    outer loop
      vertex 10.304420953776042 20.99315588909905 1.8
      vertex 10.407055236082016 20.972740661031253 1.8
      vertex 27.356344141676455 19.857945981213664 1.8
    endloop
  endfacet
  facet normal 0 0 1
    outer loop
      vertex 10.506146745892071 20.93910362600903 1.8
      vertex 27.356344141676455 19.857945981213664 1.8
      vertex 10.407055236082016 20.972740661031253 1.8
    endloop
  endfacet
  facet normal 0 0 1
    outer loop
      vertex 10.506146745892071 20.93910362600903 1.8
      vertex 10.6 20.89282032302755 1.8
      vertex 27.356344141676455 19.857945981213664 1.8
    endloop
  endfacet
  facet normal 0 0 1
    outer loop
      vertex 10.687009143206977 20.834682672232987 1.8
      vertex 27.65 19.661731409782014 1.8
      vertex 10.6 20.89282032302755 1.8
    endloop
  endfacet
  facet normal 0 0 1
    outer loop
      vertex 10.89282032302755 20.6 1.8
      vertex 27.96675473261426 19.505525262219525 1.8
      vertex 10.834682672232988 20.68700914320698 1.8
    endloop
  endfacet
  facet normal 0 0 1
    outer loop
      vertex 10.765685424949238 20.76568542494924 1.8
      vertex 10.834682672232988 20.68700914320698 1.8
      vertex 27.96675473261426 19.505525262219525 1.8
    endloop
  endfacet
  facet normal 0 0 1
    outer loop
      vertex 11 20.2 1.8
      vertex 27.96675473261426 19.505525262219525 1.8
      vertex 10.993155889099048 20.30442095377604 1.8
    endloop
  endfacet
  facet normal 0 0 1
    outer loop
      vertex 10.993155889099048 20.30442095377604 1.8
      vertex 27.96675473261426 19.505525262219525 1.8
      vertex 10.972740661031255 20.407055236082016 1.8
    endloop
  endfacet
  facet normal 0 0 1
    outer loop
      vertex 10.939103626009029 20.50614674589207 1.8
      vertex 10.972740661031255 20.407055236082016 1.8
      vertex 27.96675473261426 19.505525262219525 1.8
    endloop
  endfacet
  facet normal 0 0 1
    outer loop
      vertex 10.89282032302755 20.6 1.8
      vertex 10.939103626009029 20.50614674589207 1.8
      vertex 27.96675473261426 19.505525262219525 1.8
    endloop
  endfacet
  facet normal 0 0 1
    outer loop
      vertex 10.687009143206977 20.834682672232987 1.8
      vertex 10.765685424949238 20.76568542494924 1.8
      vertex 27.65 19.661731409782014 1.8
    endloop
  endfacet
  facet normal 0 0 1
    outer loop
      vertex -26.857945981213664 23.643655858323545 1.8
      vertex 26.857945981213664 23.643655858323545 1.8
      vertex 27.090811690796322 23.909188309203678 1.8
    endloop
  endfacet
  facet normal 0 0 1
    outer loop
      vertex -26.857945981213664 23.643655858323545 1.8
      vertex 27.090811690796322 23.909188309203678 1.8
      vertex 27.356344141676455 24.142054018786336 1.8
    endloop
  endfacet
  facet normal 0 0 1
    outer loop
      vertex -26.857945981213664 23.643655858323545 1.8
      vertex 27.356344141676455 24.142054018786336 1.8
      vertex 27.65 24.338268590217986 1.8
    endloop
  endfacet
  facet normal 0 0 1
    outer loop
      vertex -26.857945981213664 23.643655858323545 1.8
      vertex 27.65 24.338268590217986 1.8
      vertex 27.96675473261426 24.494474737780475 1.8
    endloop
  endfacet
  facet normal 0 0 1
    outer loop
      vertex -26.857945981213664 23.643655858323545 1.8
      vertex 27.96675473261426 24.494474737780475 1.8
      vertex 28.301188578223194 24.607999730980485 1.8
    endloop
  endfacet
  facet normal 0 0 1
    outer loop
      vertex -26.857945981213664 23.643655858323545 1.8
      vertex 28.301188578223194 24.607999730980485 1.8
      vertex 28.64757928100586 24.67690112570929 1.8
    endloop
  endfacet
  facet normal 0 0 1
    outer loop
      vertex -26.857945981213664 23.643655858323545 1.8
      vertex 28.64757928100586 24.67690112570929 1.8
      vertex 29 24.7 1.8
    endloop
  endfacet
  facet normal 0 0 1
    outer loop
      vertex -26.857945981213664 23.643655858323545 1.8
      vertex 29 24.7 1.8
      vertex 31.000000000000004 27.2 1.8
    endloop
  endfacet
  facet normal 0 0 1
    outer loop
      vertex 15.25 -2.9499999999999993 1.8
      vertex 27.96675473261426 19.505525262219525 1.8
      vertex 15.231178695022383 -2.6628423771158864 1.8
    endloop
  endfacet
  facet normal 0 0 1
    outer loop
      vertex 15.175036817835952 -2.3805981007744528 1.8
      vertex 15.231178695022383 -2.6628423771158864 1.8
      vertex 27.96675473261426 19.505525262219525 1.8
    endloop
  endfacet
  facet normal 0 0 1
    outer loop
      vertex 15.082534971524831 -2.108096448796802 1.8
      vertex 27.96675473261426 19.505525262219525 1.8
      vertex 14.955255888325766 -1.8499999999999996 1.8
    endloop
  endfacet
  facet normal 0 0 1
    outer loop
      vertex 14.955255888325766 -1.8499999999999996 1.8
      vertex 27.96675473261426 19.505525262219525 1.8
      vertex 14.795377348640718 -1.6107248561808145 1.8
    endloop
  endfacet
  facet normal 0 0 1
    outer loop
      vertex 15.175036817835952 -2.3805981007744528 1.8
      vertex 27.96675473261426 19.505525262219525 1.8
      vertex 15.082534971524831 -2.108096448796802 1.8
    endloop
  endfacet
  facet normal 0 0 1
    outer loop
      vertex 13.05 -0.75 1.8
      vertex 13.337157622884114 -0.7688213049776174 1.8
      vertex 27.96675473261426 19.505525262219525 1.8
    endloop
  endfacet
  facet normal 0 0 1
    outer loop
      vertex 13.337157622884114 -0.7688213049776174 1.8
      vertex 13.619401899225547 -0.8249631821640477 1.8
      vertex 27.96675473261426 19.505525262219525 1.8
    endloop
  endfacet
  facet normal 0 0 1
    outer loop
      vertex 13.891903551203198 -0.9174650284751689 1.8
      vertex 27.96675473261426 19.505525262219525 1.8
      vertex 13.619401899225547 -0.8249631821640477 1.8
    endloop
  endfacet
  facet normal 0 0 1
    outer loop
      vertex 13.891903551203198 -0.9174650284751689 1.8
      vertex 14.15 -1.044744111674234 1.8
      vertex 27.96675473261426 19.505525262219525 1.8
    endloop
  endfacet
  facet normal 0 0 1
    outer loop
      vertex 14.15 -1.044744111674234 1.8
      vertex 14.389275143819185 -1.2046226513592817 1.8
      vertex 27.96675473261426 19.505525262219525 1.8
    endloop
  endfacet
  facet normal 0 0 1
    outer loop
      vertex 14.605634918610406 -1.3943650813895943 1.8
      vertex 14.795377348640718 -1.6107248561808145 1.8
      vertex 27.96675473261426 19.505525262219525 1.8
    endloop
  endfacet
  facet normal 0 0 1
    outer loop
      vertex 14.605634918610406 -1.3943650813895943 1.8
      vertex 27.96675473261426 19.505525262219525 1.8
      vertex 14.389275143819185 -1.2046226513592817 1.8
    endloop
  endfacet
  facet normal 0 0 1
    outer loop
      vertex 27.96675473261426 -19.505525262219525 1.8
      vertex 28.301188578223194 19.392000269019515 1.8
      vertex 27.96675473261426 19.505525262219525 1.8
    endloop
  endfacet
  facet normal 0 0 1
    outer loop
      vertex 28.301188578223194 -19.392000269019515 1.8
      vertex 28.64757928100586 19.32309887429071 1.8
      vertex 28.301188578223194 19.392000269019515 1.8
    endloop
  endfacet
  facet normal 0 0 1
    outer loop
      vertex 28.64757928100586 -19.32309887429071 1.8
      vertex 29 19.3 1.8
      vertex 28.64757928100586 19.32309887429071 1.8
    endloop
  endfacet
  facet normal 0 0 1
    outer loop
      vertex 29 -19.3 1.8
      vertex 29.35242071899414 19.32309887429071 1.8
      vertex 29 19.3 1.8
    endloop
  endfacet
  facet normal 0 0 1
    outer loop
      vertex 29.35242071899414 -19.32309887429071 1.8
      vertex 29.698811421776806 19.392000269019515 1.8
      vertex 29.35242071899414 19.32309887429071 1.8
    endloop
  endfacet
  facet normal 0 0 1
    outer loop
      vertex 29.698811421776806 -19.392000269019515 1.8
      vertex 30.03324526738574 19.505525262219525 1.8
      vertex 29.698811421776806 19.392000269019515 1.8
    endloop
  endfacet
  facet normal 0 0 1
    outer loop
      vertex 30.03324526738574 -19.505525262219525 1.8
      vertex 30.35 19.661731409782014 1.8
      vertex 30.03324526738574 19.505525262219525 1.8
    endloop
  endfacet
  facet normal 0 0 1
    outer loop
      vertex 30.35 -19.661731409782014 1.8
      vertex 30.643655858323545 19.857945981213664 1.8
      vertex 30.35 19.661731409782014 1.8
    endloop
  endfacet
  facet normal 0 0 1
    outer loop
      vertex 30.643655858323545 -19.857945981213664 1.8
      vertex 30.909188309203678 20.090811690796322 1.8
      vertex 30.643655858323545 19.857945981213664 1.8
    endloop
  endfacet
  facet normal 0 0 1
    outer loop
      vertex 30.909188309203678 -20.090811690796322 1.8
      vertex 31.142054018786336 20.356344141676455 1.8
      vertex 30.909188309203678 20.090811690796322 1.8
    endloop
  endfacet
  facet normal 0 0 1
    outer loop
      vertex 31.338268590217986 -20.65 1.8
      vertex 31.338268590217986 20.65 1.8
      vertex 31.142054018786336 20.356344141676455 1.8
    endloop
  endfacet
  facet normal 0 0 1
    outer loop
      vertex 31.338268590217986 -20.65 1.8
      vertex 31.494474737780475 20.96675473261426 1.8
      vertex 31.338268590217986 20.65 1.8
    endloop
  endfacet
  facet normal 0 0 1
    outer loop
      vertex 31.82822094432807 -27.090962644125018 1.8
      vertex 31.607999730980485 21.301188578223194 1.8
      vertex 31.494474737780475 20.96675473261426 1.8
    endloop
  endfacet
  facet normal 0 0 1
    outer loop
      vertex 31.82822094432807 -27.090962644125018 1.8
      vertex 31.67690112570929 21.64757928100586 1.8
      vertex 31.607999730980485 21.301188578223194 1.8
    endloop
  endfacet
  facet normal 0 0 1
    outer loop
      vertex 31.82822094432807 -27.090962644125018 1.8
      vertex 31.7 22 1.8
      vertex 31.67690112570929 21.64757928100586 1.8
    endloop
  endfacet
  facet normal 0 0 1
    outer loop
      vertex 31.82822094432807 -27.090962644125018 1.8
      vertex 31.82822094432807 27.090962644125018 1.8
      vertex 31.7 22 1.8
    endloop
  endfacet
  facet normal 0 0 1
    outer loop
      vertex 32.224586983568294 -26.95641450403612 1.8
      vertex 32.224586983568294 26.95641450403612 1.8
      vertex 31.82822094432807 27.090962644125018 1.8
    endloop
  endfacet
  facet normal 0 0 1
    outer loop
      vertex 32.6 -26.771281292110203 1.8
      vertex 32.6 26.771281292110203 1.8
      vertex 32.224586983568294 26.95641450403612 1.8
    endloop
  endfacet
  facet normal 0 0 1
    outer loop
      vertex 32.94803657282791 -26.538730688931953 1.8
      vertex 32.94803657282791 26.538730688931953 1.8
      vertex 32.6 26.771281292110203 1.8
    endloop
  endfacet
  facet normal 0 0 1
    outer loop
      vertex 33.262741699796955 -26.26274169979695 1.8
      vertex 33.262741699796955 26.26274169979695 1.8
      vertex 32.94803657282791 26.538730688931953 1.8
    endloop
  endfacet
  facet normal 0 0 1
    outer loop
      vertex 33.538730688931956 -25.948036572827906 1.8
      vertex 33.538730688931956 25.948036572827906 1.8
      vertex 33.262741699796955 26.26274169979695 1.8
    endloop
  endfacet
  facet normal 0 0 1
    outer loop
      vertex 33.77128129211021 -25.6 1.8
      vertex 33.77128129211021 25.6 1.8
      vertex 33.538730688931956 25.948036572827906 1.8
    endloop
  endfacet
  facet normal 0 0 1
    outer loop
      vertex 34.2 -24 1.8
      vertex 34.2 24 1.8
      vertex 34.172623556396196 24.417683815104166 1.8
    endloop
  endfacet
  facet normal 0 0 1
    outer loop
      vertex 33.95641450403612 -25.224586983568287 1.8
      vertex 33.95641450403612 25.224586983568287 1.8
      vertex 33.77128129211021 25.6 1.8
    endloop
  endfacet
  facet normal 0 0 1
    outer loop
      vertex 34.172623556396196 -24.417683815104166 1.8
      vertex 34.172623556396196 24.417683815104166 1.8
      vertex 34.09096264412502 24.828220944328066 1.8
    endloop
  endfacet
  facet normal 0 0 1
    outer loop
      vertex 34.09096264412502 -24.828220944328066 1.8
      vertex 34.09096264412502 24.828220944328066 1.8
      vertex 33.95641450403612 25.224586983568287 1.8
    endloop
  endfacet
  facet normal -1 0 0
    outer loop
      vertex 34.2 -24 1.8
      vertex 34.2 24 8.3
      vertex 34.2 24 1.8
    endloop
  endfacet
  facet normal 0 0 1
    outer loop
      vertex 10.6 20.89282032302755 1.8
      vertex 27.65 19.661731409782014 1.8
      vertex 27.356344141676455 19.857945981213664 1.8
    endloop
  endfacet
  facet normal 0 0 1
    outer loop
      vertex 10.765685424949238 20.76568542494924 1.8
      vertex 27.96675473261426 19.505525262219525 1.8
      vertex 27.65 19.661731409782014 1.8
    endloop
  endfacet
  facet normal 0 0 1
    outer loop
      vertex 28.257537879754125 21.257537879754125 1.8
      vertex 28.360800499540844 21.166978992694204 1.8
      vertex 28.166978992694204 21.360800499540844 1.8
    endloop
  endfacet
  facet normal 0 0 1
    outer loop
      vertex 28.09067332602634 21.475 1.8
      vertex 28.360800499540844 21.166978992694204 1.8
      vertex 28.475 21.09067332602634 1.8
    endloop
  endfacet
  facet normal 0 0 1
    outer loop
      vertex 28.09067332602634 21.475 1.8
      vertex 28.166978992694204 21.360800499540844 1.8
      vertex 28.360800499540844 21.166978992694204 1.8
    endloop
  endfacet
  facet normal 0 0 1
    outer loop
      vertex 28.09067332602634 21.475 1.8
      vertex 28.475 21.09067332602634 1.8
      vertex 28.029926490863147 21.598182396016657 1.8
    endloop
  endfacet
  facet normal 0 0 1
    outer loop
      vertex 28.029926490863147 21.598182396016657 1.8
      vertex 28.475 21.09067332602634 1.8
      vertex 27.985777882396476 21.72824000264235 1.8
    endloop
  endfacet
  facet normal 0 0 1
    outer loop
      vertex 27.985777882396476 21.72824000264235 1.8
      vertex 28.475 21.09067332602634 1.8
      vertex 27.958982895557497 21.862947498168946 1.8
    endloop
  endfacet
  facet normal 0 0 1
    outer loop
      vertex 28.475 21.09067332602634 1.8
      vertex 27.95 22 1.8
      vertex 27.958982895557497 21.862947498168946 1.8
    endloop
  endfacet
  facet normal 0 0 1
    outer loop
      vertex 28.475 21.09067332602634 1.8
      vertex 27.958982895557497 22.137052501831054 1.8
      vertex 27.95 22 1.8
    endloop
  endfacet
  facet normal 0 0 1
    outer loop
      vertex 28.72824000264235 20.985777882396476 1.8
      vertex 28.862947498168946 20.958982895557497 1.8
      vertex 30.041017104442503 21.862947498168946 1.8
    endloop
  endfacet
  facet normal 0 0 1
    outer loop
      vertex 28.598182396016657 21.029926490863147 1.8
      vertex 29.970073509136853 22.401817603983343 1.8
      vertex 28.475 21.09067332602634 1.8
    endloop
  endfacet
  facet normal 0 0 1
    outer loop
      vertex 28.598182396016657 21.029926490863147 1.8
      vertex 28.72824000264235 20.985777882396476 1.8
      vertex 30.014222117603524 22.27175999735765 1.8
    endloop
  endfacet
  facet normal 0 0 1
    outer loop
      vertex 28.862947498168946 20.958982895557497 1.8
      vertex 29 20.95 1.8
      vertex 30.041017104442503 21.862947498168946 1.8
    endloop
  endfacet
  facet normal 0 0 1
    outer loop
      vertex 29.27175999735765 20.985777882396476 1.8
      vertex 29.401817603983343 21.029926490863147 1.8
      vertex 29.833021007305796 21.360800499540844 1.8
    endloop
  endfacet
  facet normal 0 0 1
    outer loop
      vertex 29 20.95 1.8
      vertex 29.137052501831054 20.958982895557497 1.8
      vertex 30.041017104442503 21.862947498168946 1.8
    endloop
  endfacet
  facet normal 0 0 1
    outer loop
      vertex 29.137052501831054 20.958982895557497 1.8
      vertex 29.27175999735765 20.985777882396476 1.8
      vertex 30.014222117603524 21.72824000264235 1.8
    endloop
  endfacet
  facet normal 0 0 1
    outer loop
      vertex 29.401817603983343 21.029926490863147 1.8
      vertex 29.525 21.09067332602634 1.8
      vertex 29.742462120245875 21.257537879754125 1.8
    endloop
  endfacet
  facet normal 0 0 1
    outer loop
      vertex 29.525 21.09067332602634 1.8
      vertex 29.639199500459156 21.166978992694204 1.8
      vertex 29.742462120245875 21.257537879754125 1.8
    endloop
  endfacet
  facet normal 0 0 1
    outer loop
      vertex 29.401817603983343 21.029926490863147 1.8
      vertex 29.742462120245875 21.257537879754125 1.8
      vertex 29.833021007305796 21.360800499540844 1.8
    endloop
  endfacet
  facet normal 0 0 1
    outer loop
      vertex 29.27175999735765 20.985777882396476 1.8
      vertex 29.833021007305796 21.360800499540844 1.8
      vertex 29.90932667397366 21.475 1.8
    endloop
  endfacet
  facet normal 0 0 1
    outer loop
      vertex 29.27175999735765 20.985777882396476 1.8
      vertex 29.90932667397366 21.475 1.8
      vertex 29.970073509136853 21.598182396016657 1.8
    endloop
  endfacet
  facet normal 0 0 1
    outer loop
      vertex 29.137052501831054 20.958982895557497 1.8
      vertex 30.014222117603524 21.72824000264235 1.8
      vertex 30.041017104442503 21.862947498168946 1.8
    endloop
  endfacet
  facet normal 0 0 1
    outer loop
      vertex 29.27175999735765 20.985777882396476 1.8
      vertex 29.970073509136853 21.598182396016657 1.8
      vertex 30.014222117603524 21.72824000264235 1.8
    endloop
  endfacet
  facet normal 0 0 1
    outer loop
      vertex 28.72824000264235 20.985777882396476 1.8
      vertex 30.041017104442503 21.862947498168946 1.8
      vertex 30.05 22 1.8
    endloop
  endfacet
  facet normal 0 0 1
    outer loop
      vertex 28.72824000264235 20.985777882396476 1.8
      vertex 30.05 22 1.8
      vertex 30.041017104442503 22.137052501831054 1.8
    endloop
  endfacet
  facet normal 0 0 1
    outer loop
      vertex 28.475 21.09067332602634 1.8
      vertex 27.985777882396476 22.27175999735765 1.8
      vertex 27.958982895557497 22.137052501831054 1.8
    endloop
  endfacet
  facet normal 0 0 1
    outer loop
      vertex 28.475 21.09067332602634 1.8
      vertex 28.029926490863147 22.401817603983343 1.8
      vertex 27.985777882396476 22.27175999735765 1.8
    endloop
  endfacet
  facet normal 0 0 1
    outer loop
      vertex 28.475 21.09067332602634 1.8
      vertex 28.09067332602634 22.525 1.8
      vertex 28.029926490863147 22.401817603983343 1.8
    endloop
  endfacet
  facet normal 0 0 1
    outer loop
      vertex 28.475 21.09067332602634 1.8
      vertex 28.166978992694204 22.639199500459156 1.8
      vertex 28.09067332602634 22.525 1.8
    endloop
  endfacet
  facet normal 0 0 1
    outer loop
      vertex 28.475 21.09067332602634 1.8
      vertex 28.257537879754125 22.742462120245875 1.8
      vertex 28.166978992694204 22.639199500459156 1.8
    endloop
  endfacet
  facet normal 0 0 1
    outer loop
      vertex 28.475 21.09067332602634 1.8
      vertex 28.360800499540844 22.833021007305796 1.8
      vertex 28.257537879754125 22.742462120245875 1.8
    endloop
  endfacet
  facet normal 0 0 1
    outer loop
      vertex 28.475 21.09067332602634 1.8
      vertex 28.475 22.90932667397366 1.8
      vertex 28.360800499540844 22.833021007305796 1.8
    endloop
  endfacet
  facet normal 0 0 1
    outer loop
      vertex 28.475 21.09067332602634 1.8
      vertex 28.598182396016657 22.970073509136853 1.8
      vertex 28.475 22.90932667397366 1.8
    endloop
  endfacet
  facet normal 0 0 1
    outer loop
      vertex 28.475 21.09067332602634 1.8
      vertex 28.72824000264235 23.014222117603524 1.8
      vertex 28.598182396016657 22.970073509136853 1.8
    endloop
  endfacet
  facet normal 0 0 1
    outer loop
      vertex 28.475 21.09067332602634 1.8
      vertex 28.862947498168946 23.041017104442503 1.8
      vertex 28.72824000264235 23.014222117603524 1.8
    endloop
  endfacet
  facet normal 0 0 1
    outer loop
      vertex 28.475 21.09067332602634 1.8
      vertex 29 23.05 1.8
      vertex 28.862947498168946 23.041017104442503 1.8
    endloop
  endfacet
  facet normal 0 0 1
    outer loop
      vertex 28.475 21.09067332602634 1.8
      vertex 29.137052501831054 23.041017104442503 1.8
      vertex 29 23.05 1.8
    endloop
  endfacet
  facet normal 0 0 1
    outer loop
      vertex 28.475 21.09067332602634 1.8
      vertex 29.27175999735765 23.014222117603524 1.8
      vertex 29.137052501831054 23.041017104442503 1.8
    endloop
  endfacet
  facet normal 0 0 1
    outer loop
      vertex 28.475 21.09067332602634 1.8
      vertex 29.401817603983343 22.970073509136853 1.8
      vertex 29.27175999735765 23.014222117603524 1.8
    endloop
  endfacet
  facet normal 0 0 1
    outer loop
      vertex 28.475 21.09067332602634 1.8
      vertex 29.639199500459156 22.833021007305796 1.8
      vertex 29.525 22.90932667397366 1.8
    endloop
  endfacet
  facet normal 0 0 1
    outer loop
      vertex 28.475 21.09067332602634 1.8
      vertex 29.525 22.90932667397366 1.8
      vertex 29.401817603983343 22.970073509136853 1.8
    endloop
  endfacet
  facet normal 0 0 1
    outer loop
      vertex 28.598182396016657 21.029926490863147 1.8
      vertex 30.014222117603524 22.27175999735765 1.8
      vertex 29.970073509136853 22.401817603983343 1.8
    endloop
  endfacet
  facet normal 0 0 1
    outer loop
      vertex 28.475 21.09067332602634 1.8
      vertex 29.833021007305796 22.639199500459156 1.8
      vertex 29.742462120245875 22.742462120245875 1.8
    endloop
  endfacet
  facet normal 0 0 1
    outer loop
      vertex 28.475 21.09067332602634 1.8
      vertex 29.970073509136853 22.401817603983343 1.8
      vertex 29.90932667397366 22.525 1.8
    endloop
  endfacet
  facet normal 0 0 1
    outer loop
      vertex 28.475 21.09067332602634 1.8
      vertex 29.90932667397366 22.525 1.8
      vertex 29.833021007305796 22.639199500459156 1.8
    endloop
  endfacet
  facet normal 0 0 1
    outer loop
      vertex 28.72824000264235 20.985777882396476 1.8
      vertex 30.041017104442503 22.137052501831054 1.8
      vertex 30.014222117603524 22.27175999735765 1.8
    endloop
  endfacet
  facet normal 0 0 1
    outer loop
      vertex 28.475 21.09067332602634 1.8
      vertex 29.742462120245875 22.742462120245875 1.8
      vertex 29.639199500459156 22.833021007305796 1.8
    endloop
  endfacet
  facet normal 0 0 1
    outer loop
      vertex 30.35 24.338268590217986 1.8
      vertex 31.000000000000004 27.2 1.8
      vertex 30.03324526738574 24.494474737780475 1.8
    endloop
  endfacet
  facet normal 0 0 1
    outer loop
      vertex 30.909188309203678 23.909188309203678 1.8
      vertex 31.000000000000004 27.2 1.8
      vertex 30.643655858323545 24.142054018786336 1.8
    endloop
  endfacet
  facet normal 0 0 1
    outer loop
      vertex 30.35 24.338268590217986 1.8
      vertex 30.643655858323545 24.142054018786336 1.8
      vertex 31.000000000000004 27.2 1.8
    endloop
  endfacet
  facet normal 0 0 1
    outer loop
      vertex 30.909188309203678 23.909188309203678 1.8
      vertex 31.142054018786336 23.643655858323545 1.8
      vertex 31.41768381510417 27.172623556396193 1.8
    endloop
  endfacet
  facet normal 0 0 1
    outer loop
      vertex 31.338268590217986 23.35 1.8
      vertex 31.41768381510417 27.172623556396193 1.8
      vertex 31.142054018786336 23.643655858323545 1.8
    endloop
  endfacet
  facet normal 0 0 1
    outer loop
      vertex 29 24.7 1.8
      vertex 29.35242071899414 24.67690112570929 1.8
      vertex 31.000000000000004 27.2 1.8
    endloop
  endfacet
  facet normal 0 0 1
    outer loop
      vertex 29.35242071899414 24.67690112570929 1.8
      vertex 29.698811421776806 24.607999730980485 1.8
      vertex 31.000000000000004 27.2 1.8
    endloop
  endfacet
  facet normal 0 0 1
    outer loop
      vertex 29.698811421776806 24.607999730980485 1.8
      vertex 30.03324526738574 24.494474737780475 1.8
      vertex 31.000000000000004 27.2 1.8
    endloop
  endfacet
  facet normal 0 0 1
    outer loop
      vertex 30.909188309203678 23.909188309203678 1.8
      vertex 31.41768381510417 27.172623556396193 1.8
      vertex 31.000000000000004 27.2 1.8
    endloop
  endfacet
  facet normal 0 0 1
    outer loop
      vertex 31.7 22 1.8
      vertex 31.82822094432807 27.090962644125018 1.8
      vertex 31.67690112570929 22.35242071899414 1.8
    endloop
  endfacet
  facet normal 0 0 1
    outer loop
      vertex 31.67690112570929 22.35242071899414 1.8
      vertex 31.82822094432807 27.090962644125018 1.8
      vertex 31.607999730980485 22.698811421776806 1.8
    endloop
  endfacet
  facet normal 0 0 1
    outer loop
      vertex 31.494474737780475 23.03324526738574 1.8
      vertex 31.607999730980485 22.698811421776806 1.8
      vertex 31.82822094432807 27.090962644125018 1.8
    endloop
  endfacet
  facet normal 0 0 1
    outer loop
      vertex 31.494474737780475 23.03324526738574 1.8
      vertex 31.82822094432807 27.090962644125018 1.8
      vertex 31.338268590217986 23.35 1.8
    endloop
  endfacet
  facet normal 0 0 1
    outer loop
      vertex 31.338268590217986 23.35 1.8
      vertex 31.82822094432807 27.090962644125018 1.8
      vertex 31.41768381510417 27.172623556396193 1.8
    endloop
  endfacet
  facet normal -0.06540312923014234 -0.9978589232386035 -3.56138193116677e-17
    outer loop
      vertex 31.41768381510417 27.172623556396193 1.8
      vertex 31 27.2 8.3
      vertex 31.000000000000004 27.2 1.8
    endloop
  endfacet
  facet normal -0.9978589232386035 -0.06540312923014234 1.336563579143854e-19
    outer loop
      vertex 34.2 24 1.8
      vertex 34.172623556396196 24.417683815104166 8.3
      vertex 34.172623556396196 24.417683815104166 1.8
    endloop
  endfacet
  facet normal -0.9807852804032301 -0.19509032201612983 -8.165568949221745e-19
    outer loop
      vertex 34.172623556396196 24.417683815104166 1.8
      vertex 34.09096264412502 24.828220944328066 8.3
      vertex 34.09096264412502 24.828220944328066 1.8
    endloop
  endfacet
  facet normal -0.9469301294951041 -0.32143946530316597 -8.648758381714364e-19
    outer loop
      vertex 34.09096264412502 24.828220944328066 1.8
      vertex 33.95641450403612 25.224586983568287 8.3
      vertex 33.95641450403612 25.224586983568287 1.8
    endloop
  endfacet
  facet normal -0.19509032201612983 -0.9807852804032301 0
    outer loop
      vertex 31.41768381510417 27.172623556396193 1.8
      vertex 31.82822094432807 27.090962644125018 1.8
      vertex 31.41768381510417 27.172623556396193 8.3
    endloop
  endfacet
  facet normal -0.3214394653031558 -0.9469301294951077 0
    outer loop
      vertex 31.82822094432807 27.090962644125018 1.8
      vertex 32.224586983568294 26.95641450403612 1.8
      vertex 31.82822094432807 27.090962644125018 8.3
    endloop
  endfacet
  facet normal -0.4422886902190091 -0.8968727415326844 0
    outer loop
      vertex 32.224586983568294 26.95641450403612 1.8
      vertex 32.6 26.771281292110203 1.8
      vertex 32.224586983568294 26.95641450403612 8.3
    endloop
  endfacet
  facet normal -0.7518398074789753 -0.6593458151000712 0
    outer loop
      vertex 33.262741699796955 26.26274169979695 1.8
      vertex 33.538730688931956 25.948036572827906 1.8
      vertex 33.262741699796955 26.26274169979695 8.3
    endloop
  endfacet
  facet normal -0.8314696123025412 -0.5555702330196082 0
    outer loop
      vertex 33.538730688931956 25.948036572827906 1.8
      vertex 33.77128129211021 25.6 1.8
      vertex 33.538730688931956 25.948036572827906 8.3
    endloop
  endfacet
  facet normal -0.5555702330195984 -0.8314696123025479 0
    outer loop
      vertex 32.6 26.771281292110203 1.8
      vertex 32.94803657282791 26.538730688931953 1.8
      vertex 32.6 26.771281292110203 8.3
    endloop
  endfacet
  facet normal -0.6593458151000712 -0.7518398074789753 -1.2013692906487034e-18
    outer loop
      vertex 33.262741699796955 26.26274169979695 1.8
      vertex 32.94803657282791 26.538730688931953 8.3
      vertex 32.94803657282791 26.538730688931953 1.8
    endloop
  endfacet
  facet normal -0.8968727415326945 -0.4422886902189887 8.416216628258555e-19
    outer loop
      vertex 33.95641450403612 25.224586983568287 1.8
      vertex 33.77128129211021 25.6 8.3
      vertex 33.77128129211021 25.6 1.8
    endloop
  endfacet
  facet normal 0 -1 0
    outer loop
      vertex -31.000000000000004 27.2 8.3
      vertex 31.000000000000004 27.2 1.8
      vertex 31 27.2 8.3
    endloop
  endfacet
  facet normal -0.06540312923014178 -0.9978589232386036 0
    outer loop
      vertex 31.41768381510417 27.172623556396193 1.8
      vertex 31.41768381510417 27.172623556396193 8.3
      vertex 31 27.2 8.3
    endloop
  endfacet
  facet normal -0.9978589232386035 -0.06540312923014234 0
    outer loop
      vertex 34.2 24 1.8
      vertex 34.2 24 8.3
      vertex 34.172623556396196 24.417683815104166 8.3
    endloop
  endfacet
  facet normal -0.9807852804032301 -0.19509032201612983 0
    outer loop
      vertex 34.172623556396196 24.417683815104166 1.8
      vertex 34.172623556396196 24.417683815104166 8.3
      vertex 34.09096264412502 24.828220944328066 8.3
    endloop
  endfacet
  facet normal -0.8968727415326945 -0.4422886902189887 0
    outer loop
      vertex 33.95641450403612 25.224586983568287 1.8
      vertex 33.95641450403612 25.224586983568287 8.3
      vertex 33.77128129211021 25.6 8.3
    endloop
  endfacet
  facet normal -0.9469301294951041 -0.32143946530316597 0
    outer loop
      vertex 34.09096264412502 24.828220944328066 1.8
      vertex 34.09096264412502 24.828220944328066 8.3
      vertex 33.95641450403612 25.224586983568287 8.3
    endloop
  endfacet
  facet normal -0.19509032201612983 -0.9807852804032301 0
    outer loop
      vertex 31.82822094432807 27.090962644125018 1.8
      vertex 31.82822094432807 27.090962644125018 8.3
      vertex 31.41768381510417 27.172623556396193 8.3
    endloop
  endfacet
  facet normal -0.3214394653031558 -0.9469301294951077 0
    outer loop
      vertex 32.224586983568294 26.95641450403612 1.8
      vertex 32.224586983568294 26.95641450403612 8.3
      vertex 31.82822094432807 27.090962644125018 8.3
    endloop
  endfacet
  facet normal -0.4422886902190091 -0.8968727415326844 0
    outer loop
      vertex 32.6 26.771281292110203 1.8
      vertex 32.6 26.771281292110203 8.3
      vertex 32.224586983568294 26.95641450403612 8.3
    endloop
  endfacet
  facet normal -0.8314696123025412 -0.5555702330196082 0
    outer loop
      vertex 33.77128129211021 25.6 1.8
      vertex 33.77128129211021 25.6 8.3
      vertex 33.538730688931956 25.948036572827906 8.3
    endloop
  endfacet
  facet normal -0.7518398074789753 -0.6593458151000712 0
    outer loop
      vertex 33.538730688931956 25.948036572827906 1.8
      vertex 33.538730688931956 25.948036572827906 8.3
      vertex 33.262741699796955 26.26274169979695 8.3
    endloop
  endfacet
  facet normal -0.5555702330195984 -0.8314696123025479 0
    outer loop
      vertex 32.94803657282791 26.538730688931953 1.8
      vertex 32.94803657282791 26.538730688931953 8.3
      vertex 32.6 26.771281292110203 8.3
    endloop
  endfacet
  facet normal -0.6593458151000712 -0.7518398074789753 0
    outer loop
      vertex 33.262741699796955 26.26274169979695 1.8
      vertex 33.262741699796955 26.26274169979695 8.3
      vertex 32.94803657282791 26.538730688931953 8.3
    endloop
  endfacet
  facet normal 0 0 1
    outer loop
      vertex -33.82842712474619 -26.82842712474619 8.3
      vertex -33.77128129211021 -25.6 8.3
      vertex -34.17341336116494 -26.43504571603488 8.3
    endloop
  endfacet
  facet normal 0 0 1
    outer loop
      vertex -34.17341336116494 -26.43504571603488 8.3
      vertex -34.172623556396196 -24.417683815104166 8.3
      vertex -34.46410161513776 -26 8.3
    endloop
  endfacet
  facet normal 0 0 1
    outer loop
      vertex -34.17341336116494 -26.43504571603488 8.3
      vertex -33.95641450403612 -25.224586983568287 8.3
      vertex -34.09096264412502 -24.828220944328066 8.3
    endloop
  endfacet
  facet normal 0 0 1
    outer loop
      vertex -34.17341336116494 -26.43504571603488 8.3
      vertex -33.77128129211021 -25.6 8.3
      vertex -33.95641450403612 -25.224586983568287 8.3
    endloop
  endfacet
  facet normal 0 0 1
    outer loop
      vertex -33 -27.464101615137753 8.3
      vertex -32.53073372946036 -27.695518130045148 8.3
      vertex -32.224586983568294 -26.95641450403612 8.3
    endloop
  endfacet
  facet normal 0 0 1
    outer loop
      vertex -32.53073372946036 -27.695518130045148 8.3
      vertex -32.03527618041008 -27.863703305156275 8.3
      vertex -31.82822094432807 -27.090962644125018 8.3
    endloop
  endfacet
  facet normal 0 0 1
    outer loop
      vertex -32.53073372946036 -27.695518130045148 8.3
      vertex -31.82822094432807 -27.090962644125018 8.3
      vertex -32.224586983568294 -26.95641450403612 8.3
    endloop
  endfacet
  facet normal 0 0 1
    outer loop
      vertex -32.03527618041008 -27.863703305156275 8.3
      vertex -31.522104768880205 -27.96577944549524 8.3
      vertex -31.41768381510417 -27.172623556396193 8.3
    endloop
  endfacet
  facet normal 0 0 1
    outer loop
      vertex -32.03527618041008 -27.863703305156275 8.3
      vertex -31.41768381510417 -27.172623556396193 8.3
      vertex -31.82822094432807 -27.090962644125018 8.3
    endloop
  endfacet
  facet normal 0 0 1
    outer loop
      vertex -33.82842712474619 -26.82842712474619 8.3
      vertex -33.435045716034885 -27.17341336116494 8.3
      vertex -33.262741699796955 -26.26274169979695 8.3
    endloop
  endfacet
  facet normal 0 0 1
    outer loop
      vertex -33.82842712474619 -26.82842712474619 8.3
      vertex -33.262741699796955 -26.26274169979695 8.3
      vertex -33.538730688931956 -25.948036572827906 8.3
    endloop
  endfacet
  facet normal 0 0 1
    outer loop
      vertex -33.435045716034885 -27.17341336116494 8.3
      vertex -32.94803657282791 -26.538730688931953 8.3
      vertex -33.262741699796955 -26.26274169979695 8.3
    endloop
  endfacet
  facet normal 0 0 1
    outer loop
      vertex -33 -27.464101615137753 8.3
      vertex -32.94803657282791 -26.538730688931953 8.3
      vertex -33.435045716034885 -27.17341336116494 8.3
    endloop
  endfacet
  facet normal 0 0 1
    outer loop
      vertex -33 -27.464101615137753 8.3
      vertex -32.6 -26.771281292110203 8.3
      vertex -32.94803657282791 -26.538730688931953 8.3
    endloop
  endfacet
  facet normal 0 0 1
    outer loop
      vertex -33.82842712474619 -26.82842712474619 8.3
      vertex -33.538730688931956 -25.948036572827906 8.3
      vertex -33.77128129211021 -25.6 8.3
    endloop
  endfacet
  facet normal 0 0 1
    outer loop
      vertex -33 -27.464101615137753 8.3
      vertex -32.224586983568294 -26.95641450403612 8.3
      vertex -32.6 -26.771281292110203 8.3
    endloop
  endfacet
  facet normal 0.7518398074789817 0.6593458151000641 -1.2520701574301076e-18
    outer loop
      vertex -33.82842712474619 -26.82842712474619 8.3
      vertex -34.17341336116494 -26.43504571603488 8.3
      vertex -34.17341336116494 -26.43504571603488 10.5
    endloop
  endfacet
  facet normal 0.8314696123025418 0.5555702330196074 1.3130500293329487e-18
    outer loop
      vertex -34.17341336116494 -26.43504571603488 8.3
      vertex -34.46410161513776 -26 8.3
      vertex -34.46410161513776 -26 10.5
    endloop
  endfacet
  facet normal 0.8968727415326926 0.44228869021899286 6.588644166406107e-21
    outer loop
      vertex -34.46410161513776 -26 8.3
      vertex -34.695518130045144 -25.53073372946036 8.3
      vertex -34.695518130045144 -25.53073372946036 10.5
    endloop
  endfacet
  facet normal 0.5555702330195995 0.831469612302547 -1.1279486342204643e-17
    outer loop
      vertex -33 -27.464101615137753 8.3
      vertex -33.435045716034885 -27.17341336116494 8.3
      vertex -33.435045716034885 -27.17341336116494 10.5
    endloop
  endfacet
  facet normal 0.44228869021900374 0.896872741532687 0
    outer loop
      vertex -33 -27.464101615137753 8.3
      vertex -33 -27.464101615137753 10.5
      vertex -32.53073372946036 -27.695518130045148 8.3
    endloop
  endfacet
  facet normal 0.32143946530316087 0.9469301294951059 0
    outer loop
      vertex -32.53073372946036 -27.695518130045148 8.3
      vertex -32.53073372946036 -27.695518130045148 10.5
      vertex -32.03527618041008 -27.863703305156275 8.3
    endloop
  endfacet
  facet normal 0.1950903220161236 0.9807852804032313 0
    outer loop
      vertex -32.03527618041008 -27.863703305156275 8.3
      vertex -32.03527618041008 -27.863703305156275 10.5
      vertex -31.522104768880205 -27.96577944549524 8.3
    endloop
  endfacet
  facet normal 0.6593458151000673 0.7518398074789786 0
    outer loop
      vertex -33.82842712474619 -26.82842712474619 8.3
      vertex -33.82842712474619 -26.82842712474619 10.5
      vertex -33.435045716034885 -27.17341336116494 8.3
    endloop
  endfacet
  facet normal 0 0 1
    outer loop
      vertex -34.17341336116494 -26.43504571603488 8.3
      vertex -34.09096264412502 -24.828220944328066 8.3
      vertex -34.172623556396196 -24.417683815104166 8.3
    endloop
  endfacet
  facet normal 0 0 1
    outer loop
      vertex -34.46410161513776 -26 8.3
      vertex -34.172623556396196 -24.417683815104166 8.3
      vertex -34.2 -24 8.3
    endloop
  endfacet
  facet normal 0.980785280403229 0.19509032201613538 0
    outer loop
      vertex -34.965779445495244 -24.522104768880205 8.3
      vertex -34.965779445495244 -24.522104768880205 10.5
      vertex -34.86370330515627 -25.035276180410083 8.3
    endloop
  endfacet
  facet normal 0.9978589232386037 0.0654031292301393 -5.56086496410039e-20
    outer loop
      vertex -34.965779445495244 -24.522104768880205 8.3
      vertex -35 -24 8.3
      vertex -35 -24 10.5
    endloop
  endfacet
  facet normal 0.9469301294951052 0.321439465303163 -4.929431874035383e-18
    outer loop
      vertex -34.695518130045144 -25.53073372946036 8.3
      vertex -34.86370330515627 -25.035276180410083 8.3
      vertex -34.86370330515627 -25.035276180410083 10.5
    endloop
  endfacet
  facet normal 0 0 1
    outer loop
      vertex -31.522104768880205 -27.96577944549524 8.3
      vertex -31 -28 8.3
      vertex -31 -27.2 8.3
    endloop
  endfacet
  facet normal 0 0 1
    outer loop
      vertex -31.522104768880205 -27.96577944549524 8.3
      vertex -31 -27.2 8.3
      vertex -31.41768381510417 -27.172623556396193 8.3
    endloop
  endfacet
  facet normal 0.06540312923014606 0.9978589232386034 0
    outer loop
      vertex -31.522104768880205 -27.96577944549524 8.3
      vertex -31.522104768880205 -27.96577944549524 10.5
      vertex -31 -28 8.3
    endloop
  endfacet
  facet normal 0.8314696123025418 0.5555702330196074 0
    outer loop
      vertex -34.17341336116494 -26.43504571603488 8.3
      vertex -34.46410161513776 -26 10.5
      vertex -34.17341336116494 -26.43504571603488 10.5
    endloop
  endfacet
  facet normal 0.7518398074789817 0.6593458151000641 0
    outer loop
      vertex -33.82842712474619 -26.82842712474619 8.3
      vertex -34.17341336116494 -26.43504571603488 10.5
      vertex -33.82842712474619 -26.82842712474619 10.5
    endloop
  endfacet
  facet normal 0.8968727415326926 0.44228869021899286 0
    outer loop
      vertex -34.46410161513776 -26 8.3
      vertex -34.695518130045144 -25.53073372946036 10.5
      vertex -34.46410161513776 -26 10.5
    endloop
  endfacet
  facet normal 0.5555702330195995 0.831469612302547 0
    outer loop
      vertex -33 -27.464101615137753 8.3
      vertex -33.435045716034885 -27.17341336116494 10.5
      vertex -33 -27.464101615137753 10.5
    endloop
  endfacet
  facet normal 0.44228869021900374 0.896872741532687 0
    outer loop
      vertex -32.53073372946036 -27.695518130045148 8.3
      vertex -33 -27.464101615137753 10.5
      vertex -32.53073372946036 -27.695518130045148 10.5
    endloop
  endfacet
  facet normal 0.32143946530316087 0.9469301294951059 0
    outer loop
      vertex -32.03527618041008 -27.863703305156275 8.3
      vertex -32.53073372946036 -27.695518130045148 10.5
      vertex -32.03527618041008 -27.863703305156275 10.5
    endloop
  endfacet
  facet normal 0.1950903220161236 0.9807852804032313 0
    outer loop
      vertex -31.522104768880205 -27.96577944549524 8.3
      vertex -32.03527618041008 -27.863703305156275 10.5
      vertex -31.522104768880205 -27.96577944549524 10.5
    endloop
  endfacet
  facet normal 0.6593458151000673 0.7518398074789786 0
    outer loop
      vertex -33.435045716034885 -27.17341336116494 8.3
      vertex -33.82842712474619 -26.82842712474619 10.5
      vertex -33.435045716034885 -27.17341336116494 10.5
    endloop
  endfacet
  facet normal 0.980785280403229 0.19509032201613538 0
    outer loop
      vertex -34.86370330515627 -25.035276180410083 8.3
      vertex -34.965779445495244 -24.522104768880205 10.5
      vertex -34.86370330515627 -25.035276180410083 10.5
    endloop
  endfacet
  facet normal 0.9978589232386037 0.0654031292301393 0
    outer loop
      vertex -34.965779445495244 -24.522104768880205 8.3
      vertex -35 -24 10.5
      vertex -34.965779445495244 -24.522104768880205 10.5
    endloop
  endfacet
  facet normal 0.9469301294951052 0.321439465303163 0
    outer loop
      vertex -34.695518130045144 -25.53073372946036 8.3
      vertex -34.86370330515627 -25.035276180410083 10.5
      vertex -34.695518130045144 -25.53073372946036 10.5
    endloop
  endfacet
  facet normal 0.06540312923014606 0.9978589232386034 0
    outer loop
      vertex -31 -28 8.3
      vertex -31.522104768880205 -27.96577944549524 10.5
      vertex -31 -28 10.5
    endloop
  endfacet
  facet normal 0 0 1
    outer loop
      vertex -34.965779445495244 -24.522104768880205 8.3
      vertex -34.86370330515627 -25.035276180410083 8.3
      vertex -34.965779445495244 24.522104768880205 8.3
    endloop
  endfacet
  facet normal 0 0 1
    outer loop
      vertex -34.965779445495244 -24.522104768880205 8.3
      vertex -35 24 8.3
      vertex -35 -24 8.3
    endloop
  endfacet
  facet normal 0 0 1
    outer loop
      vertex -34.46410161513776 -26 8.3
      vertex -34.695518130045144 25.53073372946036 8.3
      vertex -34.695518130045144 -25.53073372946036 8.3
    endloop
  endfacet
  facet normal 0 0 1
    outer loop
      vertex -34.695518130045144 -25.53073372946036 8.3
      vertex -34.86370330515627 25.035276180410083 8.3
      vertex -34.86370330515627 -25.035276180410083 8.3
    endloop
  endfacet
  facet normal 0 0 1
    outer loop
      vertex -34.46410161513776 -26 8.3
      vertex -34.2 -24 8.3
      vertex -34.46410161513776 26 8.3
    endloop
  endfacet
  facet normal 1 0 0
    outer loop
      vertex -35 -24 8.3
      vertex -35 24 10.5
      vertex -35 -24 10.5
    endloop
  endfacet
  facet normal 0 0 1
    outer loop
      vertex -31 -28 8.3
      vertex 31.000000000000004 -27.2 8.3
      vertex -31 -27.2 8.3
    endloop
  endfacet
  facet normal 0 1 0
    outer loop
      vertex -31 -28 8.3
      vertex -31 -28 10.5
      vertex 31 -28 8.3
    endloop
  endfacet
  facet normal 0 0 1
    outer loop
      vertex -34.965779445495244 -24.522104768880205 8.3
      vertex -34.965779445495244 24.522104768880205 8.3
      vertex -35 24 8.3
    endloop
  endfacet
  facet normal 0 0 1
    outer loop
      vertex -34.86370330515627 -25.035276180410083 8.3
      vertex -34.86370330515627 25.035276180410083 8.3
      vertex -34.965779445495244 24.522104768880205 8.3
    endloop
  endfacet
  facet normal 0 0 1
    outer loop
      vertex -34.695518130045144 -25.53073372946036 8.3
      vertex -34.695518130045144 25.53073372946036 8.3
      vertex -34.86370330515627 25.035276180410083 8.3
    endloop
  endfacet
  facet normal 0 0 1
    outer loop
      vertex -34.46410161513776 -26 8.3
      vertex -34.46410161513776 26 8.3
      vertex -34.695518130045144 25.53073372946036 8.3
    endloop
  endfacet
  facet normal 0 0 1
    outer loop
      vertex -34.2 -24 8.3
      vertex -34.2 24 8.3
      vertex -34.46410161513776 26 8.3
    endloop
  endfacet
  facet normal 1 0 0
    outer loop
      vertex -35 -24 8.3
      vertex -35 24 8.3
      vertex -35 24 10.5
    endloop
  endfacet
  facet normal 0 0 1
    outer loop
      vertex -34.2 24 8.3
      vertex -34.172623556396196 24.417683815104166 8.3
      vertex -34.17341336116494 26.43504571603488 8.3
    endloop
  endfacet
  facet normal 0 0 1
    outer loop
      vertex -34.172623556396196 24.417683815104166 8.3
      vertex -34.09096264412502 24.828220944328066 8.3
      vertex -34.17341336116494 26.43504571603488 8.3
    endloop
  endfacet
  facet normal 0.9978589232386037 -0.0654031292301393 5.56086496410039e-20
    outer loop
      vertex -35 24 8.3
      vertex -34.965779445495244 24.522104768880205 8.3
      vertex -34.965779445495244 24.522104768880205 10.5
    endloop
  endfacet
  facet normal 0.980785280403229 -0.19509032201613538 -2.2377756003882557e-18
    outer loop
      vertex -34.965779445495244 24.522104768880205 8.3
      vertex -34.86370330515627 25.035276180410083 8.3
      vertex -34.86370330515627 25.035276180410083 10.5
    endloop
  endfacet
  facet normal 0.9469301294951052 -0.321439465303163 4.929431874035383e-18
    outer loop
      vertex -34.86370330515627 25.035276180410083 8.3
      vertex -34.695518130045144 25.53073372946036 8.3
      vertex -34.695518130045144 25.53073372946036 10.5
    endloop
  endfacet
  facet normal 0 0 1
    outer loop
      vertex -34.2 24 8.3
      vertex -34.17341336116494 26.43504571603488 8.3
      vertex -34.46410161513776 26 8.3
    endloop
  endfacet
  facet normal 0 0 1
    outer loop
      vertex -34.09096264412502 24.828220944328066 8.3
      vertex -33.95641450403612 25.224586983568287 8.3
      vertex -34.17341336116494 26.43504571603488 8.3
    endloop
  endfacet
  facet normal 0 0 1
    outer loop
      vertex -33.95641450403612 25.224586983568287 8.3
      vertex -33.77128129211021 25.6 8.3
      vertex -33.82842712474619 26.82842712474619 8.3
    endloop
  endfacet
  facet normal 0 0 1
    outer loop
      vertex -33.95641450403612 25.224586983568287 8.3
      vertex -33.82842712474619 26.82842712474619 8.3
      vertex -34.17341336116494 26.43504571603488 8.3
    endloop
  endfacet
  facet normal 0 0 1
    outer loop
      vertex -33.77128129211021 25.6 8.3
      vertex -33.538730688931956 25.948036572827906 8.3
      vertex -33.82842712474619 26.82842712474619 8.3
    endloop
  endfacet
  facet normal 0 0 1
    outer loop
      vertex -33.82842712474619 26.82842712474619 8.3
      vertex -33.538730688931956 25.948036572827906 8.3
      vertex -33.435045716034885 27.17341336116494 8.3
    endloop
  endfacet
  facet normal 0 0 1
    outer loop
      vertex -33.538730688931956 25.948036572827906 8.3
      vertex -33.262741699796955 26.26274169979695 8.3
      vertex -33.435045716034885 27.17341336116494 8.3
    endloop
  endfacet
  facet normal 0 0 1
    outer loop
      vertex -33.262741699796955 26.26274169979695 8.3
      vertex -33 27.464101615137753 8.3
      vertex -33.435045716034885 27.17341336116494 8.3
    endloop
  endfacet
  facet normal 0 0 1
    outer loop
      vertex -33.262741699796955 26.26274169979695 8.3
      vertex -32.94803657282791 26.538730688931953 8.3
      vertex -33 27.464101615137753 8.3
    endloop
  endfacet
  facet normal 0 0 1
    outer loop
      vertex -32.94803657282791 26.538730688931953 8.3
      vertex -32.6 26.771281292110203 8.3
      vertex -33 27.464101615137753 8.3
    endloop
  endfacet
  facet normal 0 0 1
    outer loop
      vertex -32.6 26.771281292110203 8.3
      vertex -32.224586983568294 26.95641450403612 8.3
      vertex -32.53073372946036 27.695518130045148 8.3
    endloop
  endfacet
  facet normal 0 0 1
    outer loop
      vertex -32.6 26.771281292110203 8.3
      vertex -32.53073372946036 27.695518130045148 8.3
      vertex -33 27.464101615137753 8.3
    endloop
  endfacet
  facet normal 0 0 1
    outer loop
      vertex -32.224586983568294 26.95641450403612 8.3
      vertex -32.03527618041008 27.863703305156275 8.3
      vertex -32.53073372946036 27.695518130045148 8.3
    endloop
  endfacet
  facet normal 0 0 1
    outer loop
      vertex -32.224586983568294 26.95641450403612 8.3
      vertex -31.82822094432807 27.090962644125018 8.3
      vertex -32.03527618041008 27.863703305156275 8.3
    endloop
  endfacet
  facet normal 0 0 1
    outer loop
      vertex -31.82822094432807 27.090962644125018 8.3
      vertex -31.522104768880205 27.96577944549524 8.3
      vertex -32.03527618041008 27.863703305156275 8.3
    endloop
  endfacet
  facet normal 0 0 1
    outer loop
      vertex -31.82822094432807 27.090962644125018 8.3
      vertex -31.41768381510417 27.172623556396193 8.3
      vertex -31.522104768880205 27.96577944549524 8.3
    endloop
  endfacet
  facet normal 0.8968727415326926 -0.44228869021899286 -6.588644166406107e-21
    outer loop
      vertex -34.695518130045144 25.53073372946036 8.3
      vertex -34.46410161513776 26 8.3
      vertex -34.46410161513776 26 10.5
    endloop
  endfacet
  facet normal 0.8314696123025418 -0.5555702330196074 -1.3130500293329487e-18
    outer loop
      vertex -34.46410161513776 26 8.3
      vertex -34.17341336116494 26.43504571603488 8.3
      vertex -34.17341336116494 26.43504571603488 10.5
    endloop
  endfacet
  facet normal 0.7518398074789817 -0.6593458151000641 1.2520701574301076e-18
    outer loop
      vertex -34.17341336116494 26.43504571603488 8.3
      vertex -33.82842712474619 26.82842712474619 8.3
      vertex -33.82842712474619 26.82842712474619 10.5
    endloop
  endfacet
  facet normal 0.6593458151000673 -0.7518398074789786 -2.5634218315478246e-18
    outer loop
      vertex -33.82842712474619 26.82842712474619 8.3
      vertex -33.435045716034885 27.17341336116494 8.3
      vertex -33.435045716034885 27.17341336116494 10.5
    endloop
  endfacet
  facet normal 0.5555702330195995 -0.831469612302547 1.1279486342204643e-17
    outer loop
      vertex -33.435045716034885 27.17341336116494 8.3
      vertex -33 27.464101615137753 8.3
      vertex -33 27.464101615137753 10.5
    endloop
  endfacet
  facet normal 0.44228869021900374 -0.896872741532687 3.180222678124683e-18
    outer loop
      vertex -33 27.464101615137753 8.3
      vertex -32.53073372946036 27.695518130045148 8.3
      vertex -32.53073372946036 27.695518130045148 10.5
    endloop
  endfacet
  facet normal 0.32143946530316087 -0.9469301294951059 5.597401418690832e-18
    outer loop
      vertex -32.53073372946036 27.695518130045148 8.3
      vertex -32.03527618041008 27.863703305156275 8.3
      vertex -32.03527618041008 27.863703305156275 10.5
    endloop
  endfacet
  facet normal 0.1950903220161236 -0.9807852804032313 -7.338253079407183e-19
    outer loop
      vertex -32.03527618041008 27.863703305156275 8.3
      vertex -31.522104768880205 27.96577944549524 8.3
      vertex -31.522104768880205 27.96577944549524 10.5
    endloop
  endfacet
  facet normal 0 0 1
    outer loop
      vertex -31.41768381510417 27.172623556396193 8.3
      vertex -31.000000000000004 27.2 8.3
      vertex -31 28 8.3
    endloop
  endfacet
  facet normal 0 0 1
    outer loop
      vertex -31.522104768880205 27.96577944549524 8.3
      vertex -31.41768381510417 27.172623556396193 8.3
      vertex -31 28 8.3
    endloop
  endfacet
  facet normal 0.06540312923014606 -0.9978589232386034 -1.0436620844562127e-18
    outer loop
      vertex -31.522104768880205 27.96577944549524 8.3
      vertex -31 28 8.3
      vertex -31 28 10.5
    endloop
  endfacet
  facet normal 0.9978589232386037 -0.0654031292301393 0
    outer loop
      vertex -35 24 8.3
      vertex -34.965779445495244 24.522104768880205 10.5
      vertex -35 24 10.5
    endloop
  endfacet
  facet normal 0.980785280403229 -0.19509032201613538 0
    outer loop
      vertex -34.965779445495244 24.522104768880205 8.3
      vertex -34.86370330515627 25.035276180410083 10.5
      vertex -34.965779445495244 24.522104768880205 10.5
    endloop
  endfacet
  facet normal 0.9469301294951052 -0.321439465303163 0
    outer loop
      vertex -34.86370330515627 25.035276180410083 8.3
      vertex -34.695518130045144 25.53073372946036 10.5
      vertex -34.86370330515627 25.035276180410083 10.5
    endloop
  endfacet
  facet normal 0.8968727415326926 -0.44228869021899286 0
    outer loop
      vertex -34.695518130045144 25.53073372946036 8.3
      vertex -34.46410161513776 26 10.5
      vertex -34.695518130045144 25.53073372946036 10.5
    endloop
  endfacet
  facet normal 0.8314696123025418 -0.5555702330196074 0
    outer loop
      vertex -34.46410161513776 26 8.3
      vertex -34.17341336116494 26.43504571603488 10.5
      vertex -34.46410161513776 26 10.5
    endloop
  endfacet
  facet normal 0.7518398074789817 -0.6593458151000641 0
    outer loop
      vertex -34.17341336116494 26.43504571603488 8.3
      vertex -33.82842712474619 26.82842712474619 10.5
      vertex -34.17341336116494 26.43504571603488 10.5
    endloop
  endfacet
  facet normal 0.6593458151000673 -0.7518398074789786 0
    outer loop
      vertex -33.82842712474619 26.82842712474619 8.3
      vertex -33.435045716034885 27.17341336116494 10.5
      vertex -33.82842712474619 26.82842712474619 10.5
    endloop
  endfacet
  facet normal 0.5555702330195995 -0.831469612302547 0
    outer loop
      vertex -33.435045716034885 27.17341336116494 8.3
      vertex -33 27.464101615137753 10.5
      vertex -33.435045716034885 27.17341336116494 10.5
    endloop
  endfacet
  facet normal 0.44228869021900374 -0.896872741532687 0
    outer loop
      vertex -33 27.464101615137753 8.3
      vertex -32.53073372946036 27.695518130045148 10.5
      vertex -33 27.464101615137753 10.5
    endloop
  endfacet
  facet normal 0.32143946530316087 -0.9469301294951059 0
    outer loop
      vertex -32.53073372946036 27.695518130045148 8.3
      vertex -32.03527618041008 27.863703305156275 10.5
      vertex -32.53073372946036 27.695518130045148 10.5
    endloop
  endfacet
  facet normal 0.1950903220161236 -0.9807852804032313 0
    outer loop
      vertex -32.03527618041008 27.863703305156275 8.3
      vertex -31.522104768880205 27.96577944549524 10.5
      vertex -32.03527618041008 27.863703305156275 10.5
    endloop
  endfacet
  facet normal 0.06540312923014606 -0.9978589232386034 0
    outer loop
      vertex -31.522104768880205 27.96577944549524 8.3
      vertex -31 28 10.5
      vertex -31.522104768880205 27.96577944549524 10.5
    endloop
  endfacet
  facet normal 0 0 1
    outer loop
      vertex -31.000000000000004 27.2 8.3
      vertex -7 27.7 8.3
      vertex -31 28 8.3
    endloop
  endfacet
  facet normal 0 0 1
    outer loop
      vertex -31 28 8.3
      vertex -7 27.7 8.3
      vertex -7 28 8.3
    endloop
  endfacet
  facet normal 0 0 1
    outer loop
      vertex -31.000000000000004 27.2 8.3
      vertex 7 27.7 8.3
      vertex -7 27.7 8.3
    endloop
  endfacet
  facet normal 0 -1 0
    outer loop
      vertex -31 28 8.3
      vertex 31 28 10.5
      vertex -31 28 10.5
    endloop
  endfacet
  facet normal 0 -1 0
    outer loop
      vertex -31 28 8.3
      vertex -7 28 8.3
      vertex 31 28 10.5
    endloop
  endfacet
  facet normal 0 0 1
    outer loop
      vertex -31 -28 8.3
      vertex 31 -28 8.3
      vertex 31.000000000000004 -27.2 8.3
    endloop
  endfacet
  facet normal 0 1 0
    outer loop
      vertex -31 -28 10.5
      vertex 31 -28 10.5
      vertex 31 -28 8.3
    endloop
  endfacet
  facet normal 0 0 1
    outer loop
      vertex 31 -28 8.3
      vertex 31.522104768880205 -27.96577944549524 8.3
      vertex 31.41768381510417 -27.172623556396193 8.3
    endloop
  endfacet
  facet normal 0 0 1
    outer loop
      vertex 31 -28 8.3
      vertex 31.41768381510417 -27.172623556396193 8.3
      vertex 31.000000000000004 -27.2 8.3
    endloop
  endfacet
  facet normal -0.06540312923014606 0.9978589232386034 0
    outer loop
      vertex 31 -28 8.3
      vertex 31 -28 10.5
      vertex 31.522104768880205 -27.96577944549524 8.3
    endloop
  endfacet
  facet normal 0 0 1
    outer loop
      vertex 31.41768381510417 -27.172623556396193 8.3
      vertex 31.522104768880205 -27.96577944549524 8.3
      vertex 31.82822094432807 -27.090962644125018 8.3
    endloop
  endfacet
  facet normal 0 0 1
    outer loop
      vertex 31.522104768880205 -27.96577944549524 8.3
      vertex 32.03527618041008 -27.863703305156275 8.3
      vertex 31.82822094432807 -27.090962644125018 8.3
    endloop
  endfacet
  facet normal 0 0 1
    outer loop
      vertex 32.03527618041008 -27.863703305156275 8.3
      vertex 32.224586983568294 -26.95641450403612 8.3
      vertex 31.82822094432807 -27.090962644125018 8.3
    endloop
  endfacet
  facet normal 0 0 1
    outer loop
      vertex 32.03527618041008 -27.863703305156275 8.3
      vertex 32.53073372946036 -27.695518130045148 8.3
      vertex 32.224586983568294 -26.95641450403612 8.3
    endloop
  endfacet
  facet normal 0 0 1
    outer loop
      vertex 32.53073372946036 -27.695518130045148 8.3
      vertex 33 -27.464101615137753 8.3
      vertex 32.6 -26.771281292110203 8.3
    endloop
  endfacet
  facet normal 0 0 1
    outer loop
      vertex 32.53073372946036 -27.695518130045148 8.3
      vertex 32.6 -26.771281292110203 8.3
      vertex 32.224586983568294 -26.95641450403612 8.3
    endloop
  endfacet
  facet normal 0 0 1
    outer loop
      vertex 33 -27.464101615137753 8.3
      vertex 32.94803657282791 -26.538730688931953 8.3
      vertex 32.6 -26.771281292110203 8.3
    endloop
  endfacet
  facet normal 0 0 1
    outer loop
      vertex 33 -27.464101615137753 8.3
      vertex 33.262741699796955 -26.26274169979695 8.3
      vertex 32.94803657282791 -26.538730688931953 8.3
    endloop
  endfacet
  facet normal 0 0 1
    outer loop
      vertex 33 -27.464101615137753 8.3
      vertex 33.435045716034885 -27.17341336116494 8.3
      vertex 33.262741699796955 -26.26274169979695 8.3
    endloop
  endfacet
  facet normal 0 0 1
    outer loop
      vertex 33.435045716034885 -27.17341336116494 8.3
      vertex 33.538730688931956 -25.948036572827906 8.3
      vertex 33.262741699796955 -26.26274169979695 8.3
    endloop
  endfacet
  facet normal 0 0 1
    outer loop
      vertex 33.435045716034885 -27.17341336116494 8.3
      vertex 33.82842712474619 -26.82842712474619 8.3
      vertex 33.538730688931956 -25.948036572827906 8.3
    endloop
  endfacet
  facet normal 0 0 1
    outer loop
      vertex 33.538730688931956 -25.948036572827906 8.3
      vertex 33.82842712474619 -26.82842712474619 8.3
      vertex 33.77128129211021 -25.6 8.3
    endloop
  endfacet
  facet normal 0 0 1
    outer loop
      vertex 33.82842712474619 -26.82842712474619 8.3
      vertex 34.17341336116494 -26.43504571603488 8.3
      vertex 33.95641450403612 -25.224586983568287 8.3
    endloop
  endfacet
  facet normal 0 0 1
    outer loop
      vertex 33.82842712474619 -26.82842712474619 8.3
      vertex 33.95641450403612 -25.224586983568287 8.3
      vertex 33.77128129211021 -25.6 8.3
    endloop
  endfacet
  facet normal 0 0 1
    outer loop
      vertex 34.17341336116494 -26.43504571603488 8.3
      vertex 34.09096264412502 -24.828220944328066 8.3
      vertex 33.95641450403612 -25.224586983568287 8.3
    endloop
  endfacet
  facet normal 0 0 1
    outer loop
      vertex 34.17341336116494 -26.43504571603488 8.3
      vertex 34.46410161513776 -26 8.3
      vertex 34.2 -24 8.3
    endloop
  endfacet
  facet normal -0.1950903220161236 0.9807852804032313 0
    outer loop
      vertex 31.522104768880205 -27.96577944549524 8.3
      vertex 31.522104768880205 -27.96577944549524 10.5
      vertex 32.03527618041008 -27.863703305156275 8.3
    endloop
  endfacet
  facet normal -0.32143946530316087 0.9469301294951059 0
    outer loop
      vertex 32.03527618041008 -27.863703305156275 8.3
      vertex 32.03527618041008 -27.863703305156275 10.5
      vertex 32.53073372946036 -27.695518130045148 8.3
    endloop
  endfacet
  facet normal -0.44228869021900374 0.896872741532687 0
    outer loop
      vertex 32.53073372946036 -27.695518130045148 8.3
      vertex 32.53073372946036 -27.695518130045148 10.5
      vertex 33 -27.464101615137753 8.3
    endloop
  endfacet
  facet normal -0.5555702330195995 0.831469612302547 0
    outer loop
      vertex 33 -27.464101615137753 8.3
      vertex 33 -27.464101615137753 10.5
      vertex 33.435045716034885 -27.17341336116494 8.3
    endloop
  endfacet
  facet normal -0.6593458151000673 0.7518398074789786 0
    outer loop
      vertex 33.435045716034885 -27.17341336116494 8.3
      vertex 33.435045716034885 -27.17341336116494 10.5
      vertex 33.82842712474619 -26.82842712474619 8.3
    endloop
  endfacet
  facet normal -0.7518398074789817 0.6593458151000641 0
    outer loop
      vertex 33.82842712474619 -26.82842712474619 8.3
      vertex 33.82842712474619 -26.82842712474619 10.5
      vertex 34.17341336116494 -26.43504571603488 8.3
    endloop
  endfacet
  facet normal -0.8314696123025418 0.5555702330196074 0
    outer loop
      vertex 34.17341336116494 -26.43504571603488 8.3
      vertex 34.17341336116494 -26.43504571603488 10.5
      vertex 34.46410161513776 -26 8.3
    endloop
  endfacet
  facet normal -0.8968727415326926 0.44228869021899286 0
    outer loop
      vertex 34.46410161513776 -26 8.3
      vertex 34.46410161513776 -26 10.5
      vertex 34.695518130045144 -25.53073372946036 8.3
    endloop
  endfacet
  facet normal 0 0 1
    outer loop
      vertex 34.17341336116494 -26.43504571603488 8.3
      vertex 34.172623556396196 -24.417683815104166 8.3
      vertex 34.09096264412502 -24.828220944328066 8.3
    endloop
  endfacet
  facet normal 0 0 1
    outer loop
      vertex 34.17341336116494 -26.43504571603488 8.3
      vertex 34.2 -24 8.3
      vertex 34.172623556396196 -24.417683815104166 8.3
    endloop
  endfacet
  facet normal -0.9469301294951052 0.321439465303163 0
    outer loop
      vertex 34.695518130045144 -25.53073372946036 8.3
      vertex 34.695518130045144 -25.53073372946036 10.5
      vertex 34.86370330515627 -25.035276180410083 8.3
    endloop
  endfacet
  facet normal -0.980785280403229 0.19509032201613538 0
    outer loop
      vertex 34.86370330515627 -25.035276180410083 8.3
      vertex 34.86370330515627 -25.035276180410083 10.5
      vertex 34.965779445495244 -24.522104768880205 8.3
    endloop
  endfacet
  facet normal -0.9978589232386037 0.0654031292301393 0
    outer loop
      vertex 34.965779445495244 -24.522104768880205 8.3
      vertex 34.965779445495244 -24.522104768880205 10.5
      vertex 35 -24 8.3
    endloop
  endfacet
  facet normal -0.06540312923014606 0.9978589232386034 0
    outer loop
      vertex 31.522104768880205 -27.96577944549524 8.3
      vertex 31 -28 10.5
      vertex 31.522104768880205 -27.96577944549524 10.5
    endloop
  endfacet
  facet normal -0.1950903220161236 0.9807852804032313 0
    outer loop
      vertex 32.03527618041008 -27.863703305156275 8.3
      vertex 31.522104768880205 -27.96577944549524 10.5
      vertex 32.03527618041008 -27.863703305156275 10.5
    endloop
  endfacet
  facet normal -0.32143946530316087 0.9469301294951059 0
    outer loop
      vertex 32.53073372946036 -27.695518130045148 8.3
      vertex 32.03527618041008 -27.863703305156275 10.5
      vertex 32.53073372946036 -27.695518130045148 10.5
    endloop
  endfacet
  facet normal -0.44228869021900374 0.896872741532687 0
    outer loop
      vertex 33 -27.464101615137753 8.3
      vertex 32.53073372946036 -27.695518130045148 10.5
      vertex 33 -27.464101615137753 10.5
    endloop
  endfacet
  facet normal -0.5555702330195995 0.831469612302547 0
    outer loop
      vertex 33.435045716034885 -27.17341336116494 8.3
      vertex 33 -27.464101615137753 10.5
      vertex 33.435045716034885 -27.17341336116494 10.5
    endloop
  endfacet
  facet normal -0.6593458151000673 0.7518398074789786 0
    outer loop
      vertex 33.82842712474619 -26.82842712474619 8.3
      vertex 33.435045716034885 -27.17341336116494 10.5
      vertex 33.82842712474619 -26.82842712474619 10.5
    endloop
  endfacet
  facet normal -0.7518398074789817 0.6593458151000641 0
    outer loop
      vertex 34.17341336116494 -26.43504571603488 8.3
      vertex 33.82842712474619 -26.82842712474619 10.5
      vertex 34.17341336116494 -26.43504571603488 10.5
    endloop
  endfacet
  facet normal -0.8314696123025418 0.5555702330196074 0
    outer loop
      vertex 34.46410161513776 -26 8.3
      vertex 34.17341336116494 -26.43504571603488 10.5
      vertex 34.46410161513776 -26 10.5
    endloop
  endfacet
  facet normal -0.8968727415326926 0.44228869021899286 0
    outer loop
      vertex 34.695518130045144 -25.53073372946036 8.3
      vertex 34.46410161513776 -26 10.5
      vertex 34.695518130045144 -25.53073372946036 10.5
    endloop
  endfacet
  facet normal -0.9469301294951052 0.321439465303163 0
    outer loop
      vertex 34.86370330515627 -25.035276180410083 8.3
      vertex 34.695518130045144 -25.53073372946036 10.5
      vertex 34.86370330515627 -25.035276180410083 10.5
    endloop
  endfacet
  facet normal -0.980785280403229 0.19509032201613538 0
    outer loop
      vertex 34.965779445495244 -24.522104768880205 8.3
      vertex 34.86370330515627 -25.035276180410083 10.5
      vertex 34.965779445495244 -24.522104768880205 10.5
    endloop
  endfacet
  facet normal -0.9978589232386037 0.0654031292301393 0
    outer loop
      vertex 35 -24 8.3
      vertex 34.965779445495244 -24.522104768880205 10.5
      vertex 35 -24 10.5
    endloop
  endfacet
  facet normal 0 0 1
    outer loop
      vertex 34.695518130045144 -25.53073372946036 8.3
      vertex 34.86370330515627 -25.035276180410083 8.3
      vertex 34.7 -0.5 8.3
    endloop
  endfacet
  facet normal 0 0 1
    outer loop
      vertex 34.86370330515627 -25.035276180410083 8.3
      vertex 34.965779445495244 -24.522104768880205 8.3
      vertex 34.7 -0.5 8.3
    endloop
  endfacet
  facet normal 0 0 1
    outer loop
      vertex 34.965779445495244 -24.522104768880205 8.3
      vertex 35 -24 8.3
      vertex 34.7 -0.5 8.3
    endloop
  endfacet
  facet normal -1 0 0
    outer loop
      vertex 35 -24 8.3
      vertex 35 -24 10.5
      vertex 35 -0.5 8.3
    endloop
  endfacet
  facet normal 0 0 1
    outer loop
      vertex 34.46410161513776 -26 8.3
      vertex 34.2 24 8.3
      vertex 34.2 -24 8.3
    endloop
  endfacet
  facet normal 0 0 1
    outer loop
      vertex 34.46410161513776 -26 8.3
      vertex 34.695518130045144 -25.53073372946036 8.3
      vertex 34.46410161513776 26 8.3
    endloop
  endfacet
  facet normal 0 0 1
    outer loop
      vertex 35 -24 8.3
      vertex 35 -0.5 8.3
      vertex 34.7 -0.5 8.3
    endloop
  endfacet
  facet normal 0 0 1
    outer loop
      vertex 34.695518130045144 -25.53073372946036 8.3
      vertex 34.7 -0.5 8.3
      vertex 34.695518130045144 25.53073372946036 8.3
    endloop
  endfacet
  facet normal -1 0 0
    outer loop
      vertex 35 -24 10.5
      vertex 35 16.5 8.3
      vertex 35 -0.5 8.3
    endloop
  endfacet
  facet normal 0 0 1
    outer loop
      vertex -31.000000000000004 27.2 8.3
      vertex 31 28 8.3
      vertex 7 27.7 8.3
    endloop
  endfacet
  facet normal 0 0 1
    outer loop
      vertex -31.000000000000004 27.2 8.3
      vertex 31 27.2 8.3
      vertex 31 28 8.3
    endloop
  endfacet
  facet normal 0 -1 0
    outer loop
      vertex -7 28 8.3
      vertex 7 28 8.3
      vertex 31 28 10.5
    endloop
  endfacet
  facet normal 0 0 1
    outer loop
      vertex 7 27.7 8.3
      vertex 31 28 8.3
      vertex 7 28 8.3
    endloop
  endfacet
  facet normal -1 0 0
    outer loop
      vertex 35 -24 10.5
      vertex 35 24 8.3
      vertex 35 16.5 8.3
    endloop
  endfacet
  facet normal 0 0 1
    outer loop
      vertex 34.46410161513776 -26 8.3
      vertex 34.46410161513776 26 8.3
      vertex 34.2 24 8.3
    endloop
  endfacet
  facet normal 0 0 1
    outer loop
      vertex 34.695518130045144 -25.53073372946036 8.3
      vertex 34.695518130045144 25.53073372946036 8.3
      vertex 34.46410161513776 26 8.3
    endloop
  endfacet
  facet normal 0 0 1
    outer loop
      vertex 34.7 -0.5 8.3
      vertex 34.7 16.5 8.3
      vertex 34.695518130045144 25.53073372946036 8.3
    endloop
  endfacet
  facet normal -1 0 0
    outer loop
      vertex 35 -24 10.5
      vertex 35 24 10.5
      vertex 35 24 8.3
    endloop
  endfacet
  facet normal 0 -1 0
    outer loop
      vertex 7 28 8.3
      vertex 31 28 8.3
      vertex 31 28 10.5
    endloop
  endfacet
  facet normal 0 0 1
    outer loop
      vertex 34.7 16.5 8.3
      vertex 35 16.5 8.3
      vertex 34.695518130045144 25.53073372946036 8.3
    endloop
  endfacet
  facet normal 0 0 1
    outer loop
      vertex 35 16.5 8.3
      vertex 35 24 8.3
      vertex 34.965779445495244 24.522104768880205 8.3
    endloop
  endfacet
  facet normal 0 0 1
    outer loop
      vertex 31.41768381510417 27.172623556396193 8.3
      vertex 31.522104768880205 27.96577944549524 8.3
      vertex 31 27.2 8.3
    endloop
  endfacet
  facet normal 0 0 1
    outer loop
      vertex 31 27.2 8.3
      vertex 31.522104768880205 27.96577944549524 8.3
      vertex 31 28 8.3
    endloop
  endfacet
  facet normal -0.06540312923014606 -0.9978589232386034 1.0436620844562127e-18
    outer loop
      vertex 31 28 8.3
      vertex 31.522104768880205 27.96577944549524 8.3
      vertex 31.522104768880205 27.96577944549524 10.5
    endloop
  endfacet
  facet normal 0 0 1
    outer loop
      vertex 35 16.5 8.3
      vertex 34.86370330515627 25.035276180410083 8.3
      vertex 34.695518130045144 25.53073372946036 8.3
    endloop
  endfacet
  facet normal 0 0 1
    outer loop
      vertex 35 16.5 8.3
      vertex 34.965779445495244 24.522104768880205 8.3
      vertex 34.86370330515627 25.035276180410083 8.3
    endloop
  endfacet
  facet normal 0 0 1
    outer loop
      vertex 34.2 24 8.3
      vertex 34.46410161513776 26 8.3
      vertex 34.172623556396196 24.417683815104166 8.3
    endloop
  endfacet
  facet normal 0 0 1
    outer loop
      vertex 34.172623556396196 24.417683815104166 8.3
      vertex 34.17341336116494 26.43504571603488 8.3
      vertex 34.09096264412502 24.828220944328066 8.3
    endloop
  endfacet
  facet normal -0.9469301294951052 -0.321439465303163 0
    outer loop
      vertex 34.86370330515627 25.035276180410083 8.3
      vertex 34.86370330515627 25.035276180410083 10.5
      vertex 34.695518130045144 25.53073372946036 8.3
    endloop
  endfacet
  facet normal -0.9978589232386037 -0.0654031292301393 0
    outer loop
      vertex 35 24 8.3
      vertex 35 24 10.5
      vertex 34.965779445495244 24.522104768880205 8.3
    endloop
  endfacet
  facet normal -0.980785280403229 -0.19509032201613538 2.2377756003882557e-18
    outer loop
      vertex 34.86370330515627 25.035276180410083 8.3
      vertex 34.965779445495244 24.522104768880205 8.3
      vertex 34.965779445495244 24.522104768880205 10.5
    endloop
  endfacet
  facet normal 0 0 1
    outer loop
      vertex 32.224586983568294 26.95641450403612 8.3
      vertex 32.6 26.771281292110203 8.3
      vertex 33 27.464101615137753 8.3
    endloop
  endfacet
  facet normal 0 0 1
    outer loop
      vertex 33.538730688931956 25.948036572827906 8.3
      vertex 33.77128129211021 25.6 8.3
      vertex 33.82842712474619 26.82842712474619 8.3
    endloop
  endfacet
  facet normal 0 0 1
    outer loop
      vertex 32.6 26.771281292110203 8.3
      vertex 32.94803657282791 26.538730688931953 8.3
      vertex 33 27.464101615137753 8.3
    endloop
  endfacet
  facet normal 0 0 1
    outer loop
      vertex 32.94803657282791 26.538730688931953 8.3
      vertex 33.435045716034885 27.17341336116494 8.3
      vertex 33 27.464101615137753 8.3
    endloop
  endfacet
  facet normal 0 0 1
    outer loop
      vertex 33.262741699796955 26.26274169979695 8.3
      vertex 33.435045716034885 27.17341336116494 8.3
      vertex 32.94803657282791 26.538730688931953 8.3
    endloop
  endfacet
  facet normal 0 0 1
    outer loop
      vertex 33.262741699796955 26.26274169979695 8.3
      vertex 33.538730688931956 25.948036572827906 8.3
      vertex 33.82842712474619 26.82842712474619 8.3
    endloop
  endfacet
  facet normal 0 0 1
    outer loop
      vertex 33.262741699796955 26.26274169979695 8.3
      vertex 33.82842712474619 26.82842712474619 8.3
      vertex 33.435045716034885 27.17341336116494 8.3
    endloop
  endfacet
  facet normal 0 0 1
    outer loop
      vertex 31.41768381510417 27.172623556396193 8.3
      vertex 31.82822094432807 27.090962644125018 8.3
      vertex 32.03527618041008 27.863703305156275 8.3
    endloop
  endfacet
  facet normal 0 0 1
    outer loop
      vertex 31.41768381510417 27.172623556396193 8.3
      vertex 32.03527618041008 27.863703305156275 8.3
      vertex 31.522104768880205 27.96577944549524 8.3
    endloop
  endfacet
  facet normal 0 0 1
    outer loop
      vertex 31.82822094432807 27.090962644125018 8.3
      vertex 32.224586983568294 26.95641450403612 8.3
      vertex 32.53073372946036 27.695518130045148 8.3
    endloop
  endfacet
  facet normal 0 0 1
    outer loop
      vertex 31.82822094432807 27.090962644125018 8.3
      vertex 32.53073372946036 27.695518130045148 8.3
      vertex 32.03527618041008 27.863703305156275 8.3
    endloop
  endfacet
  facet normal 0 0 1
    outer loop
      vertex 32.224586983568294 26.95641450403612 8.3
      vertex 33 27.464101615137753 8.3
      vertex 32.53073372946036 27.695518130045148 8.3
    endloop
  endfacet
  facet normal 0 0 1
    outer loop
      vertex 33.95641450403612 25.224586983568287 8.3
      vertex 34.17341336116494 26.43504571603488 8.3
      vertex 33.77128129211021 25.6 8.3
    endloop
  endfacet
  facet normal 0 0 1
    outer loop
      vertex 34.09096264412502 24.828220944328066 8.3
      vertex 34.17341336116494 26.43504571603488 8.3
      vertex 33.95641450403612 25.224586983568287 8.3
    endloop
  endfacet
  facet normal 0 0 1
    outer loop
      vertex 34.172623556396196 24.417683815104166 8.3
      vertex 34.46410161513776 26 8.3
      vertex 34.17341336116494 26.43504571603488 8.3
    endloop
  endfacet
  facet normal 0 0 1
    outer loop
      vertex 33.77128129211021 25.6 8.3
      vertex 34.17341336116494 26.43504571603488 8.3
      vertex 33.82842712474619 26.82842712474619 8.3
    endloop
  endfacet
  facet normal -0.6593458151000673 -0.7518398074789786 2.5634218315478246e-18
    outer loop
      vertex 33.435045716034885 27.17341336116494 8.3
      vertex 33.82842712474619 26.82842712474619 8.3
      vertex 33.82842712474619 26.82842712474619 10.5
    endloop
  endfacet
  facet normal -0.1950903220161236 -0.9807852804032313 7.338253079407183e-19
    outer loop
      vertex 31.522104768880205 27.96577944549524 8.3
      vertex 32.03527618041008 27.863703305156275 8.3
      vertex 32.03527618041008 27.863703305156275 10.5
    endloop
  endfacet
  facet normal -0.32143946530316087 -0.9469301294951059 -5.597401418690832e-18
    outer loop
      vertex 32.03527618041008 27.863703305156275 8.3
      vertex 32.53073372946036 27.695518130045148 8.3
      vertex 32.53073372946036 27.695518130045148 10.5
    endloop
  endfacet
  facet normal -0.44228869021900374 -0.896872741532687 -3.180222678124683e-18
    outer loop
      vertex 32.53073372946036 27.695518130045148 8.3
      vertex 33 27.464101615137753 8.3
      vertex 33 27.464101615137753 10.5
    endloop
  endfacet
  facet normal -0.5555702330195995 -0.831469612302547 0
    outer loop
      vertex 33.435045716034885 27.17341336116494 8.3
      vertex 33.435045716034885 27.17341336116494 10.5
      vertex 33 27.464101615137753 8.3
    endloop
  endfacet
  facet normal -0.8968727415326926 -0.44228869021899286 0
    outer loop
      vertex 34.695518130045144 25.53073372946036 8.3
      vertex 34.695518130045144 25.53073372946036 10.5
      vertex 34.46410161513776 26 8.3
    endloop
  endfacet
  facet normal -0.8314696123025418 -0.5555702330196074 0
    outer loop
      vertex 34.46410161513776 26 8.3
      vertex 34.46410161513776 26 10.5
      vertex 34.17341336116494 26.43504571603488 8.3
    endloop
  endfacet
  facet normal -0.7518398074789817 -0.6593458151000641 0
    outer loop
      vertex 34.17341336116494 26.43504571603488 8.3
      vertex 34.17341336116494 26.43504571603488 10.5
      vertex 33.82842712474619 26.82842712474619 8.3
    endloop
  endfacet
  facet normal -0.06540312923014606 -0.9978589232386034 0
    outer loop
      vertex 31 28 8.3
      vertex 31.522104768880205 27.96577944549524 10.5
      vertex 31 28 10.5
    endloop
  endfacet
  facet normal -0.9469301294951052 -0.321439465303163 0
    outer loop
      vertex 34.695518130045144 25.53073372946036 8.3
      vertex 34.86370330515627 25.035276180410083 10.5
      vertex 34.695518130045144 25.53073372946036 10.5
    endloop
  endfacet
  facet normal -0.9978589232386037 -0.0654031292301393 0
    outer loop
      vertex 34.965779445495244 24.522104768880205 8.3
      vertex 35 24 10.5
      vertex 34.965779445495244 24.522104768880205 10.5
    endloop
  endfacet
  facet normal -0.980785280403229 -0.19509032201613538 0
    outer loop
      vertex 34.86370330515627 25.035276180410083 8.3
      vertex 34.965779445495244 24.522104768880205 10.5
      vertex 34.86370330515627 25.035276180410083 10.5
    endloop
  endfacet
  facet normal -0.6593458151000673 -0.7518398074789786 0
    outer loop
      vertex 33.435045716034885 27.17341336116494 8.3
      vertex 33.82842712474619 26.82842712474619 10.5
      vertex 33.435045716034885 27.17341336116494 10.5
    endloop
  endfacet
  facet normal -0.1950903220161236 -0.9807852804032313 0
    outer loop
      vertex 31.522104768880205 27.96577944549524 8.3
      vertex 32.03527618041008 27.863703305156275 10.5
      vertex 31.522104768880205 27.96577944549524 10.5
    endloop
  endfacet
  facet normal -0.32143946530316087 -0.9469301294951059 0
    outer loop
      vertex 32.03527618041008 27.863703305156275 8.3
      vertex 32.53073372946036 27.695518130045148 10.5
      vertex 32.03527618041008 27.863703305156275 10.5
    endloop
  endfacet
  facet normal -0.44228869021900374 -0.896872741532687 0
    outer loop
      vertex 32.53073372946036 27.695518130045148 8.3
      vertex 33 27.464101615137753 10.5
      vertex 32.53073372946036 27.695518130045148 10.5
    endloop
  endfacet
  facet normal -0.5555702330195995 -0.831469612302547 0
    outer loop
      vertex 33 27.464101615137753 8.3
      vertex 33.435045716034885 27.17341336116494 10.5
      vertex 33 27.464101615137753 10.5
    endloop
  endfacet
  facet normal -0.8968727415326926 -0.44228869021899286 0
    outer loop
      vertex 34.46410161513776 26 8.3
      vertex 34.695518130045144 25.53073372946036 10.5
      vertex 34.46410161513776 26 10.5
    endloop
  endfacet
  facet normal -0.7518398074789817 -0.6593458151000641 0
    outer loop
      vertex 33.82842712474619 26.82842712474619 8.3
      vertex 34.17341336116494 26.43504571603488 10.5
      vertex 33.82842712474619 26.82842712474619 10.5
    endloop
  endfacet
  facet normal -0.8314696123025418 -0.5555702330196074 0
    outer loop
      vertex 34.17341336116494 26.43504571603488 8.3
      vertex 34.46410161513776 26 10.5
      vertex 34.17341336116494 26.43504571603488 10.5
    endloop
  endfacet
  facet normal -0.9469301294951059 -0.3214394653031609 0
    outer loop
      vertex -31.607999730980485 -22.698811421776806 1.8
      vertex -31.494474737780475 -23.03324526738574 1.8
      vertex -31.607999730980485 -22.698811421776806 6.8
    endloop
  endfacet
  facet normal -0.98078528040323 -0.1950903220161305 -6.500154237998315e-19
    outer loop
      vertex -31.607999730980485 -22.698811421776806 1.8
      vertex -31.67690112570929 -22.35242071899414 6.8
      vertex -31.67690112570929 -22.35242071899414 1.8
    endloop
  endfacet
  facet normal -0.9978589232386039 -0.06540312923013807 -5.7293122793758e-20
    outer loop
      vertex -31.67690112570929 -22.35242071899414 1.8
      vertex -31.7 -22 6.8
      vertex -31.7 -22 1.8
    endloop
  endfacet
  facet normal -0.9978589232386039 0.06540312923013807 5.7293122793758e-20
    outer loop
      vertex -31.7 -22 1.8
      vertex -31.67690112570929 -21.64757928100586 6.8
      vertex -31.67690112570929 -21.64757928100586 1.8
    endloop
  endfacet
  facet normal -0.7518398074789769 -0.6593458151000695 0
    outer loop
      vertex -31.142054018786336 -23.643655858323545 1.8
      vertex -30.909188309203678 -23.909188309203678 1.8
      vertex -31.142054018786336 -23.643655858323545 6.8
    endloop
  endfacet
  facet normal -0.6593458151000695 -0.7518398074789769 0
    outer loop
      vertex -30.643655858323545 -24.142054018786336 1.8
      vertex -30.643655858323545 -24.142054018786336 6.8
      vertex -30.909188309203678 -23.909188309203678 1.8
    endloop
  endfacet
  facet normal -0.5555702330196066 -0.8314696123025423 2.4839729007967985e-19
    outer loop
      vertex -30.643655858323545 -24.142054018786336 1.8
      vertex -30.35 -24.338268590217986 1.8
      vertex -30.35 -24.338268590217986 6.8
    endloop
  endfacet
  facet normal -0.3214394653031609 -0.9469301294951059 6.474059044335274e-19
    outer loop
      vertex -30.03324526738574 -24.494474737780475 1.8
      vertex -29.698811421776806 -24.607999730980485 1.8
      vertex -29.698811421776806 -24.607999730980485 6.8
    endloop
  endfacet
  facet normal -0.1950903220161305 -0.98078528040323 -6.500154237998315e-19
    outer loop
      vertex -29.698811421776806 -24.607999730980485 1.8
      vertex -29.35242071899414 -24.67690112570929 1.8
      vertex -29.35242071899414 -24.67690112570929 6.8
    endloop
  endfacet
  facet normal -0.4422886902189971 -0.8968727415326903 0
    outer loop
      vertex -30.03324526738574 -24.494474737780475 1.8
      vertex -30.03324526738574 -24.494474737780475 6.8
      vertex -30.35 -24.338268590217986 1.8
    endloop
  endfacet
  facet normal -0.8314696123025423 -0.5555702330196066 2.4839729007967985e-19
    outer loop
      vertex -31.142054018786336 -23.643655858323545 1.8
      vertex -31.338268590217986 -23.35 6.8
      vertex -31.338268590217986 -23.35 1.8
    endloop
  endfacet
  facet normal -0.8968727415326903 -0.4422886902189971 -2.271891700440025e-19
    outer loop
      vertex -31.338268590217986 -23.35 1.8
      vertex -31.494474737780475 -23.03324526738574 6.8
      vertex -31.494474737780475 -23.03324526738574 1.8
    endloop
  endfacet
  facet normal -0.06540312923013807 -0.9978589232386039 -5.7293122793758e-20
    outer loop
      vertex -29.35242071899414 -24.67690112570929 1.8
      vertex -29 -24.7 1.8
      vertex -29 -24.7 6.8
    endloop
  endfacet
  facet normal 0.06540312923013807 -0.9978589232386039 5.7293122793758e-20
    outer loop
      vertex -29 -24.7 1.8
      vertex -28.64757928100586 -24.67690112570929 1.8
      vertex -28.64757928100586 -24.67690112570929 6.8
    endloop
  endfacet
  facet normal 0.1950903220161305 -0.98078528040323 6.500154237998315e-19
    outer loop
      vertex -28.64757928100586 -24.67690112570929 1.8
      vertex -28.301188578223194 -24.607999730980485 1.8
      vertex -28.301188578223194 -24.607999730980485 6.8
    endloop
  endfacet
  facet normal 0.3214394653031609 -0.9469301294951059 -6.474059044335274e-19
    outer loop
      vertex -28.301188578223194 -24.607999730980485 1.8
      vertex -27.96675473261426 -24.494474737780475 1.8
      vertex -27.96675473261426 -24.494474737780475 6.8
    endloop
  endfacet
  facet normal 0.4422886902189971 -0.8968727415326903 2.271891700440025e-19
    outer loop
      vertex -27.96675473261426 -24.494474737780475 1.8
      vertex -27.65 -24.338268590217986 1.8
      vertex -27.65 -24.338268590217986 6.8
    endloop
  endfacet
  facet normal 0.5555702330196066 -0.8314696123025423 -2.4839729007967985e-19
    outer loop
      vertex -27.65 -24.338268590217986 1.8
      vertex -27.356344141676455 -24.142054018786336 1.8
      vertex -27.356344141676455 -24.142054018786336 6.8
    endloop
  endfacet
  facet normal 0.6593458151000695 -0.7518398074789769 1.0195280053463926e-18
    outer loop
      vertex -27.356344141676455 -24.142054018786336 1.8
      vertex -27.090811690796322 -23.909188309203678 1.8
      vertex -27.090811690796322 -23.909188309203678 6.8
    endloop
  endfacet
  facet normal 0.7518398074789769 -0.6593458151000695 0
    outer loop
      vertex -27.090811690796322 -23.909188309203678 1.8
      vertex -26.857945981213664 -23.643655858323545 1.8
      vertex -27.090811690796322 -23.909188309203678 6.8
    endloop
  endfacet
  facet normal -0.9469301294951059 -0.3214394653031609 0
    outer loop
      vertex -31.494474737780475 -23.03324526738574 1.8
      vertex -31.494474737780475 -23.03324526738574 6.8
      vertex -31.607999730980485 -22.698811421776806 6.8
    endloop
  endfacet
  facet normal -0.98078528040323 -0.1950903220161305 0
    outer loop
      vertex -31.607999730980485 -22.698811421776806 1.8
      vertex -31.607999730980485 -22.698811421776806 6.8
      vertex -31.67690112570929 -22.35242071899414 6.8
    endloop
  endfacet
  facet normal -0.9978589232386039 -0.06540312923013807 0
    outer loop
      vertex -31.67690112570929 -22.35242071899414 1.8
      vertex -31.67690112570929 -22.35242071899414 6.8
      vertex -31.7 -22 6.8
    endloop
  endfacet
  facet normal -0.9978589232386039 0.06540312923013807 0
    outer loop
      vertex -31.7 -22 1.8
      vertex -31.7 -22 6.8
      vertex -31.67690112570929 -21.64757928100586 6.8
    endloop
  endfacet
  facet normal -0.7518398074789769 -0.6593458151000695 0
    outer loop
      vertex -30.909188309203678 -23.909188309203678 1.8
      vertex -30.909188309203678 -23.909188309203678 6.8
      vertex -31.142054018786336 -23.643655858323545 6.8
    endloop
  endfacet
  facet normal -0.5555702330196066 -0.8314696123025423 0
    outer loop
      vertex -30.643655858323545 -24.142054018786336 1.8
      vertex -30.35 -24.338268590217986 6.8
      vertex -30.643655858323545 -24.142054018786336 6.8
    endloop
  endfacet
  facet normal -0.6593458151000695 -0.7518398074789769 0
    outer loop
      vertex -30.909188309203678 -23.909188309203678 1.8
      vertex -30.643655858323545 -24.142054018786336 6.8
      vertex -30.909188309203678 -23.909188309203678 6.8
    endloop
  endfacet
  facet normal -0.3214394653031609 -0.9469301294951059 0
    outer loop
      vertex -30.03324526738574 -24.494474737780475 1.8
      vertex -29.698811421776806 -24.607999730980485 6.8
      vertex -30.03324526738574 -24.494474737780475 6.8
    endloop
  endfacet
  facet normal -0.1950903220161305 -0.98078528040323 0
    outer loop
      vertex -29.698811421776806 -24.607999730980485 1.8
      vertex -29.35242071899414 -24.67690112570929 6.8
      vertex -29.698811421776806 -24.607999730980485 6.8
    endloop
  endfacet
  facet normal -0.4422886902189971 -0.8968727415326903 0
    outer loop
      vertex -30.35 -24.338268590217986 1.8
      vertex -30.03324526738574 -24.494474737780475 6.8
      vertex -30.35 -24.338268590217986 6.8
    endloop
  endfacet
  facet normal -0.8968727415326903 -0.4422886902189971 0
    outer loop
      vertex -31.338268590217986 -23.35 1.8
      vertex -31.338268590217986 -23.35 6.8
      vertex -31.494474737780475 -23.03324526738574 6.8
    endloop
  endfacet
  facet normal -0.8314696123025423 -0.5555702330196066 0
    outer loop
      vertex -31.142054018786336 -23.643655858323545 1.8
      vertex -31.142054018786336 -23.643655858323545 6.8
      vertex -31.338268590217986 -23.35 6.8
    endloop
  endfacet
  facet normal -0.06540312923013807 -0.9978589232386039 0
    outer loop
      vertex -29.35242071899414 -24.67690112570929 1.8
      vertex -29 -24.7 6.8
      vertex -29.35242071899414 -24.67690112570929 6.8
    endloop
  endfacet
  facet normal 0.06540312923013807 -0.9978589232386039 0
    outer loop
      vertex -29 -24.7 1.8
      vertex -28.64757928100586 -24.67690112570929 6.8
      vertex -29 -24.7 6.8
    endloop
  endfacet
  facet normal 0.1950903220161305 -0.98078528040323 0
    outer loop
      vertex -28.64757928100586 -24.67690112570929 1.8
      vertex -28.301188578223194 -24.607999730980485 6.8
      vertex -28.64757928100586 -24.67690112570929 6.8
    endloop
  endfacet
  facet normal 0.3214394653031609 -0.9469301294951059 0
    outer loop
      vertex -28.301188578223194 -24.607999730980485 1.8
      vertex -27.96675473261426 -24.494474737780475 6.8
      vertex -28.301188578223194 -24.607999730980485 6.8
    endloop
  endfacet
  facet normal 0.4422886902189971 -0.8968727415326903 0
    outer loop
      vertex -27.96675473261426 -24.494474737780475 1.8
      vertex -27.65 -24.338268590217986 6.8
      vertex -27.96675473261426 -24.494474737780475 6.8
    endloop
  endfacet
  facet normal 0.5555702330196066 -0.8314696123025423 0
    outer loop
      vertex -27.65 -24.338268590217986 1.8
      vertex -27.356344141676455 -24.142054018786336 6.8
      vertex -27.65 -24.338268590217986 6.8
    endloop
  endfacet
  facet normal 0.6593458151000695 -0.7518398074789769 0
    outer loop
      vertex -27.356344141676455 -24.142054018786336 1.8
      vertex -27.090811690796322 -23.909188309203678 6.8
      vertex -27.356344141676455 -24.142054018786336 6.8
    endloop
  endfacet
  facet normal -0.98078528040323 0.1950903220161305 6.500154237998315e-19
    outer loop
      vertex -31.67690112570929 -21.64757928100586 1.8
      vertex -31.607999730980485 -21.301188578223194 6.8
      vertex -31.607999730980485 -21.301188578223194 1.8
    endloop
  endfacet
  facet normal -0.9469301294951059 0.3214394653031609 -6.474059044335274e-19
    outer loop
      vertex -31.607999730980485 -21.301188578223194 1.8
      vertex -31.494474737780475 -20.96675473261426 6.8
      vertex -31.494474737780475 -20.96675473261426 1.8
    endloop
  endfacet
  facet normal -0.8968727415326903 0.4422886902189971 2.271891700440025e-19
    outer loop
      vertex -31.494474737780475 -20.96675473261426 1.8
      vertex -31.338268590217986 -20.65 6.8
      vertex -31.338268590217986 -20.65 1.8
    endloop
  endfacet
  facet normal -0.8314696123025423 0.5555702330196066 -2.4839729007967985e-19
    outer loop
      vertex -31.338268590217986 -20.65 1.8
      vertex -31.142054018786336 -20.356344141676455 6.8
      vertex -31.142054018786336 -20.356344141676455 1.8
    endloop
  endfacet
  facet normal -0.7518398074789769 0.6593458151000695 1.0195280053463926e-18
    outer loop
      vertex -31.142054018786336 -20.356344141676455 1.8
      vertex -30.909188309203678 -20.090811690796322 6.8
      vertex -30.909188309203678 -20.090811690796322 1.8
    endloop
  endfacet
  facet normal -0.6593458151000695 0.7518398074789769 0
    outer loop
      vertex -30.909188309203678 -20.090811690796322 1.8
      vertex -30.909188309203678 -20.090811690796322 6.8
      vertex -30.643655858323545 -19.857945981213664 1.8
    endloop
  endfacet
  facet normal -0.5555702330196066 0.8314696123025423 0
    outer loop
      vertex -30.643655858323545 -19.857945981213664 1.8
      vertex -30.643655858323545 -19.857945981213664 6.8
      vertex -30.35 -19.661731409782014 1.8
    endloop
  endfacet
  facet normal -0.4422886902189971 0.8968727415326903 0
    outer loop
      vertex -30.35 -19.661731409782014 1.8
      vertex -30.35 -19.661731409782014 6.8
      vertex -30.03324526738574 -19.505525262219525 1.8
    endloop
  endfacet
  facet normal -0.3214394653031609 0.9469301294951059 0
    outer loop
      vertex -30.03324526738574 -19.505525262219525 1.8
      vertex -30.03324526738574 -19.505525262219525 6.8
      vertex -29.698811421776806 -19.392000269019515 1.8
    endloop
  endfacet
  facet normal -0.1950903220161305 0.98078528040323 0
    outer loop
      vertex -29.698811421776806 -19.392000269019515 1.8
      vertex -29.698811421776806 -19.392000269019515 6.8
      vertex -29.35242071899414 -19.32309887429071 1.8
    endloop
  endfacet
  facet normal -0.06540312923013807 0.9978589232386039 0
    outer loop
      vertex -29.35242071899414 -19.32309887429071 1.8
      vertex -29.35242071899414 -19.32309887429071 6.8
      vertex -29 -19.3 1.8
    endloop
  endfacet
  facet normal 0.06540312923013807 0.9978589232386039 0
    outer loop
      vertex -29 -19.3 1.8
      vertex -29 -19.3 6.8
      vertex -28.64757928100586 -19.32309887429071 1.8
    endloop
  endfacet
  facet normal 0.1950903220161305 0.98078528040323 0
    outer loop
      vertex -28.64757928100586 -19.32309887429071 1.8
      vertex -28.64757928100586 -19.32309887429071 6.8
      vertex -28.301188578223194 -19.392000269019515 1.8
    endloop
  endfacet
  facet normal 0.3214394653031609 0.9469301294951059 0
    outer loop
      vertex -28.301188578223194 -19.392000269019515 1.8
      vertex -28.301188578223194 -19.392000269019515 6.8
      vertex -27.96675473261426 -19.505525262219525 1.8
    endloop
  endfacet
  facet normal 0.4422886902189971 0.8968727415326903 0
    outer loop
      vertex -27.96675473261426 -19.505525262219525 1.8
      vertex -27.96675473261426 -19.505525262219525 6.8
      vertex -27.65 -19.661731409782014 1.8
    endloop
  endfacet
  facet normal 0.5555702330196066 0.8314696123025423 0
    outer loop
      vertex -27.65 -19.661731409782014 1.8
      vertex -27.65 -19.661731409782014 6.8
      vertex -27.356344141676455 -19.857945981213664 1.8
    endloop
  endfacet
  facet normal 0.6593458151000695 0.7518398074789769 -1.0195280053463926e-18
    outer loop
      vertex -27.090811690796322 -20.090811690796322 1.8
      vertex -27.356344141676455 -19.857945981213664 1.8
      vertex -27.356344141676455 -19.857945981213664 6.8
    endloop
  endfacet
  facet normal -0.98078528040323 0.1950903220161305 0
    outer loop
      vertex -31.67690112570929 -21.64757928100586 1.8
      vertex -31.67690112570929 -21.64757928100586 6.8
      vertex -31.607999730980485 -21.301188578223194 6.8
    endloop
  endfacet
  facet normal -0.9469301294951059 0.3214394653031609 0
    outer loop
      vertex -31.607999730980485 -21.301188578223194 1.8
      vertex -31.607999730980485 -21.301188578223194 6.8
      vertex -31.494474737780475 -20.96675473261426 6.8
    endloop
  endfacet
  facet normal -0.8968727415326903 0.4422886902189971 0
    outer loop
      vertex -31.494474737780475 -20.96675473261426 1.8
      vertex -31.494474737780475 -20.96675473261426 6.8
      vertex -31.338268590217986 -20.65 6.8
    endloop
  endfacet
  facet normal -0.8314696123025423 0.5555702330196066 0
    outer loop
      vertex -31.338268590217986 -20.65 1.8
      vertex -31.338268590217986 -20.65 6.8
      vertex -31.142054018786336 -20.356344141676455 6.8
    endloop
  endfacet
  facet normal -0.7518398074789769 0.6593458151000695 0
    outer loop
      vertex -31.142054018786336 -20.356344141676455 1.8
      vertex -31.142054018786336 -20.356344141676455 6.8
      vertex -30.909188309203678 -20.090811690796322 6.8
    endloop
  endfacet
  facet normal -0.6593458151000695 0.7518398074789769 0
    outer loop
      vertex -30.643655858323545 -19.857945981213664 1.8
      vertex -30.909188309203678 -20.090811690796322 6.8
      vertex -30.643655858323545 -19.857945981213664 6.8
    endloop
  endfacet
  facet normal -0.5555702330196066 0.8314696123025423 0
    outer loop
      vertex -30.35 -19.661731409782014 1.8
      vertex -30.643655858323545 -19.857945981213664 6.8
      vertex -30.35 -19.661731409782014 6.8
    endloop
  endfacet
  facet normal -0.4422886902189971 0.8968727415326903 0
    outer loop
      vertex -30.03324526738574 -19.505525262219525 1.8
      vertex -30.35 -19.661731409782014 6.8
      vertex -30.03324526738574 -19.505525262219525 6.8
    endloop
  endfacet
  facet normal -0.3214394653031609 0.9469301294951059 0
    outer loop
      vertex -29.698811421776806 -19.392000269019515 1.8
      vertex -30.03324526738574 -19.505525262219525 6.8
      vertex -29.698811421776806 -19.392000269019515 6.8
    endloop
  endfacet
  facet normal -0.1950903220161305 0.98078528040323 0
    outer loop
      vertex -29.35242071899414 -19.32309887429071 1.8
      vertex -29.698811421776806 -19.392000269019515 6.8
      vertex -29.35242071899414 -19.32309887429071 6.8
    endloop
  endfacet
  facet normal 0.7518398074789769 0.6593458151000695 0
    outer loop
      vertex -27.090811690796322 -20.090811690796322 1.8
      vertex -27.090811690796322 -20.090811690796322 6.8
      vertex -26.857945981213664 -20.356344141676455 6.8
    endloop
  endfacet
  facet normal 0.6593458151000695 0.7518398074789769 0
    outer loop
      vertex -27.090811690796322 -20.090811690796322 1.8
      vertex -27.356344141676455 -19.857945981213664 6.8
      vertex -27.090811690796322 -20.090811690796322 6.8
    endloop
  endfacet
  facet normal -0.06540312923013807 0.9978589232386039 0
    outer loop
      vertex -29 -19.3 1.8
      vertex -29.35242071899414 -19.32309887429071 6.8
      vertex -29 -19.3 6.8
    endloop
  endfacet
  facet normal 0.06540312923013807 0.9978589232386039 0
    outer loop
      vertex -28.64757928100586 -19.32309887429071 1.8
      vertex -29 -19.3 6.8
      vertex -28.64757928100586 -19.32309887429071 6.8
    endloop
  endfacet
  facet normal 0.1950903220161305 0.98078528040323 0
    outer loop
      vertex -28.301188578223194 -19.392000269019515 1.8
      vertex -28.64757928100586 -19.32309887429071 6.8
      vertex -28.301188578223194 -19.392000269019515 6.8
    endloop
  endfacet
  facet normal 0.4422886902189971 0.8968727415326903 0
    outer loop
      vertex -27.65 -19.661731409782014 1.8
      vertex -27.96675473261426 -19.505525262219525 6.8
      vertex -27.65 -19.661731409782014 6.8
    endloop
  endfacet
  facet normal 0.3214394653031609 0.9469301294951059 0
    outer loop
      vertex -27.96675473261426 -19.505525262219525 1.8
      vertex -28.301188578223194 -19.392000269019515 6.8
      vertex -27.96675473261426 -19.505525262219525 6.8
    endloop
  endfacet
  facet normal 0.5555702330196066 0.8314696123025423 0
    outer loop
      vertex -27.356344141676455 -19.857945981213664 1.8
      vertex -27.65 -19.661731409782014 6.8
      vertex -27.356344141676455 -19.857945981213664 6.8
    endloop
  endfacet
  facet normal 0.8314696123025423 -0.5555702330196066 0
    outer loop
      vertex -26.857945981213664 -23.643655858323545 1.8
      vertex -26.661731409782014 -23.35 1.8
      vertex -26.857945981213664 -23.643655858323545 6.8
    endloop
  endfacet
  facet normal 0.8968727415326903 -0.4422886902189971 0
    outer loop
      vertex -26.661731409782014 -23.35 1.8
      vertex -26.505525262219525 -23.03324526738574 1.8
      vertex -26.661731409782014 -23.35 6.8
    endloop
  endfacet
  facet normal 0.9469301294951059 -0.3214394653031609 0
    outer loop
      vertex -26.505525262219525 -23.03324526738574 1.8
      vertex -26.392000269019515 -22.698811421776806 1.8
      vertex -26.505525262219525 -23.03324526738574 6.8
    endloop
  endfacet
  facet normal 0.98078528040323 -0.1950903220161305 0
    outer loop
      vertex -26.392000269019515 -22.698811421776806 1.8
      vertex -26.32309887429071 -22.35242071899414 1.8
      vertex -26.392000269019515 -22.698811421776806 6.8
    endloop
  endfacet
  facet normal 0.9978589232386039 -0.06540312923013807 0
    outer loop
      vertex -26.32309887429071 -22.35242071899414 1.8
      vertex -26.3 -22 1.8
      vertex -26.32309887429071 -22.35242071899414 6.8
    endloop
  endfacet
  facet normal 0.9978589232386039 0.06540312923013807 0
    outer loop
      vertex -26.3 -22 1.8
      vertex -26.32309887429071 -21.64757928100586 1.8
      vertex -26.3 -22 6.8
    endloop
  endfacet
  facet normal 0.7518398074789769 -0.6593458151000695 0
    outer loop
      vertex -26.857945981213664 -23.643655858323545 1.8
      vertex -26.857945981213664 -23.643655858323545 6.8
      vertex -27.090811690796322 -23.909188309203678 6.8
    endloop
  endfacet
  facet normal 0.8314696123025423 -0.5555702330196066 0
    outer loop
      vertex -26.661731409782014 -23.35 1.8
      vertex -26.661731409782014 -23.35 6.8
      vertex -26.857945981213664 -23.643655858323545 6.8
    endloop
  endfacet
  facet normal 0.8968727415326903 -0.4422886902189971 0
    outer loop
      vertex -26.505525262219525 -23.03324526738574 1.8
      vertex -26.505525262219525 -23.03324526738574 6.8
      vertex -26.661731409782014 -23.35 6.8
    endloop
  endfacet
  facet normal 0.9469301294951059 -0.3214394653031609 0
    outer loop
      vertex -26.392000269019515 -22.698811421776806 1.8
      vertex -26.392000269019515 -22.698811421776806 6.8
      vertex -26.505525262219525 -23.03324526738574 6.8
    endloop
  endfacet
  facet normal 0.98078528040323 -0.1950903220161305 0
    outer loop
      vertex -26.32309887429071 -22.35242071899414 1.8
      vertex -26.32309887429071 -22.35242071899414 6.8
      vertex -26.392000269019515 -22.698811421776806 6.8
    endloop
  endfacet
  facet normal 0.9978589232386039 -0.06540312923013807 0
    outer loop
      vertex -26.3 -22 1.8
      vertex -26.3 -22 6.8
      vertex -26.32309887429071 -22.35242071899414 6.8
    endloop
  endfacet
  facet normal 0.9978589232386039 0.06540312923013807 0
    outer loop
      vertex -26.32309887429071 -21.64757928100586 1.8
      vertex -26.32309887429071 -21.64757928100586 6.8
      vertex -26.3 -22 6.8
    endloop
  endfacet
  facet normal 0.8968727415326903 0.4422886902189971 0
    outer loop
      vertex -26.505525262219525 -20.96675473261426 1.8
      vertex -26.661731409782014 -20.65 1.8
      vertex -26.505525262219525 -20.96675473261426 6.8
    endloop
  endfacet
  facet normal 0.98078528040323 0.1950903220161305 0
    outer loop
      vertex -26.32309887429071 -21.64757928100586 1.8
      vertex -26.392000269019515 -21.301188578223194 1.8
      vertex -26.32309887429071 -21.64757928100586 6.8
    endloop
  endfacet
  facet normal 0.9469301294951059 0.3214394653031609 6.474059044335274e-19
    outer loop
      vertex -26.505525262219525 -20.96675473261426 1.8
      vertex -26.392000269019515 -21.301188578223194 6.8
      vertex -26.392000269019515 -21.301188578223194 1.8
    endloop
  endfacet
  facet normal 0.8314696123025423 0.5555702330196066 0
    outer loop
      vertex -26.661731409782014 -20.65 1.8
      vertex -26.857945981213664 -20.356344141676455 1.8
      vertex -26.661731409782014 -20.65 6.8
    endloop
  endfacet
  facet normal 0.7518398074789769 0.6593458151000695 -1.0195280053463926e-18
    outer loop
      vertex -27.090811690796322 -20.090811690796322 1.8
      vertex -26.857945981213664 -20.356344141676455 6.8
      vertex -26.857945981213664 -20.356344141676455 1.8
    endloop
  endfacet
  facet normal 0.9469301294951059 0.3214394653031609 0
    outer loop
      vertex -26.505525262219525 -20.96675473261426 1.8
      vertex -26.505525262219525 -20.96675473261426 6.8
      vertex -26.392000269019515 -21.301188578223194 6.8
    endloop
  endfacet
  facet normal 0.98078528040323 0.1950903220161305 0
    outer loop
      vertex -26.392000269019515 -21.301188578223194 1.8
      vertex -26.392000269019515 -21.301188578223194 6.8
      vertex -26.32309887429071 -21.64757928100586 6.8
    endloop
  endfacet
  facet normal 0.8314696123025423 0.5555702330196066 0
    outer loop
      vertex -26.857945981213664 -20.356344141676455 1.8
      vertex -26.857945981213664 -20.356344141676455 6.8
      vertex -26.661731409782014 -20.65 6.8
    endloop
  endfacet
  facet normal 0.8968727415326903 0.4422886902189971 0
    outer loop
      vertex -26.661731409782014 -20.65 1.8
      vertex -26.661731409782014 -20.65 6.8
      vertex -26.505525262219525 -20.96675473261426 6.8
    endloop
  endfacet
  facet normal 0 0 1
    outer loop
      vertex -31.607999730980485 -22.698811421776806 6.8
      vertex -31.67690112570929 -21.64757928100586 6.8
      vertex -31.67690112570929 -22.35242071899414 6.8
    endloop
  endfacet
  facet normal 0 0 1
    outer loop
      vertex -31.607999730980485 -22.698811421776806 6.8
      vertex -31.494474737780475 -23.03324526738574 6.8
      vertex -31.607999730980485 -21.301188578223194 6.8
    endloop
  endfacet
  facet normal 0 0 1
    outer loop
      vertex -31.67690112570929 -22.35242071899414 6.8
      vertex -31.67690112570929 -21.64757928100586 6.8
      vertex -31.7 -22 6.8
    endloop
  endfacet
  facet normal 0 0 1
    outer loop
      vertex -31.607999730980485 -22.698811421776806 6.8
      vertex -31.607999730980485 -21.301188578223194 6.8
      vertex -31.67690112570929 -21.64757928100586 6.8
    endloop
  endfacet
  facet normal 0 0 1
    outer loop
      vertex -31.494474737780475 -23.03324526738574 6.8
      vertex -31.494474737780475 -20.96675473261426 6.8
      vertex -31.607999730980485 -21.301188578223194 6.8
    endloop
  endfacet
  facet normal 0 0 1
    outer loop
      vertex -30.03324526738574 -24.494474737780475 6.8
      vertex -29.698811421776806 -24.607999730980485 6.8
      vertex -29.833021007305796 -22.639199500459156 6.8
    endloop
  endfacet
  facet normal 0 0 1
    outer loop
      vertex -29.698811421776806 -24.607999730980485 6.8
      vertex -29.35242071899414 -24.67690112570929 6.8
      vertex -29.525 -22.90932667397366 6.8
    endloop
  endfacet
  facet normal 0 0 1
    outer loop
      vertex -29.35242071899414 -24.67690112570929 6.8
      vertex -29.137052501831054 -23.041017104442503 6.8
      vertex -29.27175999735765 -23.014222117603524 6.8
    endloop
  endfacet
  facet normal 0 0 1
    outer loop
      vertex -30.643655858323545 -24.142054018786336 6.8
      vertex -30.909188309203678 -20.090811690796322 6.8
      vertex -30.909188309203678 -23.909188309203678 6.8
    endloop
  endfacet
  facet normal 0 0 1
    outer loop
      vertex -30.643655858323545 -24.142054018786336 6.8
      vertex -30.35 -24.338268590217986 6.8
      vertex -30.643655858323545 -19.857945981213664 6.8
    endloop
  endfacet
  facet normal 0 0 1
    outer loop
      vertex -31.338268590217986 -23.35 6.8
      vertex -31.494474737780475 -20.96675473261426 6.8
      vertex -31.494474737780475 -23.03324526738574 6.8
    endloop
  endfacet
  facet normal 0 0 1
    outer loop
      vertex -31.142054018786336 -23.643655858323545 6.8
      vertex -31.338268590217986 -20.65 6.8
      vertex -31.338268590217986 -23.35 6.8
    endloop
  endfacet
  facet normal 0 0 1
    outer loop
      vertex -31.142054018786336 -23.643655858323545 6.8
      vertex -30.909188309203678 -23.909188309203678 6.8
      vertex -31.142054018786336 -20.356344141676455 6.8
    endloop
  endfacet
  facet normal 0 0 1
    outer loop
      vertex -30.03324526738574 -24.494474737780475 6.8
      vertex -29.90932667397366 -22.525 6.8
      vertex -29.970073509136853 -22.401817603983343 6.8
    endloop
  endfacet
  facet normal 0 0 1
    outer loop
      vertex -30.03324526738574 -24.494474737780475 6.8
      vertex -29.833021007305796 -22.639199500459156 6.8
      vertex -29.90932667397366 -22.525 6.8
    endloop
  endfacet
  facet normal 0 0 1
    outer loop
      vertex -30.03324526738574 -24.494474737780475 6.8
      vertex -30.35 -19.661731409782014 6.8
      vertex -30.35 -24.338268590217986 6.8
    endloop
  endfacet
  facet normal 0 0 1
    outer loop
      vertex -30.03324526738574 -24.494474737780475 6.8
      vertex -29.970073509136853 -22.401817603983343 6.8
      vertex -30.014222117603524 -22.27175999735765 6.8
    endloop
  endfacet
  facet normal 0 0 1
    outer loop
      vertex -30.03324526738574 -24.494474737780475 6.8
      vertex -30.014222117603524 -22.27175999735765 6.8
      vertex -30.041017104442503 -22.137052501831054 6.8
    endloop
  endfacet
  facet normal 0 0 1
    outer loop
      vertex -30.03324526738574 -24.494474737780475 6.8
      vertex -30.041017104442503 -22.137052501831054 6.8
      vertex -30.05 -22 6.8
    endloop
  endfacet
  facet normal 0 0 1
    outer loop
      vertex -29.698811421776806 -24.607999730980485 6.8
      vertex -29.639199500459156 -22.833021007305796 6.8
      vertex -29.742462120245875 -22.742462120245875 6.8
    endloop
  endfacet
  facet normal 0 0 1
    outer loop
      vertex -29.698811421776806 -24.607999730980485 6.8
      vertex -29.525 -22.90932667397366 6.8
      vertex -29.639199500459156 -22.833021007305796 6.8
    endloop
  endfacet
  facet normal 0 0 1
    outer loop
      vertex -29.698811421776806 -24.607999730980485 6.8
      vertex -29.742462120245875 -22.742462120245875 6.8
      vertex -29.833021007305796 -22.639199500459156 6.8
    endloop
  endfacet
  facet normal 0 0 1
    outer loop
      vertex -29.35242071899414 -24.67690112570929 6.8
      vertex -29.401817603983343 -22.970073509136853 6.8
      vertex -29.525 -22.90932667397366 6.8
    endloop
  endfacet
  facet normal 0 0 1
    outer loop
      vertex -29.35242071899414 -24.67690112570929 6.8
      vertex -29.27175999735765 -23.014222117603524 6.8
      vertex -29.401817603983343 -22.970073509136853 6.8
    endloop
  endfacet
  facet normal 0 0 1
    outer loop
      vertex -30.03324526738574 -24.494474737780475 6.8
      vertex -30.05 -22 6.8
      vertex -30.35 -19.661731409782014 6.8
    endloop
  endfacet
  facet normal 0 0 1
    outer loop
      vertex -29.35242071899414 -24.67690112570929 6.8
      vertex -29 -24.7 6.8
      vertex -29.137052501831054 -23.041017104442503 6.8
    endloop
  endfacet
  facet normal 0 0 1
    outer loop
      vertex -29 -24.7 6.8
      vertex -28.64757928100586 -24.67690112570929 6.8
      vertex -28.862947498168946 -23.041017104442503 6.8
    endloop
  endfacet
  facet normal 0 0 1
    outer loop
      vertex -29 -24.7 6.8
      vertex -29 -23.05 6.8
      vertex -29.137052501831054 -23.041017104442503 6.8
    endloop
  endfacet
  facet normal 0 0 1
    outer loop
      vertex -29 -24.7 6.8
      vertex -28.862947498168946 -23.041017104442503 6.8
      vertex -29 -23.05 6.8
    endloop
  endfacet
  facet normal 0 0 1
    outer loop
      vertex -28.64757928100586 -24.67690112570929 6.8
      vertex -28.72824000264235 -23.014222117603524 6.8
      vertex -28.862947498168946 -23.041017104442503 6.8
    endloop
  endfacet
  facet normal 0 0 1
    outer loop
      vertex -28.64757928100586 -24.67690112570929 6.8
      vertex -28.301188578223194 -24.607999730980485 6.8
      vertex -28.72824000264235 -23.014222117603524 6.8
    endloop
  endfacet
  facet normal 0 0 1
    outer loop
      vertex -28.301188578223194 -24.607999730980485 6.8
      vertex -27.96675473261426 -24.494474737780475 6.8
      vertex -28.360800499540844 -22.833021007305796 6.8
    endloop
  endfacet
  facet normal 0 0 1
    outer loop
      vertex -27.96675473261426 -24.494474737780475 6.8
      vertex -27.65 -24.338268590217986 6.8
      vertex -27.985777882396476 -22.27175999735765 6.8
    endloop
  endfacet
  facet normal 0 0 1
    outer loop
      vertex -28.301188578223194 -24.607999730980485 6.8
      vertex -28.598182396016657 -22.970073509136853 6.8
      vertex -28.72824000264235 -23.014222117603524 6.8
    endloop
  endfacet
  facet normal 0 0 1
    outer loop
      vertex -28.301188578223194 -24.607999730980485 6.8
      vertex -28.475 -22.90932667397366 6.8
      vertex -28.598182396016657 -22.970073509136853 6.8
    endloop
  endfacet
  facet normal 0 0 1
    outer loop
      vertex -28.301188578223194 -24.607999730980485 6.8
      vertex -28.360800499540844 -22.833021007305796 6.8
      vertex -28.475 -22.90932667397366 6.8
    endloop
  endfacet
  facet normal 0 0 1
    outer loop
      vertex -27.96675473261426 -24.494474737780475 6.8
      vertex -28.257537879754125 -22.742462120245875 6.8
      vertex -28.360800499540844 -22.833021007305796 6.8
    endloop
  endfacet
  facet normal 0 0 1
    outer loop
      vertex -27.96675473261426 -24.494474737780475 6.8
      vertex -28.166978992694204 -22.639199500459156 6.8
      vertex -28.257537879754125 -22.742462120245875 6.8
    endloop
  endfacet
  facet normal 0 0 1
    outer loop
      vertex -27.96675473261426 -24.494474737780475 6.8
      vertex -28.09067332602634 -22.525 6.8
      vertex -28.166978992694204 -22.639199500459156 6.8
    endloop
  endfacet
  facet normal 0 0 1
    outer loop
      vertex -27.96675473261426 -24.494474737780475 6.8
      vertex -28.029926490863147 -22.401817603983343 6.8
      vertex -28.09067332602634 -22.525 6.8
    endloop
  endfacet
  facet normal 0 0 1
    outer loop
      vertex -27.96675473261426 -24.494474737780475 6.8
      vertex -27.985777882396476 -22.27175999735765 6.8
      vertex -28.029926490863147 -22.401817603983343 6.8
    endloop
  endfacet
  facet normal 0 0 1
    outer loop
      vertex -27.65 -24.338268590217986 6.8
      vertex -27.958982895557497 -22.137052501831054 6.8
      vertex -27.985777882396476 -22.27175999735765 6.8
    endloop
  endfacet
  facet normal 0 0 1
    outer loop
      vertex -27.65 -24.338268590217986 6.8
      vertex -27.95 -22 6.8
      vertex -27.958982895557497 -22.137052501831054 6.8
    endloop
  endfacet
  facet normal 0 0 1
    outer loop
      vertex -27.65 -24.338268590217986 6.8
      vertex -27.356344141676455 -24.142054018786336 6.8
      vertex -27.65 -19.661731409782014 6.8
    endloop
  endfacet
  facet normal 0 0 1
    outer loop
      vertex -27.65 -24.338268590217986 6.8
      vertex -27.96675473261426 -19.505525262219525 6.8
      vertex -27.95 -22 6.8
    endloop
  endfacet
  facet normal 0 0 1
    outer loop
      vertex -27.356344141676455 -24.142054018786336 6.8
      vertex -27.090811690796322 -23.909188309203678 6.8
      vertex -27.356344141676455 -19.857945981213664 6.8
    endloop
  endfacet
  facet normal 0 0 1
    outer loop
      vertex -27.090811690796322 -23.909188309203678 6.8
      vertex -26.857945981213664 -23.643655858323545 6.8
      vertex -27.090811690796322 -20.090811690796322 6.8
    endloop
  endfacet
  facet normal 0 0 1
    outer loop
      vertex -31.338268590217986 -23.35 6.8
      vertex -31.338268590217986 -20.65 6.8
      vertex -31.494474737780475 -20.96675473261426 6.8
    endloop
  endfacet
  facet normal 0 0 1
    outer loop
      vertex -31.142054018786336 -23.643655858323545 6.8
      vertex -31.142054018786336 -20.356344141676455 6.8
      vertex -31.338268590217986 -20.65 6.8
    endloop
  endfacet
  facet normal 0 0 1
    outer loop
      vertex -30.909188309203678 -23.909188309203678 6.8
      vertex -30.909188309203678 -20.090811690796322 6.8
      vertex -31.142054018786336 -20.356344141676455 6.8
    endloop
  endfacet
  facet normal 0 0 1
    outer loop
      vertex -30.643655858323545 -24.142054018786336 6.8
      vertex -30.643655858323545 -19.857945981213664 6.8
      vertex -30.909188309203678 -20.090811690796322 6.8
    endloop
  endfacet
  facet normal 0 0 1
    outer loop
      vertex -30.35 -24.338268590217986 6.8
      vertex -30.35 -19.661731409782014 6.8
      vertex -30.643655858323545 -19.857945981213664 6.8
    endloop
  endfacet
  facet normal 0 0 1
    outer loop
      vertex -30.05 -22 6.8
      vertex -30.041017104442503 -21.862947498168946 6.8
      vertex -30.35 -19.661731409782014 6.8
    endloop
  endfacet
  facet normal 0 0 1
    outer loop
      vertex -30.041017104442503 -21.862947498168946 6.8
      vertex -30.014222117603524 -21.72824000264235 6.8
      vertex -30.35 -19.661731409782014 6.8
    endloop
  endfacet
  facet normal 0 0 1
    outer loop
      vertex -30.014222117603524 -21.72824000264235 6.8
      vertex -29.970073509136853 -21.598182396016657 6.8
      vertex -30.03324526738574 -19.505525262219525 6.8
    endloop
  endfacet
  facet normal 0 0 1
    outer loop
      vertex -29.970073509136853 -21.598182396016657 6.8
      vertex -29.90932667397366 -21.475 6.8
      vertex -30.03324526738574 -19.505525262219525 6.8
    endloop
  endfacet
  facet normal 0 0 1
    outer loop
      vertex -29.90932667397366 -21.475 6.8
      vertex -29.833021007305796 -21.360800499540844 6.8
      vertex -30.03324526738574 -19.505525262219525 6.8
    endloop
  endfacet
  facet normal 0 0 1
    outer loop
      vertex -29.833021007305796 -21.360800499540844 6.8
      vertex -29.742462120245875 -21.257537879754125 6.8
      vertex -30.03324526738574 -19.505525262219525 6.8
    endloop
  endfacet
  facet normal 0 0 1
    outer loop
      vertex -30.014222117603524 -21.72824000264235 6.8
      vertex -30.03324526738574 -19.505525262219525 6.8
      vertex -30.35 -19.661731409782014 6.8
    endloop
  endfacet
  facet normal 0 0 1
    outer loop
      vertex -29.742462120245875 -21.257537879754125 6.8
      vertex -29.639199500459156 -21.166978992694204 6.8
      vertex -30.03324526738574 -19.505525262219525 6.8
    endloop
  endfacet
  facet normal 0 0 1
    outer loop
      vertex -29.639199500459156 -21.166978992694204 6.8
      vertex -29.525 -21.09067332602634 6.8
      vertex -29.698811421776806 -19.392000269019515 6.8
    endloop
  endfacet
  facet normal 0 0 1
    outer loop
      vertex -29.525 -21.09067332602634 6.8
      vertex -29.401817603983343 -21.029926490863147 6.8
      vertex -29.698811421776806 -19.392000269019515 6.8
    endloop
  endfacet
  facet normal 0 0 1
    outer loop
      vertex -29.401817603983343 -21.029926490863147 6.8
      vertex -29.27175999735765 -20.985777882396476 6.8
      vertex -29.698811421776806 -19.392000269019515 6.8
    endloop
  endfacet
  facet normal 0 0 1
    outer loop
      vertex -29.27175999735765 -20.985777882396476 6.8
      vertex -29.137052501831054 -20.958982895557497 6.8
      vertex -29.35242071899414 -19.32309887429071 6.8
    endloop
  endfacet
  facet normal 0 0 1
    outer loop
      vertex -29.639199500459156 -21.166978992694204 6.8
      vertex -29.698811421776806 -19.392000269019515 6.8
      vertex -30.03324526738574 -19.505525262219525 6.8
    endloop
  endfacet
  facet normal 0 0 1
    outer loop
      vertex -29.27175999735765 -20.985777882396476 6.8
      vertex -29.35242071899414 -19.32309887429071 6.8
      vertex -29.698811421776806 -19.392000269019515 6.8
    endloop
  endfacet
  facet normal 0 0 1
    outer loop
      vertex -29.137052501831054 -20.958982895557497 6.8
      vertex -29 -20.95 6.8
      vertex -29 -19.3 6.8
    endloop
  endfacet
  facet normal 0 0 1
    outer loop
      vertex -29 -20.95 6.8
      vertex -28.862947498168946 -20.958982895557497 6.8
      vertex -29 -19.3 6.8
    endloop
  endfacet
  facet normal 0 0 1
    outer loop
      vertex -28.862947498168946 -20.958982895557497 6.8
      vertex -28.72824000264235 -20.985777882396476 6.8
      vertex -28.64757928100586 -19.32309887429071 6.8
    endloop
  endfacet
  facet normal 0 0 1
    outer loop
      vertex -28.72824000264235 -20.985777882396476 6.8
      vertex -28.598182396016657 -21.029926490863147 6.8
      vertex -28.64757928100586 -19.32309887429071 6.8
    endloop
  endfacet
  facet normal 0 0 1
    outer loop
      vertex -28.475 -21.09067332602634 6.8
      vertex -28.64757928100586 -19.32309887429071 6.8
      vertex -28.598182396016657 -21.029926490863147 6.8
    endloop
  endfacet
  facet normal 0 0 1
    outer loop
      vertex -28.166978992694204 -21.360800499540844 6.8
      vertex -28.301188578223194 -19.392000269019515 6.8
      vertex -28.257537879754125 -21.257537879754125 6.8
    endloop
  endfacet
  facet normal 0 0 1
    outer loop
      vertex -28.475 -21.09067332602634 6.8
      vertex -28.360800499540844 -21.166978992694204 6.8
      vertex -28.301188578223194 -19.392000269019515 6.8
    endloop
  endfacet
  facet normal 0 0 1
    outer loop
      vertex -28.360800499540844 -21.166978992694204 6.8
      vertex -28.257537879754125 -21.257537879754125 6.8
      vertex -28.301188578223194 -19.392000269019515 6.8
    endloop
  endfacet
  facet normal 0 0 1
    outer loop
      vertex -28.166978992694204 -21.360800499540844 6.8
      vertex -27.96675473261426 -19.505525262219525 6.8
      vertex -28.301188578223194 -19.392000269019515 6.8
    endloop
  endfacet
  facet normal 0 0 1
    outer loop
      vertex -27.95 -22 6.8
      vertex -27.96675473261426 -19.505525262219525 6.8
      vertex -27.958982895557497 -21.862947498168946 6.8
    endloop
  endfacet
  facet normal 0 0 1
    outer loop
      vertex -27.985777882396476 -21.72824000264235 6.8
      vertex -27.96675473261426 -19.505525262219525 6.8
      vertex -28.029926490863147 -21.598182396016657 6.8
    endloop
  endfacet
  facet normal 0 0 1
    outer loop
      vertex -28.029926490863147 -21.598182396016657 6.8
      vertex -27.96675473261426 -19.505525262219525 6.8
      vertex -28.09067332602634 -21.475 6.8
    endloop
  endfacet
  facet normal 0 0 1
    outer loop
      vertex -27.958982895557497 -21.862947498168946 6.8
      vertex -27.96675473261426 -19.505525262219525 6.8
      vertex -27.985777882396476 -21.72824000264235 6.8
    endloop
  endfacet
  facet normal 0 0 1
    outer loop
      vertex -27.65 -24.338268590217986 6.8
      vertex -27.65 -19.661731409782014 6.8
      vertex -27.96675473261426 -19.505525262219525 6.8
    endloop
  endfacet
  facet normal 0 0 1
    outer loop
      vertex -27.356344141676455 -24.142054018786336 6.8
      vertex -27.356344141676455 -19.857945981213664 6.8
      vertex -27.65 -19.661731409782014 6.8
    endloop
  endfacet
  facet normal 0 0 1
    outer loop
      vertex -27.090811690796322 -23.909188309203678 6.8
      vertex -27.090811690796322 -20.090811690796322 6.8
      vertex -27.356344141676455 -19.857945981213664 6.8
    endloop
  endfacet
  facet normal 0 0 1
    outer loop
      vertex -28.166978992694204 -21.360800499540844 6.8
      vertex -28.09067332602634 -21.475 6.8
      vertex -27.96675473261426 -19.505525262219525 6.8
    endloop
  endfacet
  facet normal 0 0 1
    outer loop
      vertex -29.35242071899414 -19.32309887429071 6.8
      vertex -29.137052501831054 -20.958982895557497 6.8
      vertex -29 -19.3 6.8
    endloop
  endfacet
  facet normal 0 0 1
    outer loop
      vertex -28.862947498168946 -20.958982895557497 6.8
      vertex -28.64757928100586 -19.32309887429071 6.8
      vertex -29 -19.3 6.8
    endloop
  endfacet
  facet normal 0 0 1
    outer loop
      vertex -28.475 -21.09067332602634 6.8
      vertex -28.301188578223194 -19.392000269019515 6.8
      vertex -28.64757928100586 -19.32309887429071 6.8
    endloop
  endfacet
  facet normal 0 0 1
    outer loop
      vertex -26.857945981213664 -23.643655858323545 6.8
      vertex -26.661731409782014 -23.35 6.8
      vertex -26.857945981213664 -20.356344141676455 6.8
    endloop
  endfacet
  facet normal 0 0 1
    outer loop
      vertex -26.661731409782014 -23.35 6.8
      vertex -26.505525262219525 -23.03324526738574 6.8
      vertex -26.661731409782014 -20.65 6.8
    endloop
  endfacet
  facet normal 0 0 1
    outer loop
      vertex -26.505525262219525 -23.03324526738574 6.8
      vertex -26.392000269019515 -22.698811421776806 6.8
      vertex -26.505525262219525 -20.96675473261426 6.8
    endloop
  endfacet
  facet normal 0 0 1
    outer loop
      vertex -26.392000269019515 -22.698811421776806 6.8
      vertex -26.32309887429071 -22.35242071899414 6.8
      vertex -26.392000269019515 -21.301188578223194 6.8
    endloop
  endfacet
  facet normal 0 0 1
    outer loop
      vertex -26.32309887429071 -22.35242071899414 6.8
      vertex -26.3 -22 6.8
      vertex -26.32309887429071 -21.64757928100586 6.8
    endloop
  endfacet
  facet normal 0 0 1
    outer loop
      vertex -26.32309887429071 -22.35242071899414 6.8
      vertex -26.32309887429071 -21.64757928100586 6.8
      vertex -26.392000269019515 -21.301188578223194 6.8
    endloop
  endfacet
  facet normal 0 0 1
    outer loop
      vertex -27.090811690796322 -20.090811690796322 6.8
      vertex -26.857945981213664 -23.643655858323545 6.8
      vertex -26.857945981213664 -20.356344141676455 6.8
    endloop
  endfacet
  facet normal 0 0 1
    outer loop
      vertex -26.661731409782014 -23.35 6.8
      vertex -26.661731409782014 -20.65 6.8
      vertex -26.857945981213664 -20.356344141676455 6.8
    endloop
  endfacet
  facet normal 0 0 1
    outer loop
      vertex -26.505525262219525 -23.03324526738574 6.8
      vertex -26.505525262219525 -20.96675473261426 6.8
      vertex -26.661731409782014 -20.65 6.8
    endloop
  endfacet
  facet normal 0 0 1
    outer loop
      vertex -26.392000269019515 -22.698811421776806 6.8
      vertex -26.392000269019515 -21.301188578223194 6.8
      vertex -26.505525262219525 -20.96675473261426 6.8
    endloop
  endfacet
  facet normal -0.7518398074789769 -0.6593458151000695 0
    outer loop
      vertex 26.857945981213664 -23.643655858323545 1.8
      vertex 27.090811690796322 -23.909188309203678 1.8
      vertex 26.857945981213664 -23.643655858323545 6.8
    endloop
  endfacet
  facet normal -0.9469301294951059 -0.3214394653031609 0
    outer loop
      vertex 26.392000269019515 -22.698811421776806 1.8
      vertex 26.505525262219525 -23.03324526738574 1.8
      vertex 26.392000269019515 -22.698811421776806 6.8
    endloop
  endfacet
  facet normal -0.8968727415326903 -0.4422886902189971 -2.271891700440025e-19
    outer loop
      vertex 26.661731409782014 -23.35 1.8
      vertex 26.505525262219525 -23.03324526738574 6.8
      vertex 26.505525262219525 -23.03324526738574 1.8
    endloop
  endfacet
  facet normal -0.8314696123025423 -0.5555702330196066 2.4839729007967985e-19
    outer loop
      vertex 26.857945981213664 -23.643655858323545 1.8
      vertex 26.661731409782014 -23.35 6.8
      vertex 26.661731409782014 -23.35 1.8
    endloop
  endfacet
  facet normal -0.98078528040323 -0.1950903220161305 -6.500154237998315e-19
    outer loop
      vertex 26.392000269019515 -22.698811421776806 1.8
      vertex 26.32309887429071 -22.35242071899414 6.8
      vertex 26.32309887429071 -22.35242071899414 1.8
    endloop
  endfacet
  facet normal -0.9978589232386039 -0.06540312923013807 -5.7293122793758e-20
    outer loop
      vertex 26.32309887429071 -22.35242071899414 1.8
      vertex 26.3 -22 6.8
      vertex 26.3 -22 1.8
    endloop
  endfacet
  facet normal -0.9978589232386039 0.06540312923013807 5.7293122793758e-20
    outer loop
      vertex 26.3 -22 1.8
      vertex 26.32309887429071 -21.64757928100586 6.8
      vertex 26.32309887429071 -21.64757928100586 1.8
    endloop
  endfacet
  facet normal -0.8968727415326903 -0.4422886902189971 0
    outer loop
      vertex 26.661731409782014 -23.35 1.8
      vertex 26.661731409782014 -23.35 6.8
      vertex 26.505525262219525 -23.03324526738574 6.8
    endloop
  endfacet
  facet normal -0.8314696123025423 -0.5555702330196066 0
    outer loop
      vertex 26.857945981213664 -23.643655858323545 1.8
      vertex 26.857945981213664 -23.643655858323545 6.8
      vertex 26.661731409782014 -23.35 6.8
    endloop
  endfacet
  facet normal -0.9469301294951059 -0.3214394653031609 0
    outer loop
      vertex 26.505525262219525 -23.03324526738574 1.8
      vertex 26.505525262219525 -23.03324526738574 6.8
      vertex 26.392000269019515 -22.698811421776806 6.8
    endloop
  endfacet
  facet normal -0.98078528040323 -0.1950903220161305 0
    outer loop
      vertex 26.392000269019515 -22.698811421776806 1.8
      vertex 26.392000269019515 -22.698811421776806 6.8
      vertex 26.32309887429071 -22.35242071899414 6.8
    endloop
  endfacet
  facet normal -0.9978589232386039 -0.06540312923013807 0
    outer loop
      vertex 26.32309887429071 -22.35242071899414 1.8
      vertex 26.32309887429071 -22.35242071899414 6.8
      vertex 26.3 -22 6.8
    endloop
  endfacet
  facet normal -0.9978589232386039 0.06540312923013807 0
    outer loop
      vertex 26.3 -22 1.8
      vertex 26.3 -22 6.8
      vertex 26.32309887429071 -21.64757928100586 6.8
    endloop
  endfacet
  facet normal -0.98078528040323 0.1950903220161305 6.500154237998315e-19
    outer loop
      vertex 26.32309887429071 -21.64757928100586 1.8
      vertex 26.392000269019515 -21.301188578223194 6.8
      vertex 26.392000269019515 -21.301188578223194 1.8
    endloop
  endfacet
  facet normal -0.9469301294951059 0.3214394653031609 -6.474059044335274e-19
    outer loop
      vertex 26.392000269019515 -21.301188578223194 1.8
      vertex 26.505525262219525 -20.96675473261426 6.8
      vertex 26.505525262219525 -20.96675473261426 1.8
    endloop
  endfacet
  facet normal -0.8968727415326903 0.4422886902189971 2.271891700440025e-19
    outer loop
      vertex 26.505525262219525 -20.96675473261426 1.8
      vertex 26.661731409782014 -20.65 6.8
      vertex 26.661731409782014 -20.65 1.8
    endloop
  endfacet
  facet normal -0.8314696123025423 0.5555702330196066 -2.4839729007967985e-19
    outer loop
      vertex 26.661731409782014 -20.65 1.8
      vertex 26.857945981213664 -20.356344141676455 6.8
      vertex 26.857945981213664 -20.356344141676455 1.8
    endloop
  endfacet
  facet normal -0.98078528040323 0.1950903220161305 0
    outer loop
      vertex 26.32309887429071 -21.64757928100586 1.8
      vertex 26.32309887429071 -21.64757928100586 6.8
      vertex 26.392000269019515 -21.301188578223194 6.8
    endloop
  endfacet
  facet normal -0.9469301294951059 0.3214394653031609 0
    outer loop
      vertex 26.392000269019515 -21.301188578223194 1.8
      vertex 26.392000269019515 -21.301188578223194 6.8
      vertex 26.505525262219525 -20.96675473261426 6.8
    endloop
  endfacet
  facet normal -0.8968727415326903 0.4422886902189971 0
    outer loop
      vertex 26.505525262219525 -20.96675473261426 1.8
      vertex 26.505525262219525 -20.96675473261426 6.8
      vertex 26.661731409782014 -20.65 6.8
    endloop
  endfacet
  facet normal -0.8314696123025423 0.5555702330196066 0
    outer loop
      vertex 26.661731409782014 -20.65 1.8
      vertex 26.661731409782014 -20.65 6.8
      vertex 26.857945981213664 -20.356344141676455 6.8
    endloop
  endfacet
  facet normal -0.7518398074789769 0.6593458151000695 0
    outer loop
      vertex 26.857945981213664 -20.356344141676455 1.8
      vertex 26.857945981213664 -20.356344141676455 6.8
      vertex 27.090811690796322 -20.090811690796322 6.8
    endloop
  endfacet
  facet normal -0.6593458151000695 -0.7518398074789769 0
    outer loop
      vertex 27.356344141676455 -24.142054018786336 1.8
      vertex 27.356344141676455 -24.142054018786336 6.8
      vertex 27.090811690796322 -23.909188309203678 1.8
    endloop
  endfacet
  facet normal -0.5555702330196066 -0.8314696123025423 2.4839729007967985e-19
    outer loop
      vertex 27.356344141676455 -24.142054018786336 1.8
      vertex 27.65 -24.338268590217986 1.8
      vertex 27.65 -24.338268590217986 6.8
    endloop
  endfacet
  facet normal -0.4422886902189971 -0.8968727415326903 0
    outer loop
      vertex 27.96675473261426 -24.494474737780475 1.8
      vertex 27.96675473261426 -24.494474737780475 6.8
      vertex 27.65 -24.338268590217986 1.8
    endloop
  endfacet
  facet normal -0.3214394653031609 -0.9469301294951059 6.474059044335274e-19
    outer loop
      vertex 27.96675473261426 -24.494474737780475 1.8
      vertex 28.301188578223194 -24.607999730980485 1.8
      vertex 28.301188578223194 -24.607999730980485 6.8
    endloop
  endfacet
  facet normal -0.1950903220161305 -0.98078528040323 -6.500154237998315e-19
    outer loop
      vertex 28.301188578223194 -24.607999730980485 1.8
      vertex 28.64757928100586 -24.67690112570929 1.8
      vertex 28.64757928100586 -24.67690112570929 6.8
    endloop
  endfacet
  facet normal -0.06540312923013807 -0.9978589232386039 -5.7293122793758e-20
    outer loop
      vertex 28.64757928100586 -24.67690112570929 1.8
      vertex 29 -24.7 1.8
      vertex 29 -24.7 6.8
    endloop
  endfacet
  facet normal 0.06540312923013807 -0.9978589232386039 5.7293122793758e-20
    outer loop
      vertex 29 -24.7 1.8
      vertex 29.35242071899414 -24.67690112570929 1.8
      vertex 29.35242071899414 -24.67690112570929 6.8
    endloop
  endfacet
  facet normal 0.1950903220161305 -0.98078528040323 6.500154237998315e-19
    outer loop
      vertex 29.35242071899414 -24.67690112570929 1.8
      vertex 29.698811421776806 -24.607999730980485 1.8
      vertex 29.698811421776806 -24.607999730980485 6.8
    endloop
  endfacet
  facet normal 0.3214394653031609 -0.9469301294951059 -6.474059044335274e-19
    outer loop
      vertex 29.698811421776806 -24.607999730980485 1.8
      vertex 30.03324526738574 -24.494474737780475 1.8
      vertex 30.03324526738574 -24.494474737780475 6.8
    endloop
  endfacet
  facet normal 0.4422886902189971 -0.8968727415326903 2.271891700440025e-19
    outer loop
      vertex 30.03324526738574 -24.494474737780475 1.8
      vertex 30.35 -24.338268590217986 1.8
      vertex 30.35 -24.338268590217986 6.8
    endloop
  endfacet
  facet normal 0.5555702330196066 -0.8314696123025423 -2.4839729007967985e-19
    outer loop
      vertex 30.35 -24.338268590217986 1.8
      vertex 30.643655858323545 -24.142054018786336 1.8
      vertex 30.643655858323545 -24.142054018786336 6.8
    endloop
  endfacet
  facet normal 0.6593458151000695 -0.7518398074789769 1.0195280053463926e-18
    outer loop
      vertex 30.643655858323545 -24.142054018786336 1.8
      vertex 30.909188309203678 -23.909188309203678 1.8
      vertex 30.909188309203678 -23.909188309203678 6.8
    endloop
  endfacet
  facet normal 0.7518398074789769 -0.6593458151000695 0
    outer loop
      vertex 30.909188309203678 -23.909188309203678 1.8
      vertex 31.142054018786336 -23.643655858323545 1.8
      vertex 30.909188309203678 -23.909188309203678 6.8
    endloop
  endfacet
  facet normal 0.8314696123025423 -0.5555702330196066 0
    outer loop
      vertex 31.142054018786336 -23.643655858323545 1.8
      vertex 31.338268590217986 -23.35 1.8
      vertex 31.142054018786336 -23.643655858323545 6.8
    endloop
  endfacet
  facet normal 0.8968727415326903 -0.4422886902189971 0
    outer loop
      vertex 31.338268590217986 -23.35 1.8
      vertex 31.494474737780475 -23.03324526738574 1.8
      vertex 31.338268590217986 -23.35 6.8
    endloop
  endfacet
  facet normal 0.9469301294951059 -0.3214394653031609 0
    outer loop
      vertex 31.494474737780475 -23.03324526738574 1.8
      vertex 31.607999730980485 -22.698811421776806 1.8
      vertex 31.494474737780475 -23.03324526738574 6.8
    endloop
  endfacet
  facet normal 0.98078528040323 -0.1950903220161305 0
    outer loop
      vertex 31.607999730980485 -22.698811421776806 1.8
      vertex 31.67690112570929 -22.35242071899414 1.8
      vertex 31.607999730980485 -22.698811421776806 6.8
    endloop
  endfacet
  facet normal 0.9978589232386039 -0.06540312923013807 0
    outer loop
      vertex 31.67690112570929 -22.35242071899414 1.8
      vertex 31.7 -22 1.8
      vertex 31.67690112570929 -22.35242071899414 6.8
    endloop
  endfacet
  facet normal 0.9978589232386039 0.06540312923013807 0
    outer loop
      vertex 31.7 -22 1.8
      vertex 31.67690112570929 -21.64757928100586 1.8
      vertex 31.7 -22 6.8
    endloop
  endfacet
  facet normal -0.3214394653031609 -0.9469301294951059 0
    outer loop
      vertex 27.96675473261426 -24.494474737780475 1.8
      vertex 28.301188578223194 -24.607999730980485 6.8
      vertex 27.96675473261426 -24.494474737780475 6.8
    endloop
  endfacet
  facet normal -0.5555702330196066 -0.8314696123025423 0
    outer loop
      vertex 27.356344141676455 -24.142054018786336 1.8
      vertex 27.65 -24.338268590217986 6.8
      vertex 27.356344141676455 -24.142054018786336 6.8
    endloop
  endfacet
  facet normal -0.7518398074789769 -0.6593458151000695 0
    outer loop
      vertex 27.090811690796322 -23.909188309203678 1.8
      vertex 27.090811690796322 -23.909188309203678 6.8
      vertex 26.857945981213664 -23.643655858323545 6.8
    endloop
  endfacet
  facet normal -0.6593458151000695 -0.7518398074789769 0
    outer loop
      vertex 27.090811690796322 -23.909188309203678 1.8
      vertex 27.356344141676455 -24.142054018786336 6.8
      vertex 27.090811690796322 -23.909188309203678 6.8
    endloop
  endfacet
  facet normal -0.4422886902189971 -0.8968727415326903 0
    outer loop
      vertex 27.65 -24.338268590217986 1.8
      vertex 27.96675473261426 -24.494474737780475 6.8
      vertex 27.65 -24.338268590217986 6.8
    endloop
  endfacet
  facet normal -0.1950903220161305 -0.98078528040323 0
    outer loop
      vertex 28.301188578223194 -24.607999730980485 1.8
      vertex 28.64757928100586 -24.67690112570929 6.8
      vertex 28.301188578223194 -24.607999730980485 6.8
    endloop
  endfacet
  facet normal -0.06540312923013807 -0.9978589232386039 0
    outer loop
      vertex 28.64757928100586 -24.67690112570929 1.8
      vertex 29 -24.7 6.8
      vertex 28.64757928100586 -24.67690112570929 6.8
    endloop
  endfacet
  facet normal 0.06540312923013807 -0.9978589232386039 0
    outer loop
      vertex 29 -24.7 1.8
      vertex 29.35242071899414 -24.67690112570929 6.8
      vertex 29 -24.7 6.8
    endloop
  endfacet
  facet normal 0.1950903220161305 -0.98078528040323 0
    outer loop
      vertex 29.35242071899414 -24.67690112570929 1.8
      vertex 29.698811421776806 -24.607999730980485 6.8
      vertex 29.35242071899414 -24.67690112570929 6.8
    endloop
  endfacet
  facet normal 0.3214394653031609 -0.9469301294951059 0
    outer loop
      vertex 29.698811421776806 -24.607999730980485 1.8
      vertex 30.03324526738574 -24.494474737780475 6.8
      vertex 29.698811421776806 -24.607999730980485 6.8
    endloop
  endfacet
  facet normal 0.4422886902189971 -0.8968727415326903 0
    outer loop
      vertex 30.03324526738574 -24.494474737780475 1.8
      vertex 30.35 -24.338268590217986 6.8
      vertex 30.03324526738574 -24.494474737780475 6.8
    endloop
  endfacet
  facet normal 0.5555702330196066 -0.8314696123025423 0
    outer loop
      vertex 30.35 -24.338268590217986 1.8
      vertex 30.643655858323545 -24.142054018786336 6.8
      vertex 30.35 -24.338268590217986 6.8
    endloop
  endfacet
  facet normal 0.6593458151000695 -0.7518398074789769 0
    outer loop
      vertex 30.643655858323545 -24.142054018786336 1.8
      vertex 30.909188309203678 -23.909188309203678 6.8
      vertex 30.643655858323545 -24.142054018786336 6.8
    endloop
  endfacet
  facet normal 0.7518398074789769 -0.6593458151000695 0
    outer loop
      vertex 31.142054018786336 -23.643655858323545 1.8
      vertex 31.142054018786336 -23.643655858323545 6.8
      vertex 30.909188309203678 -23.909188309203678 6.8
    endloop
  endfacet
  facet normal 0.8314696123025423 -0.5555702330196066 0
    outer loop
      vertex 31.338268590217986 -23.35 1.8
      vertex 31.338268590217986 -23.35 6.8
      vertex 31.142054018786336 -23.643655858323545 6.8
    endloop
  endfacet
  facet normal 0.8968727415326903 -0.4422886902189971 0
    outer loop
      vertex 31.494474737780475 -23.03324526738574 1.8
      vertex 31.494474737780475 -23.03324526738574 6.8
      vertex 31.338268590217986 -23.35 6.8
    endloop
  endfacet
  facet normal 0.9469301294951059 -0.3214394653031609 0
    outer loop
      vertex 31.607999730980485 -22.698811421776806 1.8
      vertex 31.607999730980485 -22.698811421776806 6.8
      vertex 31.494474737780475 -23.03324526738574 6.8
    endloop
  endfacet
  facet normal 0.98078528040323 -0.1950903220161305 0
    outer loop
      vertex 31.67690112570929 -22.35242071899414 1.8
      vertex 31.67690112570929 -22.35242071899414 6.8
      vertex 31.607999730980485 -22.698811421776806 6.8
    endloop
  endfacet
  facet normal 0.9978589232386039 -0.06540312923013807 0
    outer loop
      vertex 31.7 -22 1.8
      vertex 31.7 -22 6.8
      vertex 31.67690112570929 -22.35242071899414 6.8
    endloop
  endfacet
  facet normal 0.9978589232386039 0.06540312923013807 0
    outer loop
      vertex 31.67690112570929 -21.64757928100586 1.8
      vertex 31.67690112570929 -21.64757928100586 6.8
      vertex 31.7 -22 6.8
    endloop
  endfacet
  facet normal -0.7518398074789769 0.6593458151000695 1.0195280053463926e-18
    outer loop
      vertex 26.857945981213664 -20.356344141676455 1.8
      vertex 27.090811690796322 -20.090811690796322 6.8
      vertex 27.090811690796322 -20.090811690796322 1.8
    endloop
  endfacet
  facet normal -0.6593458151000695 0.7518398074789769 0
    outer loop
      vertex 27.090811690796322 -20.090811690796322 1.8
      vertex 27.090811690796322 -20.090811690796322 6.8
      vertex 27.356344141676455 -19.857945981213664 1.8
    endloop
  endfacet
  facet normal -0.5555702330196066 0.8314696123025423 0
    outer loop
      vertex 27.356344141676455 -19.857945981213664 1.8
      vertex 27.356344141676455 -19.857945981213664 6.8
      vertex 27.65 -19.661731409782014 1.8
    endloop
  endfacet
  facet normal -0.4422886902189971 0.8968727415326903 0
    outer loop
      vertex 27.65 -19.661731409782014 1.8
      vertex 27.65 -19.661731409782014 6.8
      vertex 27.96675473261426 -19.505525262219525 1.8
    endloop
  endfacet
  facet normal -0.3214394653031609 0.9469301294951059 0
    outer loop
      vertex 27.96675473261426 -19.505525262219525 1.8
      vertex 27.96675473261426 -19.505525262219525 6.8
      vertex 28.301188578223194 -19.392000269019515 1.8
    endloop
  endfacet
  facet normal -0.1950903220161305 0.98078528040323 0
    outer loop
      vertex 28.301188578223194 -19.392000269019515 1.8
      vertex 28.301188578223194 -19.392000269019515 6.8
      vertex 28.64757928100586 -19.32309887429071 1.8
    endloop
  endfacet
  facet normal -0.06540312923013807 0.9978589232386039 0
    outer loop
      vertex 28.64757928100586 -19.32309887429071 1.8
      vertex 28.64757928100586 -19.32309887429071 6.8
      vertex 29 -19.3 1.8
    endloop
  endfacet
  facet normal 0.06540312923013807 0.9978589232386039 0
    outer loop
      vertex 29 -19.3 1.8
      vertex 29 -19.3 6.8
      vertex 29.35242071899414 -19.32309887429071 1.8
    endloop
  endfacet
  facet normal 0.8968727415326903 0.4422886902189971 0
    outer loop
      vertex 31.494474737780475 -20.96675473261426 1.8
      vertex 31.338268590217986 -20.65 1.8
      vertex 31.494474737780475 -20.96675473261426 6.8
    endloop
  endfacet
  facet normal 0.8314696123025423 0.5555702330196066 0
    outer loop
      vertex 31.338268590217986 -20.65 1.8
      vertex 31.142054018786336 -20.356344141676455 1.8
      vertex 31.338268590217986 -20.65 6.8
    endloop
  endfacet
  facet normal 0.7518398074789769 0.6593458151000695 -1.0195280053463926e-18
    outer loop
      vertex 30.909188309203678 -20.090811690796322 1.8
      vertex 31.142054018786336 -20.356344141676455 6.8
      vertex 31.142054018786336 -20.356344141676455 1.8
    endloop
  endfacet
  facet normal 0.1950903220161305 0.98078528040323 0
    outer loop
      vertex 29.35242071899414 -19.32309887429071 1.8
      vertex 29.35242071899414 -19.32309887429071 6.8
      vertex 29.698811421776806 -19.392000269019515 1.8
    endloop
  endfacet
  facet normal 0.3214394653031609 0.9469301294951059 0
    outer loop
      vertex 29.698811421776806 -19.392000269019515 1.8
      vertex 29.698811421776806 -19.392000269019515 6.8
      vertex 30.03324526738574 -19.505525262219525 1.8
    endloop
  endfacet
  facet normal 0.4422886902189971 0.8968727415326903 0
    outer loop
      vertex 30.03324526738574 -19.505525262219525 1.8
      vertex 30.03324526738574 -19.505525262219525 6.8
      vertex 30.35 -19.661731409782014 1.8
    endloop
  endfacet
  facet normal 0.5555702330196066 0.8314696123025423 0
    outer loop
      vertex 30.35 -19.661731409782014 1.8
      vertex 30.35 -19.661731409782014 6.8
      vertex 30.643655858323545 -19.857945981213664 1.8
    endloop
  endfacet
  facet normal 0.6593458151000695 0.7518398074789769 -1.0195280053463926e-18
    outer loop
      vertex 30.909188309203678 -20.090811690796322 1.8
      vertex 30.643655858323545 -19.857945981213664 1.8
      vertex 30.643655858323545 -19.857945981213664 6.8
    endloop
  endfacet
  facet normal 0.98078528040323 0.1950903220161305 0
    outer loop
      vertex 31.67690112570929 -21.64757928100586 1.8
      vertex 31.607999730980485 -21.301188578223194 1.8
      vertex 31.67690112570929 -21.64757928100586 6.8
    endloop
  endfacet
  facet normal 0.9469301294951059 0.3214394653031609 6.474059044335274e-19
    outer loop
      vertex 31.494474737780475 -20.96675473261426 1.8
      vertex 31.607999730980485 -21.301188578223194 6.8
      vertex 31.607999730980485 -21.301188578223194 1.8
    endloop
  endfacet
  facet normal -0.6593458151000695 0.7518398074789769 0
    outer loop
      vertex 27.356344141676455 -19.857945981213664 1.8
      vertex 27.090811690796322 -20.090811690796322 6.8
      vertex 27.356344141676455 -19.857945981213664 6.8
    endloop
  endfacet
  facet normal -0.5555702330196066 0.8314696123025423 0
    outer loop
      vertex 27.65 -19.661731409782014 1.8
      vertex 27.356344141676455 -19.857945981213664 6.8
      vertex 27.65 -19.661731409782014 6.8
    endloop
  endfacet
  facet normal -0.4422886902189971 0.8968727415326903 0
    outer loop
      vertex 27.96675473261426 -19.505525262219525 1.8
      vertex 27.65 -19.661731409782014 6.8
      vertex 27.96675473261426 -19.505525262219525 6.8
    endloop
  endfacet
  facet normal -0.3214394653031609 0.9469301294951059 0
    outer loop
      vertex 28.301188578223194 -19.392000269019515 1.8
      vertex 27.96675473261426 -19.505525262219525 6.8
      vertex 28.301188578223194 -19.392000269019515 6.8
    endloop
  endfacet
  facet normal -0.1950903220161305 0.98078528040323 0
    outer loop
      vertex 28.64757928100586 -19.32309887429071 1.8
      vertex 28.301188578223194 -19.392000269019515 6.8
      vertex 28.64757928100586 -19.32309887429071 6.8
    endloop
  endfacet
  facet normal -0.06540312923013807 0.9978589232386039 0
    outer loop
      vertex 29 -19.3 1.8
      vertex 28.64757928100586 -19.32309887429071 6.8
      vertex 29 -19.3 6.8
    endloop
  endfacet
  facet normal 0.06540312923013807 0.9978589232386039 0
    outer loop
      vertex 29.35242071899414 -19.32309887429071 1.8
      vertex 29 -19.3 6.8
      vertex 29.35242071899414 -19.32309887429071 6.8
    endloop
  endfacet
  facet normal 0.6593458151000695 0.7518398074789769 0
    outer loop
      vertex 30.909188309203678 -20.090811690796322 1.8
      vertex 30.643655858323545 -19.857945981213664 6.8
      vertex 30.909188309203678 -20.090811690796322 6.8
    endloop
  endfacet
  facet normal 0.8314696123025423 0.5555702330196066 0
    outer loop
      vertex 31.142054018786336 -20.356344141676455 1.8
      vertex 31.142054018786336 -20.356344141676455 6.8
      vertex 31.338268590217986 -20.65 6.8
    endloop
  endfacet
  facet normal 0.8968727415326903 0.4422886902189971 0
    outer loop
      vertex 31.338268590217986 -20.65 1.8
      vertex 31.338268590217986 -20.65 6.8
      vertex 31.494474737780475 -20.96675473261426 6.8
    endloop
  endfacet
  facet normal 0.7518398074789769 0.6593458151000695 0
    outer loop
      vertex 30.909188309203678 -20.090811690796322 1.8
      vertex 30.909188309203678 -20.090811690796322 6.8
      vertex 31.142054018786336 -20.356344141676455 6.8
    endloop
  endfacet
  facet normal 0.1950903220161305 0.98078528040323 0
    outer loop
      vertex 29.698811421776806 -19.392000269019515 1.8
      vertex 29.35242071899414 -19.32309887429071 6.8
      vertex 29.698811421776806 -19.392000269019515 6.8
    endloop
  endfacet
  facet normal 0.4422886902189971 0.8968727415326903 0
    outer loop
      vertex 30.35 -19.661731409782014 1.8
      vertex 30.03324526738574 -19.505525262219525 6.8
      vertex 30.35 -19.661731409782014 6.8
    endloop
  endfacet
  facet normal 0.3214394653031609 0.9469301294951059 0
    outer loop
      vertex 30.03324526738574 -19.505525262219525 1.8
      vertex 29.698811421776806 -19.392000269019515 6.8
      vertex 30.03324526738574 -19.505525262219525 6.8
    endloop
  endfacet
  facet normal 0.5555702330196066 0.8314696123025423 0
    outer loop
      vertex 30.643655858323545 -19.857945981213664 1.8
      vertex 30.35 -19.661731409782014 6.8
      vertex 30.643655858323545 -19.857945981213664 6.8
    endloop
  endfacet
  facet normal 0.98078528040323 0.1950903220161305 0
    outer loop
      vertex 31.607999730980485 -21.301188578223194 1.8
      vertex 31.607999730980485 -21.301188578223194 6.8
      vertex 31.67690112570929 -21.64757928100586 6.8
    endloop
  endfacet
  facet normal 0.9469301294951059 0.3214394653031609 0
    outer loop
      vertex 31.494474737780475 -20.96675473261426 1.8
      vertex 31.494474737780475 -20.96675473261426 6.8
      vertex 31.607999730980485 -21.301188578223194 6.8
    endloop
  endfacet
  facet normal 0 0 1
    outer loop
      vertex 26.392000269019515 -22.698811421776806 6.8
      vertex 26.505525262219525 -23.03324526738574 6.8
      vertex 26.392000269019515 -21.301188578223194 6.8
    endloop
  endfacet
  facet normal 0 0 1
    outer loop
      vertex 26.392000269019515 -22.698811421776806 6.8
      vertex 26.32309887429071 -21.64757928100586 6.8
      vertex 26.32309887429071 -22.35242071899414 6.8
    endloop
  endfacet
  facet normal 0 0 1
    outer loop
      vertex 26.32309887429071 -22.35242071899414 6.8
      vertex 26.32309887429071 -21.64757928100586 6.8
      vertex 26.3 -22 6.8
    endloop
  endfacet
  facet normal 0 0 1
    outer loop
      vertex 26.392000269019515 -22.698811421776806 6.8
      vertex 26.392000269019515 -21.301188578223194 6.8
      vertex 26.32309887429071 -21.64757928100586 6.8
    endloop
  endfacet
  facet normal 0 0 1
    outer loop
      vertex 26.661731409782014 -23.35 6.8
      vertex 26.505525262219525 -20.96675473261426 6.8
      vertex 26.505525262219525 -23.03324526738574 6.8
    endloop
  endfacet
  facet normal 0 0 1
    outer loop
      vertex 26.857945981213664 -23.643655858323545 6.8
      vertex 26.661731409782014 -20.65 6.8
      vertex 26.661731409782014 -23.35 6.8
    endloop
  endfacet
  facet normal 0 0 1
    outer loop
      vertex 26.857945981213664 -23.643655858323545 6.8
      vertex 27.090811690796322 -23.909188309203678 6.8
      vertex 26.857945981213664 -20.356344141676455 6.8
    endloop
  endfacet
  facet normal 0 0 1
    outer loop
      vertex 26.505525262219525 -23.03324526738574 6.8
      vertex 26.505525262219525 -20.96675473261426 6.8
      vertex 26.392000269019515 -21.301188578223194 6.8
    endloop
  endfacet
  facet normal 0 0 1
    outer loop
      vertex 26.661731409782014 -23.35 6.8
      vertex 26.661731409782014 -20.65 6.8
      vertex 26.505525262219525 -20.96675473261426 6.8
    endloop
  endfacet
  facet normal 0 0 1
    outer loop
      vertex 26.857945981213664 -23.643655858323545 6.8
      vertex 26.857945981213664 -20.356344141676455 6.8
      vertex 26.661731409782014 -20.65 6.8
    endloop
  endfacet
  facet normal 0 0 1
    outer loop
      vertex 28.301188578223194 -24.607999730980485 6.8
      vertex 28.64757928100586 -24.67690112570929 6.8
      vertex 28.475 -22.90932667397366 6.8
    endloop
  endfacet
  facet normal 0 0 1
    outer loop
      vertex 27.96675473261426 -24.494474737780475 6.8
      vertex 28.301188578223194 -24.607999730980485 6.8
      vertex 28.166978992694204 -22.639199500459156 6.8
    endloop
  endfacet
  facet normal 0 0 1
    outer loop
      vertex 28.64757928100586 -24.67690112570929 6.8
      vertex 29 -24.7 6.8
      vertex 28.862947498168946 -23.041017104442503 6.8
    endloop
  endfacet
  facet normal 0 0 1
    outer loop
      vertex 29 -24.7 6.8
      vertex 29.35242071899414 -24.67690112570929 6.8
      vertex 29.137052501831054 -23.041017104442503 6.8
    endloop
  endfacet
  facet normal 0 0 1
    outer loop
      vertex 28.64757928100586 -24.67690112570929 6.8
      vertex 28.862947498168946 -23.041017104442503 6.8
      vertex 28.72824000264235 -23.014222117603524 6.8
    endloop
  endfacet
  facet normal 0 0 1
    outer loop
      vertex 29 -24.7 6.8
      vertex 29 -23.05 6.8
      vertex 28.862947498168946 -23.041017104442503 6.8
    endloop
  endfacet
  facet normal 0 0 1
    outer loop
      vertex 29 -24.7 6.8
      vertex 29.137052501831054 -23.041017104442503 6.8
      vertex 29 -23.05 6.8
    endloop
  endfacet
  facet normal 0 0 1
    outer loop
      vertex 27.356344141676455 -24.142054018786336 6.8
      vertex 27.090811690796322 -20.090811690796322 6.8
      vertex 27.090811690796322 -23.909188309203678 6.8
    endloop
  endfacet
  facet normal 0 0 1
    outer loop
      vertex 27.356344141676455 -24.142054018786336 6.8
      vertex 27.65 -24.338268590217986 6.8
      vertex 27.356344141676455 -19.857945981213664 6.8
    endloop
  endfacet
  facet normal 0 0 1
    outer loop
      vertex 27.96675473261426 -24.494474737780475 6.8
      vertex 28.09067332602634 -22.525 6.8
      vertex 28.029926490863147 -22.401817603983343 6.8
    endloop
  endfacet
  facet normal 0 0 1
    outer loop
      vertex 27.96675473261426 -24.494474737780475 6.8
      vertex 28.166978992694204 -22.639199500459156 6.8
      vertex 28.09067332602634 -22.525 6.8
    endloop
  endfacet
  facet normal 0 0 1
    outer loop
      vertex 27.96675473261426 -24.494474737780475 6.8
      vertex 27.65 -19.661731409782014 6.8
      vertex 27.65 -24.338268590217986 6.8
    endloop
  endfacet
  facet normal 0 0 1
    outer loop
      vertex 27.96675473261426 -24.494474737780475 6.8
      vertex 27.985777882396476 -22.27175999735765 6.8
      vertex 27.958982895557497 -22.137052501831054 6.8
    endloop
  endfacet
  facet normal 0 0 1
    outer loop
      vertex 27.96675473261426 -24.494474737780475 6.8
      vertex 28.029926490863147 -22.401817603983343 6.8
      vertex 27.985777882396476 -22.27175999735765 6.8
    endloop
  endfacet
  facet normal 0 0 1
    outer loop
      vertex 27.96675473261426 -24.494474737780475 6.8
      vertex 27.958982895557497 -22.137052501831054 6.8
      vertex 27.95 -22 6.8
    endloop
  endfacet
  facet normal 0 0 1
    outer loop
      vertex 27.96675473261426 -24.494474737780475 6.8
      vertex 27.95 -22 6.8
      vertex 27.65 -19.661731409782014 6.8
    endloop
  endfacet
  facet normal 0 0 1
    outer loop
      vertex 28.301188578223194 -24.607999730980485 6.8
      vertex 28.475 -22.90932667397366 6.8
      vertex 28.360800499540844 -22.833021007305796 6.8
    endloop
  endfacet
  facet normal 0 0 1
    outer loop
      vertex 28.301188578223194 -24.607999730980485 6.8
      vertex 28.360800499540844 -22.833021007305796 6.8
      vertex 28.257537879754125 -22.742462120245875 6.8
    endloop
  endfacet
  facet normal 0 0 1
    outer loop
      vertex 28.301188578223194 -24.607999730980485 6.8
      vertex 28.257537879754125 -22.742462120245875 6.8
      vertex 28.166978992694204 -22.639199500459156 6.8
    endloop
  endfacet
  facet normal 0 0 1
    outer loop
      vertex 28.64757928100586 -24.67690112570929 6.8
      vertex 28.598182396016657 -22.970073509136853 6.8
      vertex 28.475 -22.90932667397366 6.8
    endloop
  endfacet
  facet normal 0 0 1
    outer loop
      vertex 28.64757928100586 -24.67690112570929 6.8
      vertex 28.72824000264235 -23.014222117603524 6.8
      vertex 28.598182396016657 -22.970073509136853 6.8
    endloop
  endfacet
  facet normal 0 0 1
    outer loop
      vertex 29.35242071899414 -24.67690112570929 6.8
      vertex 29.698811421776806 -24.607999730980485 6.8
      vertex 29.27175999735765 -23.014222117603524 6.8
    endloop
  endfacet
  facet normal 0 0 1
    outer loop
      vertex 29.137052501831054 -23.041017104442503 6.8
      vertex 29.35242071899414 -24.67690112570929 6.8
      vertex 29.27175999735765 -23.014222117603524 6.8
    endloop
  endfacet
  facet normal 0 0 1
    outer loop
      vertex 29.698811421776806 -24.607999730980485 6.8
      vertex 30.03324526738574 -24.494474737780475 6.8
      vertex 29.639199500459156 -22.833021007305796 6.8
    endloop
  endfacet
  facet normal 0 0 1
    outer loop
      vertex 30.03324526738574 -24.494474737780475 6.8
      vertex 30.35 -24.338268590217986 6.8
      vertex 30.014222117603524 -22.27175999735765 6.8
    endloop
  endfacet
  facet normal 0 0 1
    outer loop
      vertex 29.698811421776806 -24.607999730980485 6.8
      vertex 29.401817603983343 -22.970073509136853 6.8
      vertex 29.27175999735765 -23.014222117603524 6.8
    endloop
  endfacet
  facet normal 0 0 1
    outer loop
      vertex 29.698811421776806 -24.607999730980485 6.8
      vertex 29.525 -22.90932667397366 6.8
      vertex 29.401817603983343 -22.970073509136853 6.8
    endloop
  endfacet
  facet normal 0 0 1
    outer loop
      vertex 29.698811421776806 -24.607999730980485 6.8
      vertex 29.639199500459156 -22.833021007305796 6.8
      vertex 29.525 -22.90932667397366 6.8
    endloop
  endfacet
  facet normal 0 0 1
    outer loop
      vertex 30.03324526738574 -24.494474737780475 6.8
      vertex 29.742462120245875 -22.742462120245875 6.8
      vertex 29.639199500459156 -22.833021007305796 6.8
    endloop
  endfacet
  facet normal 0 0 1
    outer loop
      vertex 30.03324526738574 -24.494474737780475 6.8
      vertex 29.833021007305796 -22.639199500459156 6.8
      vertex 29.742462120245875 -22.742462120245875 6.8
    endloop
  endfacet
  facet normal 0 0 1
    outer loop
      vertex 30.03324526738574 -24.494474737780475 6.8
      vertex 29.90932667397366 -22.525 6.8
      vertex 29.833021007305796 -22.639199500459156 6.8
    endloop
  endfacet
  facet normal 0 0 1
    outer loop
      vertex 30.03324526738574 -24.494474737780475 6.8
      vertex 29.970073509136853 -22.401817603983343 6.8
      vertex 29.90932667397366 -22.525 6.8
    endloop
  endfacet
  facet normal 0 0 1
    outer loop
      vertex 30.03324526738574 -24.494474737780475 6.8
      vertex 30.014222117603524 -22.27175999735765 6.8
      vertex 29.970073509136853 -22.401817603983343 6.8
    endloop
  endfacet
  facet normal 0 0 1
    outer loop
      vertex 30.35 -24.338268590217986 6.8
      vertex 30.041017104442503 -22.137052501831054 6.8
      vertex 30.014222117603524 -22.27175999735765 6.8
    endloop
  endfacet
  facet normal 0 0 1
    outer loop
      vertex 30.35 -24.338268590217986 6.8
      vertex 30.05 -22 6.8
      vertex 30.041017104442503 -22.137052501831054 6.8
    endloop
  endfacet
  facet normal 0 0 1
    outer loop
      vertex 30.35 -24.338268590217986 6.8
      vertex 30.03324526738574 -19.505525262219525 6.8
      vertex 30.05 -22 6.8
    endloop
  endfacet
  facet normal 0 0 1
    outer loop
      vertex 30.35 -24.338268590217986 6.8
      vertex 30.643655858323545 -24.142054018786336 6.8
      vertex 30.35 -19.661731409782014 6.8
    endloop
  endfacet
  facet normal 0 0 1
    outer loop
      vertex 30.643655858323545 -24.142054018786336 6.8
      vertex 30.909188309203678 -23.909188309203678 6.8
      vertex 30.643655858323545 -19.857945981213664 6.8
    endloop
  endfacet
  facet normal 0 0 1
    outer loop
      vertex 30.909188309203678 -23.909188309203678 6.8
      vertex 31.142054018786336 -23.643655858323545 6.8
      vertex 30.909188309203678 -20.090811690796322 6.8
    endloop
  endfacet
  facet normal 0 0 1
    outer loop
      vertex 31.142054018786336 -23.643655858323545 6.8
      vertex 31.338268590217986 -23.35 6.8
      vertex 31.142054018786336 -20.356344141676455 6.8
    endloop
  endfacet
  facet normal 0 0 1
    outer loop
      vertex 31.338268590217986 -23.35 6.8
      vertex 31.494474737780475 -23.03324526738574 6.8
      vertex 31.338268590217986 -20.65 6.8
    endloop
  endfacet
  facet normal 0 0 1
    outer loop
      vertex 31.494474737780475 -23.03324526738574 6.8
      vertex 31.607999730980485 -22.698811421776806 6.8
      vertex 31.494474737780475 -20.96675473261426 6.8
    endloop
  endfacet
  facet normal 0 0 1
    outer loop
      vertex 31.607999730980485 -22.698811421776806 6.8
      vertex 31.67690112570929 -22.35242071899414 6.8
      vertex 31.607999730980485 -21.301188578223194 6.8
    endloop
  endfacet
  facet normal 0 0 1
    outer loop
      vertex 31.67690112570929 -22.35242071899414 6.8
      vertex 31.7 -22 6.8
      vertex 31.67690112570929 -21.64757928100586 6.8
    endloop
  endfacet
  facet normal 0 0 1
    outer loop
      vertex 31.67690112570929 -22.35242071899414 6.8
      vertex 31.67690112570929 -21.64757928100586 6.8
      vertex 31.607999730980485 -21.301188578223194 6.8
    endloop
  endfacet
  facet normal 0 0 1
    outer loop
      vertex 26.857945981213664 -20.356344141676455 6.8
      vertex 27.090811690796322 -23.909188309203678 6.8
      vertex 27.090811690796322 -20.090811690796322 6.8
    endloop
  endfacet
  facet normal 0 0 1
    outer loop
      vertex 27.356344141676455 -24.142054018786336 6.8
      vertex 27.356344141676455 -19.857945981213664 6.8
      vertex 27.090811690796322 -20.090811690796322 6.8
    endloop
  endfacet
  facet normal 0 0 1
    outer loop
      vertex 27.65 -24.338268590217986 6.8
      vertex 27.65 -19.661731409782014 6.8
      vertex 27.356344141676455 -19.857945981213664 6.8
    endloop
  endfacet
  facet normal 0 0 1
    outer loop
      vertex 27.95 -22 6.8
      vertex 27.958982895557497 -21.862947498168946 6.8
      vertex 27.65 -19.661731409782014 6.8
    endloop
  endfacet
  facet normal 0 0 1
    outer loop
      vertex 27.958982895557497 -21.862947498168946 6.8
      vertex 27.985777882396476 -21.72824000264235 6.8
      vertex 27.65 -19.661731409782014 6.8
    endloop
  endfacet
  facet normal 0 0 1
    outer loop
      vertex 27.985777882396476 -21.72824000264235 6.8
      vertex 28.029926490863147 -21.598182396016657 6.8
      vertex 27.96675473261426 -19.505525262219525 6.8
    endloop
  endfacet
  facet normal 0 0 1
    outer loop
      vertex 28.029926490863147 -21.598182396016657 6.8
      vertex 28.09067332602634 -21.475 6.8
      vertex 27.96675473261426 -19.505525262219525 6.8
    endloop
  endfacet
  facet normal 0 0 1
    outer loop
      vertex 28.09067332602634 -21.475 6.8
      vertex 28.166978992694204 -21.360800499540844 6.8
      vertex 27.96675473261426 -19.505525262219525 6.8
    endloop
  endfacet
  facet normal 0 0 1
    outer loop
      vertex 27.985777882396476 -21.72824000264235 6.8
      vertex 27.96675473261426 -19.505525262219525 6.8
      vertex 27.65 -19.661731409782014 6.8
    endloop
  endfacet
  facet normal 0 0 1
    outer loop
      vertex 28.166978992694204 -21.360800499540844 6.8
      vertex 28.257537879754125 -21.257537879754125 6.8
      vertex 27.96675473261426 -19.505525262219525 6.8
    endloop
  endfacet
  facet normal 0 0 1
    outer loop
      vertex 28.257537879754125 -21.257537879754125 6.8
      vertex 28.360800499540844 -21.166978992694204 6.8
      vertex 27.96675473261426 -19.505525262219525 6.8
    endloop
  endfacet
  facet normal 0 0 1
    outer loop
      vertex 28.360800499540844 -21.166978992694204 6.8
      vertex 28.475 -21.09067332602634 6.8
      vertex 28.301188578223194 -19.392000269019515 6.8
    endloop
  endfacet
  facet normal 0 0 1
    outer loop
      vertex 28.475 -21.09067332602634 6.8
      vertex 28.598182396016657 -21.029926490863147 6.8
      vertex 28.301188578223194 -19.392000269019515 6.8
    endloop
  endfacet
  facet normal 0 0 1
    outer loop
      vertex 28.598182396016657 -21.029926490863147 6.8
      vertex 28.72824000264235 -20.985777882396476 6.8
      vertex 28.301188578223194 -19.392000269019515 6.8
    endloop
  endfacet
  facet normal 0 0 1
    outer loop
      vertex 28.360800499540844 -21.166978992694204 6.8
      vertex 28.301188578223194 -19.392000269019515 6.8
      vertex 27.96675473261426 -19.505525262219525 6.8
    endloop
  endfacet
  facet normal 0 0 1
    outer loop
      vertex 28.72824000264235 -20.985777882396476 6.8
      vertex 28.862947498168946 -20.958982895557497 6.8
      vertex 28.64757928100586 -19.32309887429071 6.8
    endloop
  endfacet
  facet normal 0 0 1
    outer loop
      vertex 28.862947498168946 -20.958982895557497 6.8
      vertex 29 -20.95 6.8
      vertex 29 -19.3 6.8
    endloop
  endfacet
  facet normal 0 0 1
    outer loop
      vertex 29 -20.95 6.8
      vertex 29.137052501831054 -20.958982895557497 6.8
      vertex 29 -19.3 6.8
    endloop
  endfacet
  facet normal 0 0 1
    outer loop
      vertex 28.72824000264235 -20.985777882396476 6.8
      vertex 28.64757928100586 -19.32309887429071 6.8
      vertex 28.301188578223194 -19.392000269019515 6.8
    endloop
  endfacet
  facet normal 0 0 1
    outer loop
      vertex 28.862947498168946 -20.958982895557497 6.8
      vertex 29 -19.3 6.8
      vertex 28.64757928100586 -19.32309887429071 6.8
    endloop
  endfacet
  facet normal 0 0 1
    outer loop
      vertex 29.137052501831054 -20.958982895557497 6.8
      vertex 29.35242071899414 -19.32309887429071 6.8
      vertex 29 -19.3 6.8
    endloop
  endfacet
  facet normal 0 0 1
    outer loop
      vertex 30.05 -22 6.8
      vertex 30.03324526738574 -19.505525262219525 6.8
      vertex 30.041017104442503 -21.862947498168946 6.8
    endloop
  endfacet
  facet normal 0 0 1
    outer loop
      vertex 30.041017104442503 -21.862947498168946 6.8
      vertex 30.03324526738574 -19.505525262219525 6.8
      vertex 30.014222117603524 -21.72824000264235 6.8
    endloop
  endfacet
  facet normal 0 0 1
    outer loop
      vertex 30.014222117603524 -21.72824000264235 6.8
      vertex 30.03324526738574 -19.505525262219525 6.8
      vertex 29.970073509136853 -21.598182396016657 6.8
    endloop
  endfacet
  facet normal 0 0 1
    outer loop
      vertex 29.970073509136853 -21.598182396016657 6.8
      vertex 30.03324526738574 -19.505525262219525 6.8
      vertex 29.90932667397366 -21.475 6.8
    endloop
  endfacet
  facet normal 0 0 1
    outer loop
      vertex 30.35 -24.338268590217986 6.8
      vertex 30.35 -19.661731409782014 6.8
      vertex 30.03324526738574 -19.505525262219525 6.8
    endloop
  endfacet
  facet normal 0 0 1
    outer loop
      vertex 29.137052501831054 -20.958982895557497 6.8
      vertex 29.27175999735765 -20.985777882396476 6.8
      vertex 29.35242071899414 -19.32309887429071 6.8
    endloop
  endfacet
  facet normal 0 0 1
    outer loop
      vertex 29.27175999735765 -20.985777882396476 6.8
      vertex 29.401817603983343 -21.029926490863147 6.8
      vertex 29.35242071899414 -19.32309887429071 6.8
    endloop
  endfacet
  facet normal 0 0 1
    outer loop
      vertex 29.525 -21.09067332602634 6.8
      vertex 29.35242071899414 -19.32309887429071 6.8
      vertex 29.401817603983343 -21.029926490863147 6.8
    endloop
  endfacet
  facet normal 0 0 1
    outer loop
      vertex 29.742462120245875 -21.257537879754125 6.8
      vertex 29.833021007305796 -21.360800499540844 6.8
      vertex 29.698811421776806 -19.392000269019515 6.8
    endloop
  endfacet
  facet normal 0 0 1
    outer loop
      vertex 29.525 -21.09067332602634 6.8
      vertex 29.639199500459156 -21.166978992694204 6.8
      vertex 29.698811421776806 -19.392000269019515 6.8
    endloop
  endfacet
  facet normal 0 0 1
    outer loop
      vertex 29.639199500459156 -21.166978992694204 6.8
      vertex 29.742462120245875 -21.257537879754125 6.8
      vertex 29.698811421776806 -19.392000269019515 6.8
    endloop
  endfacet
  facet normal 0 0 1
    outer loop
      vertex 29.90932667397366 -21.475 6.8
      vertex 30.03324526738574 -19.505525262219525 6.8
      vertex 29.833021007305796 -21.360800499540844 6.8
    endloop
  endfacet
  facet normal 0 0 1
    outer loop
      vertex 29.833021007305796 -21.360800499540844 6.8
      vertex 30.03324526738574 -19.505525262219525 6.8
      vertex 29.698811421776806 -19.392000269019515 6.8
    endloop
  endfacet
  facet normal 0 0 1
    outer loop
      vertex 30.643655858323545 -24.142054018786336 6.8
      vertex 30.643655858323545 -19.857945981213664 6.8
      vertex 30.35 -19.661731409782014 6.8
    endloop
  endfacet
  facet normal 0 0 1
    outer loop
      vertex 30.909188309203678 -23.909188309203678 6.8
      vertex 30.909188309203678 -20.090811690796322 6.8
      vertex 30.643655858323545 -19.857945981213664 6.8
    endloop
  endfacet
  facet normal 0 0 1
    outer loop
      vertex 31.142054018786336 -23.643655858323545 6.8
      vertex 31.142054018786336 -20.356344141676455 6.8
      vertex 30.909188309203678 -20.090811690796322 6.8
    endloop
  endfacet
  facet normal 0 0 1
    outer loop
      vertex 31.494474737780475 -23.03324526738574 6.8
      vertex 31.494474737780475 -20.96675473261426 6.8
      vertex 31.338268590217986 -20.65 6.8
    endloop
  endfacet
  facet normal 0 0 1
    outer loop
      vertex 31.338268590217986 -23.35 6.8
      vertex 31.338268590217986 -20.65 6.8
      vertex 31.142054018786336 -20.356344141676455 6.8
    endloop
  endfacet
  facet normal 0 0 1
    outer loop
      vertex 29.525 -21.09067332602634 6.8
      vertex 29.698811421776806 -19.392000269019515 6.8
      vertex 29.35242071899414 -19.32309887429071 6.8
    endloop
  endfacet
  facet normal 0 0 1
    outer loop
      vertex 31.607999730980485 -22.698811421776806 6.8
      vertex 31.607999730980485 -21.301188578223194 6.8
      vertex 31.494474737780475 -20.96675473261426 6.8
    endloop
  endfacet
  facet normal -0.7518398074789769 -0.6593458151000695 0
    outer loop
      vertex 26.857945981213664 20.356344141676455 1.8
      vertex 27.090811690796322 20.090811690796322 1.8
      vertex 26.857945981213664 20.356344141676455 6.8
    endloop
  endfacet
  facet normal -0.8314696123025423 -0.5555702330196066 2.4839729007967985e-19
    outer loop
      vertex 26.857945981213664 20.356344141676455 1.8
      vertex 26.661731409782014 20.65 6.8
      vertex 26.661731409782014 20.65 1.8
    endloop
  endfacet
  facet normal -0.9469301294951059 -0.3214394653031609 0
    outer loop
      vertex 26.392000269019515 21.301188578223194 1.8
      vertex 26.505525262219525 20.96675473261426 1.8
      vertex 26.392000269019515 21.301188578223194 6.8
    endloop
  endfacet
  facet normal -0.98078528040323 -0.1950903220161305 -6.500154237998315e-19
    outer loop
      vertex 26.392000269019515 21.301188578223194 1.8
      vertex 26.32309887429071 21.64757928100586 6.8
      vertex 26.32309887429071 21.64757928100586 1.8
    endloop
  endfacet
  facet normal -0.8968727415326903 -0.4422886902189971 -2.271891700440025e-19
    outer loop
      vertex 26.661731409782014 20.65 1.8
      vertex 26.505525262219525 20.96675473261426 6.8
      vertex 26.505525262219525 20.96675473261426 1.8
    endloop
  endfacet
  facet normal -0.8968727415326903 -0.4422886902189971 0
    outer loop
      vertex 26.661731409782014 20.65 1.8
      vertex 26.661731409782014 20.65 6.8
      vertex 26.505525262219525 20.96675473261426 6.8
    endloop
  endfacet
  facet normal -0.8314696123025423 -0.5555702330196066 0
    outer loop
      vertex 26.857945981213664 20.356344141676455 1.8
      vertex 26.857945981213664 20.356344141676455 6.8
      vertex 26.661731409782014 20.65 6.8
    endloop
  endfacet
  facet normal -0.98078528040323 -0.1950903220161305 0
    outer loop
      vertex 26.392000269019515 21.301188578223194 1.8
      vertex 26.392000269019515 21.301188578223194 6.8
      vertex 26.32309887429071 21.64757928100586 6.8
    endloop
  endfacet
  facet normal -0.9469301294951059 -0.3214394653031609 0
    outer loop
      vertex 26.505525262219525 20.96675473261426 1.8
      vertex 26.505525262219525 20.96675473261426 6.8
      vertex 26.392000269019515 21.301188578223194 6.8
    endloop
  endfacet
  facet normal -0.9978589232386039 -0.06540312923013807 -5.7293122793758e-20
    outer loop
      vertex 26.32309887429071 21.64757928100586 1.8
      vertex 26.3 22 6.8
      vertex 26.3 22 1.8
    endloop
  endfacet
  facet normal -0.9978589232386039 0.06540312923013807 5.7293122793758e-20
    outer loop
      vertex 26.3 22 1.8
      vertex 26.32309887429071 22.35242071899414 6.8
      vertex 26.32309887429071 22.35242071899414 1.8
    endloop
  endfacet
  facet normal -0.98078528040323 0.1950903220161305 6.500154237998315e-19
    outer loop
      vertex 26.32309887429071 22.35242071899414 1.8
      vertex 26.392000269019515 22.698811421776806 6.8
      vertex 26.392000269019515 22.698811421776806 1.8
    endloop
  endfacet
  facet normal -0.9469301294951059 0.3214394653031609 -6.474059044335274e-19
    outer loop
      vertex 26.392000269019515 22.698811421776806 1.8
      vertex 26.505525262219525 23.03324526738574 6.8
      vertex 26.505525262219525 23.03324526738574 1.8
    endloop
  endfacet
  facet normal -0.8968727415326903 0.4422886902189971 2.271891700440025e-19
    outer loop
      vertex 26.505525262219525 23.03324526738574 1.8
      vertex 26.661731409782014 23.35 6.8
      vertex 26.661731409782014 23.35 1.8
    endloop
  endfacet
  facet normal -0.8314696123025423 0.5555702330196066 -2.4839729007967985e-19
    outer loop
      vertex 26.661731409782014 23.35 1.8
      vertex 26.857945981213664 23.643655858323545 6.8
      vertex 26.857945981213664 23.643655858323545 1.8
    endloop
  endfacet
  facet normal -0.9978589232386039 -0.06540312923013807 0
    outer loop
      vertex 26.32309887429071 21.64757928100586 1.8
      vertex 26.32309887429071 21.64757928100586 6.8
      vertex 26.3 22 6.8
    endloop
  endfacet
  facet normal -0.9978589232386039 0.06540312923013807 0
    outer loop
      vertex 26.3 22 1.8
      vertex 26.3 22 6.8
      vertex 26.32309887429071 22.35242071899414 6.8
    endloop
  endfacet
  facet normal -0.98078528040323 0.1950903220161305 0
    outer loop
      vertex 26.32309887429071 22.35242071899414 1.8
      vertex 26.32309887429071 22.35242071899414 6.8
      vertex 26.392000269019515 22.698811421776806 6.8
    endloop
  endfacet
  facet normal -0.9469301294951059 0.3214394653031609 0
    outer loop
      vertex 26.392000269019515 22.698811421776806 1.8
      vertex 26.392000269019515 22.698811421776806 6.8
      vertex 26.505525262219525 23.03324526738574 6.8
    endloop
  endfacet
  facet normal -0.8968727415326903 0.4422886902189971 0
    outer loop
      vertex 26.505525262219525 23.03324526738574 1.8
      vertex 26.505525262219525 23.03324526738574 6.8
      vertex 26.661731409782014 23.35 6.8
    endloop
  endfacet
  facet normal -0.8314696123025423 0.5555702330196066 0
    outer loop
      vertex 26.661731409782014 23.35 1.8
      vertex 26.661731409782014 23.35 6.8
      vertex 26.857945981213664 23.643655858323545 6.8
    endloop
  endfacet
  facet normal -0.7518398074789769 0.6593458151000695 0
    outer loop
      vertex 26.857945981213664 23.643655858323545 1.8
      vertex 26.857945981213664 23.643655858323545 6.8
      vertex 27.090811690796322 23.909188309203678 6.8
    endloop
  endfacet
  facet normal -0.6593458151000695 -0.7518398074789769 0
    outer loop
      vertex 27.356344141676455 19.857945981213664 1.8
      vertex 27.356344141676455 19.857945981213664 6.8
      vertex 27.090811690796322 20.090811690796322 1.8
    endloop
  endfacet
  facet normal -0.5555702330196066 -0.8314696123025423 2.4839729007967985e-19
    outer loop
      vertex 27.356344141676455 19.857945981213664 1.8
      vertex 27.65 19.661731409782014 1.8
      vertex 27.65 19.661731409782014 6.8
    endloop
  endfacet
  facet normal -0.4422886902189971 -0.8968727415326903 -2.271891700440025e-19
    outer loop
      vertex 27.65 19.661731409782014 1.8
      vertex 27.96675473261426 19.505525262219525 1.8
      vertex 27.96675473261426 19.505525262219525 6.8
    endloop
  endfacet
  facet normal -0.3214394653031609 -0.9469301294951059 6.474059044335274e-19
    outer loop
      vertex 27.96675473261426 19.505525262219525 1.8
      vertex 28.301188578223194 19.392000269019515 1.8
      vertex 28.301188578223194 19.392000269019515 6.8
    endloop
  endfacet
  facet normal -0.1950903220161305 -0.98078528040323 -6.500154237998315e-19
    outer loop
      vertex 28.301188578223194 19.392000269019515 1.8
      vertex 28.64757928100586 19.32309887429071 1.8
      vertex 28.64757928100586 19.32309887429071 6.8
    endloop
  endfacet
  facet normal -0.06540312923013807 -0.9978589232386039 -5.7293122793758e-20
    outer loop
      vertex 28.64757928100586 19.32309887429071 1.8
      vertex 29 19.3 1.8
      vertex 29 19.3 6.8
    endloop
  endfacet
  facet normal 0.06540312923013807 -0.9978589232386039 5.7293122793758e-20
    outer loop
      vertex 29 19.3 1.8
      vertex 29.35242071899414 19.32309887429071 1.8
      vertex 29.35242071899414 19.32309887429071 6.8
    endloop
  endfacet
  facet normal 0.1950903220161305 -0.98078528040323 6.500154237998315e-19
    outer loop
      vertex 29.35242071899414 19.32309887429071 1.8
      vertex 29.698811421776806 19.392000269019515 1.8
      vertex 29.698811421776806 19.392000269019515 6.8
    endloop
  endfacet
  facet normal 0.3214394653031609 -0.9469301294951059 -6.474059044335274e-19
    outer loop
      vertex 29.698811421776806 19.392000269019515 1.8
      vertex 30.03324526738574 19.505525262219525 1.8
      vertex 30.03324526738574 19.505525262219525 6.8
    endloop
  endfacet
  facet normal 0.4422886902189971 -0.8968727415326903 2.271891700440025e-19
    outer loop
      vertex 30.03324526738574 19.505525262219525 1.8
      vertex 30.35 19.661731409782014 1.8
      vertex 30.35 19.661731409782014 6.8
    endloop
  endfacet
  facet normal 0.5555702330196066 -0.8314696123025423 -2.4839729007967985e-19
    outer loop
      vertex 30.35 19.661731409782014 1.8
      vertex 30.643655858323545 19.857945981213664 1.8
      vertex 30.643655858323545 19.857945981213664 6.8
    endloop
  endfacet
  facet normal 0.6593458151000695 -0.7518398074789769 1.0195280053463926e-18
    outer loop
      vertex 30.643655858323545 19.857945981213664 1.8
      vertex 30.909188309203678 20.090811690796322 1.8
      vertex 30.909188309203678 20.090811690796322 6.8
    endloop
  endfacet
  facet normal 0.7518398074789769 -0.6593458151000695 0
    outer loop
      vertex 30.909188309203678 20.090811690796322 1.8
      vertex 31.142054018786336 20.356344141676455 1.8
      vertex 30.909188309203678 20.090811690796322 6.8
    endloop
  endfacet
  facet normal 0.8314696123025423 -0.5555702330196066 0
    outer loop
      vertex 31.142054018786336 20.356344141676455 1.8
      vertex 31.338268590217986 20.65 1.8
      vertex 31.142054018786336 20.356344141676455 6.8
    endloop
  endfacet
  facet normal 0.8968727415326903 -0.4422886902189971 0
    outer loop
      vertex 31.338268590217986 20.65 1.8
      vertex 31.494474737780475 20.96675473261426 1.8
      vertex 31.338268590217986 20.65 6.8
    endloop
  endfacet
  facet normal 0.9469301294951059 -0.3214394653031609 0
    outer loop
      vertex 31.494474737780475 20.96675473261426 1.8
      vertex 31.607999730980485 21.301188578223194 1.8
      vertex 31.494474737780475 20.96675473261426 6.8
    endloop
  endfacet
  facet normal 0.98078528040323 -0.1950903220161305 0
    outer loop
      vertex 31.607999730980485 21.301188578223194 1.8
      vertex 31.67690112570929 21.64757928100586 1.8
      vertex 31.607999730980485 21.301188578223194 6.8
    endloop
  endfacet
  facet normal -0.5555702330196066 -0.8314696123025423 0
    outer loop
      vertex 27.356344141676455 19.857945981213664 1.8
      vertex 27.65 19.661731409782014 6.8
      vertex 27.356344141676455 19.857945981213664 6.8
    endloop
  endfacet
  facet normal -0.3214394653031609 -0.9469301294951059 0
    outer loop
      vertex 27.96675473261426 19.505525262219525 1.8
      vertex 28.301188578223194 19.392000269019515 6.8
      vertex 27.96675473261426 19.505525262219525 6.8
    endloop
  endfacet
  facet normal -0.4422886902189971 -0.8968727415326903 0
    outer loop
      vertex 27.65 19.661731409782014 1.8
      vertex 27.96675473261426 19.505525262219525 6.8
      vertex 27.65 19.661731409782014 6.8
    endloop
  endfacet
  facet normal -0.1950903220161305 -0.98078528040323 0
    outer loop
      vertex 28.301188578223194 19.392000269019515 1.8
      vertex 28.64757928100586 19.32309887429071 6.8
      vertex 28.301188578223194 19.392000269019515 6.8
    endloop
  endfacet
  facet normal -0.06540312923013807 -0.9978589232386039 0
    outer loop
      vertex 28.64757928100586 19.32309887429071 1.8
      vertex 29 19.3 6.8
      vertex 28.64757928100586 19.32309887429071 6.8
    endloop
  endfacet
  facet normal 0.06540312923013807 -0.9978589232386039 0
    outer loop
      vertex 29 19.3 1.8
      vertex 29.35242071899414 19.32309887429071 6.8
      vertex 29 19.3 6.8
    endloop
  endfacet
  facet normal -0.6593458151000695 -0.7518398074789769 0
    outer loop
      vertex 27.090811690796322 20.090811690796322 1.8
      vertex 27.356344141676455 19.857945981213664 6.8
      vertex 27.090811690796322 20.090811690796322 6.8
    endloop
  endfacet
  facet normal -0.7518398074789769 -0.6593458151000695 0
    outer loop
      vertex 27.090811690796322 20.090811690796322 1.8
      vertex 27.090811690796322 20.090811690796322 6.8
      vertex 26.857945981213664 20.356344141676455 6.8
    endloop
  endfacet
  facet normal 0.1950903220161305 -0.98078528040323 0
    outer loop
      vertex 29.35242071899414 19.32309887429071 1.8
      vertex 29.698811421776806 19.392000269019515 6.8
      vertex 29.35242071899414 19.32309887429071 6.8
    endloop
  endfacet
  facet normal 0.3214394653031609 -0.9469301294951059 0
    outer loop
      vertex 29.698811421776806 19.392000269019515 1.8
      vertex 30.03324526738574 19.505525262219525 6.8
      vertex 29.698811421776806 19.392000269019515 6.8
    endloop
  endfacet
  facet normal 0.4422886902189971 -0.8968727415326903 0
    outer loop
      vertex 30.03324526738574 19.505525262219525 1.8
      vertex 30.35 19.661731409782014 6.8
      vertex 30.03324526738574 19.505525262219525 6.8
    endloop
  endfacet
  facet normal 0.5555702330196066 -0.8314696123025423 0
    outer loop
      vertex 30.35 19.661731409782014 1.8
      vertex 30.643655858323545 19.857945981213664 6.8
      vertex 30.35 19.661731409782014 6.8
    endloop
  endfacet
  facet normal 0.6593458151000695 -0.7518398074789769 0
    outer loop
      vertex 30.643655858323545 19.857945981213664 1.8
      vertex 30.909188309203678 20.090811690796322 6.8
      vertex 30.643655858323545 19.857945981213664 6.8
    endloop
  endfacet
  facet normal 0.7518398074789769 -0.6593458151000695 0
    outer loop
      vertex 31.142054018786336 20.356344141676455 1.8
      vertex 31.142054018786336 20.356344141676455 6.8
      vertex 30.909188309203678 20.090811690796322 6.8
    endloop
  endfacet
  facet normal 0.8314696123025423 -0.5555702330196066 0
    outer loop
      vertex 31.338268590217986 20.65 1.8
      vertex 31.338268590217986 20.65 6.8
      vertex 31.142054018786336 20.356344141676455 6.8
    endloop
  endfacet
  facet normal 0.8968727415326903 -0.4422886902189971 0
    outer loop
      vertex 31.494474737780475 20.96675473261426 1.8
      vertex 31.494474737780475 20.96675473261426 6.8
      vertex 31.338268590217986 20.65 6.8
    endloop
  endfacet
  facet normal 0.9469301294951059 -0.3214394653031609 0
    outer loop
      vertex 31.607999730980485 21.301188578223194 1.8
      vertex 31.607999730980485 21.301188578223194 6.8
      vertex 31.494474737780475 20.96675473261426 6.8
    endloop
  endfacet
  facet normal 0.98078528040323 -0.1950903220161305 0
    outer loop
      vertex 31.67690112570929 21.64757928100586 1.8
      vertex 31.67690112570929 21.64757928100586 6.8
      vertex 31.607999730980485 21.301188578223194 6.8
    endloop
  endfacet
  facet normal -0.7518398074789769 0.6593458151000695 1.0195280053463926e-18
    outer loop
      vertex 26.857945981213664 23.643655858323545 1.8
      vertex 27.090811690796322 23.909188309203678 6.8
      vertex 27.090811690796322 23.909188309203678 1.8
    endloop
  endfacet
  facet normal -0.6593458151000695 0.7518398074789769 0
    outer loop
      vertex 27.090811690796322 23.909188309203678 1.8
      vertex 27.090811690796322 23.909188309203678 6.8
      vertex 27.356344141676455 24.142054018786336 1.8
    endloop
  endfacet
  facet normal -0.5555702330196066 0.8314696123025423 0
    outer loop
      vertex 27.356344141676455 24.142054018786336 1.8
      vertex 27.356344141676455 24.142054018786336 6.8
      vertex 27.65 24.338268590217986 1.8
    endloop
  endfacet
  facet normal -0.4422886902189971 0.8968727415326903 0
    outer loop
      vertex 27.65 24.338268590217986 1.8
      vertex 27.65 24.338268590217986 6.8
      vertex 27.96675473261426 24.494474737780475 1.8
    endloop
  endfacet
  facet normal -0.3214394653031609 0.9469301294951059 0
    outer loop
      vertex 27.96675473261426 24.494474737780475 1.8
      vertex 27.96675473261426 24.494474737780475 6.8
      vertex 28.301188578223194 24.607999730980485 1.8
    endloop
  endfacet
  facet normal -0.1950903220161305 0.98078528040323 0
    outer loop
      vertex 28.301188578223194 24.607999730980485 1.8
      vertex 28.301188578223194 24.607999730980485 6.8
      vertex 28.64757928100586 24.67690112570929 1.8
    endloop
  endfacet
  facet normal -0.06540312923013807 0.9978589232386039 0
    outer loop
      vertex 28.64757928100586 24.67690112570929 1.8
      vertex 28.64757928100586 24.67690112570929 6.8
      vertex 29 24.7 1.8
    endloop
  endfacet
  facet normal 0.06540312923013807 0.9978589232386039 0
    outer loop
      vertex 29 24.7 1.8
      vertex 29 24.7 6.8
      vertex 29.35242071899414 24.67690112570929 1.8
    endloop
  endfacet
  facet normal 0.8968727415326903 0.4422886902189971 0
    outer loop
      vertex 31.494474737780475 23.03324526738574 1.8
      vertex 31.338268590217986 23.35 1.8
      vertex 31.494474737780475 23.03324526738574 6.8
    endloop
  endfacet
  facet normal 0.8314696123025423 0.5555702330196066 0
    outer loop
      vertex 31.338268590217986 23.35 1.8
      vertex 31.142054018786336 23.643655858323545 1.8
      vertex 31.338268590217986 23.35 6.8
    endloop
  endfacet
  facet normal 0.4422886902189971 0.8968727415326903 -2.271891700440025e-19
    outer loop
      vertex 30.35 24.338268590217986 1.8
      vertex 30.03324526738574 24.494474737780475 1.8
      vertex 30.03324526738574 24.494474737780475 6.8
    endloop
  endfacet
  facet normal 0.1950903220161305 0.98078528040323 0
    outer loop
      vertex 29.35242071899414 24.67690112570929 1.8
      vertex 29.35242071899414 24.67690112570929 6.8
      vertex 29.698811421776806 24.607999730980485 1.8
    endloop
  endfacet
  facet normal 0.3214394653031609 0.9469301294951059 0
    outer loop
      vertex 29.698811421776806 24.607999730980485 1.8
      vertex 29.698811421776806 24.607999730980485 6.8
      vertex 30.03324526738574 24.494474737780475 1.8
    endloop
  endfacet
  facet normal 0.5555702330196066 0.8314696123025423 0
    outer loop
      vertex 30.35 24.338268590217986 1.8
      vertex 30.35 24.338268590217986 6.8
      vertex 30.643655858323545 24.142054018786336 1.8
    endloop
  endfacet
  facet normal 0.6593458151000695 0.7518398074789769 -1.0195280053463926e-18
    outer loop
      vertex 30.909188309203678 23.909188309203678 1.8
      vertex 30.643655858323545 24.142054018786336 1.8
      vertex 30.643655858323545 24.142054018786336 6.8
    endloop
  endfacet
  facet normal 0.7518398074789769 0.6593458151000695 -1.0195280053463926e-18
    outer loop
      vertex 30.909188309203678 23.909188309203678 1.8
      vertex 31.142054018786336 23.643655858323545 6.8
      vertex 31.142054018786336 23.643655858323545 1.8
    endloop
  endfacet
  facet normal 0.9978589232386039 -0.06540312923013807 0
    outer loop
      vertex 31.67690112570929 21.64757928100586 1.8
      vertex 31.7 22 1.8
      vertex 31.67690112570929 21.64757928100586 6.8
    endloop
  endfacet
  facet normal 0.9978589232386039 0.06540312923013807 0
    outer loop
      vertex 31.7 22 1.8
      vertex 31.67690112570929 22.35242071899414 1.8
      vertex 31.7 22 6.8
    endloop
  endfacet
  facet normal 0.98078528040323 0.1950903220161305 0
    outer loop
      vertex 31.67690112570929 22.35242071899414 1.8
      vertex 31.607999730980485 22.698811421776806 1.8
      vertex 31.67690112570929 22.35242071899414 6.8
    endloop
  endfacet
  facet normal 0.9469301294951059 0.3214394653031609 6.474059044335274e-19
    outer loop
      vertex 31.494474737780475 23.03324526738574 1.8
      vertex 31.607999730980485 22.698811421776806 6.8
      vertex 31.607999730980485 22.698811421776806 1.8
    endloop
  endfacet
  facet normal -0.6593458151000695 0.7518398074789769 0
    outer loop
      vertex 27.356344141676455 24.142054018786336 1.8
      vertex 27.090811690796322 23.909188309203678 6.8
      vertex 27.356344141676455 24.142054018786336 6.8
    endloop
  endfacet
  facet normal -0.5555702330196066 0.8314696123025423 0
    outer loop
      vertex 27.65 24.338268590217986 1.8
      vertex 27.356344141676455 24.142054018786336 6.8
      vertex 27.65 24.338268590217986 6.8
    endloop
  endfacet
  facet normal -0.4422886902189971 0.8968727415326903 0
    outer loop
      vertex 27.96675473261426 24.494474737780475 1.8
      vertex 27.65 24.338268590217986 6.8
      vertex 27.96675473261426 24.494474737780475 6.8
    endloop
  endfacet
  facet normal -0.3214394653031609 0.9469301294951059 0
    outer loop
      vertex 28.301188578223194 24.607999730980485 1.8
      vertex 27.96675473261426 24.494474737780475 6.8
      vertex 28.301188578223194 24.607999730980485 6.8
    endloop
  endfacet
  facet normal -0.1950903220161305 0.98078528040323 0
    outer loop
      vertex 28.64757928100586 24.67690112570929 1.8
      vertex 28.301188578223194 24.607999730980485 6.8
      vertex 28.64757928100586 24.67690112570929 6.8
    endloop
  endfacet
  facet normal -0.06540312923013807 0.9978589232386039 0
    outer loop
      vertex 29 24.7 1.8
      vertex 28.64757928100586 24.67690112570929 6.8
      vertex 29 24.7 6.8
    endloop
  endfacet
  facet normal 0.06540312923013807 0.9978589232386039 0
    outer loop
      vertex 29.35242071899414 24.67690112570929 1.8
      vertex 29 24.7 6.8
      vertex 29.35242071899414 24.67690112570929 6.8
    endloop
  endfacet
  facet normal 0.8314696123025423 0.5555702330196066 0
    outer loop
      vertex 31.142054018786336 23.643655858323545 1.8
      vertex 31.142054018786336 23.643655858323545 6.8
      vertex 31.338268590217986 23.35 6.8
    endloop
  endfacet
  facet normal 0.8968727415326903 0.4422886902189971 0
    outer loop
      vertex 31.338268590217986 23.35 1.8
      vertex 31.338268590217986 23.35 6.8
      vertex 31.494474737780475 23.03324526738574 6.8
    endloop
  endfacet
  facet normal 0.4422886902189971 0.8968727415326903 0
    outer loop
      vertex 30.35 24.338268590217986 1.8
      vertex 30.03324526738574 24.494474737780475 6.8
      vertex 30.35 24.338268590217986 6.8
    endloop
  endfacet
  facet normal 0.1950903220161305 0.98078528040323 0
    outer loop
      vertex 29.698811421776806 24.607999730980485 1.8
      vertex 29.35242071899414 24.67690112570929 6.8
      vertex 29.698811421776806 24.607999730980485 6.8
    endloop
  endfacet
  facet normal 0.3214394653031609 0.9469301294951059 0
    outer loop
      vertex 30.03324526738574 24.494474737780475 1.8
      vertex 29.698811421776806 24.607999730980485 6.8
      vertex 30.03324526738574 24.494474737780475 6.8
    endloop
  endfacet
  facet normal 0.6593458151000695 0.7518398074789769 0
    outer loop
      vertex 30.909188309203678 23.909188309203678 1.8
      vertex 30.643655858323545 24.142054018786336 6.8
      vertex 30.909188309203678 23.909188309203678 6.8
    endloop
  endfacet
  facet normal 0.5555702330196066 0.8314696123025423 0
    outer loop
      vertex 30.643655858323545 24.142054018786336 1.8
      vertex 30.35 24.338268590217986 6.8
      vertex 30.643655858323545 24.142054018786336 6.8
    endloop
  endfacet
  facet normal 0.7518398074789769 0.6593458151000695 0
    outer loop
      vertex 30.909188309203678 23.909188309203678 1.8
      vertex 30.909188309203678 23.909188309203678 6.8
      vertex 31.142054018786336 23.643655858323545 6.8
    endloop
  endfacet
  facet normal 0.9978589232386039 -0.06540312923013807 0
    outer loop
      vertex 31.7 22 1.8
      vertex 31.7 22 6.8
      vertex 31.67690112570929 21.64757928100586 6.8
    endloop
  endfacet
  facet normal 0.9978589232386039 0.06540312923013807 0
    outer loop
      vertex 31.67690112570929 22.35242071899414 1.8
      vertex 31.67690112570929 22.35242071899414 6.8
      vertex 31.7 22 6.8
    endloop
  endfacet
  facet normal 0.98078528040323 0.1950903220161305 0
    outer loop
      vertex 31.607999730980485 22.698811421776806 1.8
      vertex 31.607999730980485 22.698811421776806 6.8
      vertex 31.67690112570929 22.35242071899414 6.8
    endloop
  endfacet
  facet normal 0.9469301294951059 0.3214394653031609 0
    outer loop
      vertex 31.494474737780475 23.03324526738574 1.8
      vertex 31.494474737780475 23.03324526738574 6.8
      vertex 31.607999730980485 22.698811421776806 6.8
    endloop
  endfacet
  facet normal 0 0 1
    outer loop
      vertex 26.392000269019515 21.301188578223194 6.8
      vertex 26.505525262219525 20.96675473261426 6.8
      vertex 26.392000269019515 22.698811421776806 6.8
    endloop
  endfacet
  facet normal 0 0 1
    outer loop
      vertex 26.661731409782014 20.65 6.8
      vertex 26.505525262219525 23.03324526738574 6.8
      vertex 26.505525262219525 20.96675473261426 6.8
    endloop
  endfacet
  facet normal 0 0 1
    outer loop
      vertex 26.857945981213664 20.356344141676455 6.8
      vertex 26.661731409782014 23.35 6.8
      vertex 26.661731409782014 20.65 6.8
    endloop
  endfacet
  facet normal 0 0 1
    outer loop
      vertex 26.857945981213664 20.356344141676455 6.8
      vertex 27.090811690796322 20.090811690796322 6.8
      vertex 26.857945981213664 23.643655858323545 6.8
    endloop
  endfacet
  facet normal 0 0 1
    outer loop
      vertex 26.392000269019515 21.301188578223194 6.8
      vertex 26.32309887429071 22.35242071899414 6.8
      vertex 26.32309887429071 21.64757928100586 6.8
    endloop
  endfacet
  facet normal 0 0 1
    outer loop
      vertex 26.32309887429071 21.64757928100586 6.8
      vertex 26.32309887429071 22.35242071899414 6.8
      vertex 26.3 22 6.8
    endloop
  endfacet
  facet normal 0 0 1
    outer loop
      vertex 26.392000269019515 21.301188578223194 6.8
      vertex 26.392000269019515 22.698811421776806 6.8
      vertex 26.32309887429071 22.35242071899414 6.8
    endloop
  endfacet
  facet normal 0 0 1
    outer loop
      vertex 26.505525262219525 20.96675473261426 6.8
      vertex 26.505525262219525 23.03324526738574 6.8
      vertex 26.392000269019515 22.698811421776806 6.8
    endloop
  endfacet
  facet normal 0 0 1
    outer loop
      vertex 26.661731409782014 20.65 6.8
      vertex 26.661731409782014 23.35 6.8
      vertex 26.505525262219525 23.03324526738574 6.8
    endloop
  endfacet
  facet normal 0 0 1
    outer loop
      vertex 26.857945981213664 20.356344141676455 6.8
      vertex 26.857945981213664 23.643655858323545 6.8
      vertex 26.661731409782014 23.35 6.8
    endloop
  endfacet
  facet normal 0 0 1
    outer loop
      vertex 28.301188578223194 19.392000269019515 6.8
      vertex 28.64757928100586 19.32309887429071 6.8
      vertex 28.475 21.09067332602634 6.8
    endloop
  endfacet
  facet normal 0 0 1
    outer loop
      vertex 28.64757928100586 19.32309887429071 6.8
      vertex 29 19.3 6.8
      vertex 28.862947498168946 20.958982895557497 6.8
    endloop
  endfacet
  facet normal 0 0 1
    outer loop
      vertex 29 19.3 6.8
      vertex 29.35242071899414 19.32309887429071 6.8
      vertex 29.137052501831054 20.958982895557497 6.8
    endloop
  endfacet
  facet normal 0 0 1
    outer loop
      vertex 27.96675473261426 19.505525262219525 6.8
      vertex 28.166978992694204 21.360800499540844 6.8
      vertex 28.09067332602634 21.475 6.8
    endloop
  endfacet
  facet normal 0 0 1
    outer loop
      vertex 27.356344141676455 19.857945981213664 6.8
      vertex 27.090811690796322 23.909188309203678 6.8
      vertex 27.090811690796322 20.090811690796322 6.8
    endloop
  endfacet
  facet normal 0 0 1
    outer loop
      vertex 27.356344141676455 19.857945981213664 6.8
      vertex 27.65 19.661731409782014 6.8
      vertex 27.356344141676455 24.142054018786336 6.8
    endloop
  endfacet
  facet normal 0 0 1
    outer loop
      vertex 27.65 19.661731409782014 6.8
      vertex 27.96675473261426 19.505525262219525 6.8
      vertex 27.65 24.338268590217986 6.8
    endloop
  endfacet
  facet normal 0 0 1
    outer loop
      vertex 27.96675473261426 19.505525262219525 6.8
      vertex 27.985777882396476 21.72824000264235 6.8
      vertex 27.958982895557497 21.862947498168946 6.8
    endloop
  endfacet
  facet normal 0 0 1
    outer loop
      vertex 27.96675473261426 19.505525262219525 6.8
      vertex 28.09067332602634 21.475 6.8
      vertex 28.029926490863147 21.598182396016657 6.8
    endloop
  endfacet
  facet normal 0 0 1
    outer loop
      vertex 27.96675473261426 19.505525262219525 6.8
      vertex 28.029926490863147 21.598182396016657 6.8
      vertex 27.985777882396476 21.72824000264235 6.8
    endloop
  endfacet
  facet normal 0 0 1
    outer loop
      vertex 27.96675473261426 19.505525262219525 6.8
      vertex 27.958982895557497 21.862947498168946 6.8
      vertex 27.95 22 6.8
    endloop
  endfacet
  facet normal 0 0 1
    outer loop
      vertex 27.96675473261426 19.505525262219525 6.8
      vertex 28.301188578223194 19.392000269019515 6.8
      vertex 28.166978992694204 21.360800499540844 6.8
    endloop
  endfacet
  facet normal 0 0 1
    outer loop
      vertex 28.301188578223194 19.392000269019515 6.8
      vertex 28.360800499540844 21.166978992694204 6.8
      vertex 28.257537879754125 21.257537879754125 6.8
    endloop
  endfacet
  facet normal 0 0 1
    outer loop
      vertex 28.301188578223194 19.392000269019515 6.8
      vertex 28.475 21.09067332602634 6.8
      vertex 28.360800499540844 21.166978992694204 6.8
    endloop
  endfacet
  facet normal 0 0 1
    outer loop
      vertex 28.301188578223194 19.392000269019515 6.8
      vertex 28.257537879754125 21.257537879754125 6.8
      vertex 28.166978992694204 21.360800499540844 6.8
    endloop
  endfacet
  facet normal 0 0 1
    outer loop
      vertex 28.64757928100586 19.32309887429071 6.8
      vertex 28.598182396016657 21.029926490863147 6.8
      vertex 28.475 21.09067332602634 6.8
    endloop
  endfacet
  facet normal 0 0 1
    outer loop
      vertex 28.64757928100586 19.32309887429071 6.8
      vertex 28.72824000264235 20.985777882396476 6.8
      vertex 28.598182396016657 21.029926490863147 6.8
    endloop
  endfacet
  facet normal 0 0 1
    outer loop
      vertex 28.64757928100586 19.32309887429071 6.8
      vertex 28.862947498168946 20.958982895557497 6.8
      vertex 28.72824000264235 20.985777882396476 6.8
    endloop
  endfacet
  facet normal 0 0 1
    outer loop
      vertex 29 19.3 6.8
      vertex 29 20.95 6.8
      vertex 28.862947498168946 20.958982895557497 6.8
    endloop
  endfacet
  facet normal 0 0 1
    outer loop
      vertex 29 19.3 6.8
      vertex 29.137052501831054 20.958982895557497 6.8
      vertex 29 20.95 6.8
    endloop
  endfacet
  facet normal 0 0 1
    outer loop
      vertex 29.35242071899414 19.32309887429071 6.8
      vertex 29.698811421776806 19.392000269019515 6.8
      vertex 29.27175999735765 20.985777882396476 6.8
    endloop
  endfacet
  facet normal 0 0 1
    outer loop
      vertex 29.698811421776806 19.392000269019515 6.8
      vertex 30.03324526738574 19.505525262219525 6.8
      vertex 29.639199500459156 21.166978992694204 6.8
    endloop
  endfacet
  facet normal 0 0 1
    outer loop
      vertex 29.137052501831054 20.958982895557497 6.8
      vertex 29.35242071899414 19.32309887429071 6.8
      vertex 29.27175999735765 20.985777882396476 6.8
    endloop
  endfacet
  facet normal 0 0 1
    outer loop
      vertex 29.698811421776806 19.392000269019515 6.8
      vertex 29.401817603983343 21.029926490863147 6.8
      vertex 29.27175999735765 20.985777882396476 6.8
    endloop
  endfacet
  facet normal 0 0 1
    outer loop
      vertex 29.698811421776806 19.392000269019515 6.8
      vertex 29.525 21.09067332602634 6.8
      vertex 29.401817603983343 21.029926490863147 6.8
    endloop
  endfacet
  facet normal 0 0 1
    outer loop
      vertex 29.698811421776806 19.392000269019515 6.8
      vertex 29.639199500459156 21.166978992694204 6.8
      vertex 29.525 21.09067332602634 6.8
    endloop
  endfacet
  facet normal 0 0 1
    outer loop
      vertex 30.03324526738574 19.505525262219525 6.8
      vertex 29.742462120245875 21.257537879754125 6.8
      vertex 29.639199500459156 21.166978992694204 6.8
    endloop
  endfacet
  facet normal 0 0 1
    outer loop
      vertex 30.03324526738574 19.505525262219525 6.8
      vertex 30.35 19.661731409782014 6.8
      vertex 30.014222117603524 21.72824000264235 6.8
    endloop
  endfacet
  facet normal 0 0 1
    outer loop
      vertex 30.03324526738574 19.505525262219525 6.8
      vertex 29.833021007305796 21.360800499540844 6.8
      vertex 29.742462120245875 21.257537879754125 6.8
    endloop
  endfacet
  facet normal 0 0 1
    outer loop
      vertex 30.03324526738574 19.505525262219525 6.8
      vertex 29.90932667397366 21.475 6.8
      vertex 29.833021007305796 21.360800499540844 6.8
    endloop
  endfacet
  facet normal 0 0 1
    outer loop
      vertex 30.03324526738574 19.505525262219525 6.8
      vertex 29.970073509136853 21.598182396016657 6.8
      vertex 29.90932667397366 21.475 6.8
    endloop
  endfacet
  facet normal 0 0 1
    outer loop
      vertex 30.03324526738574 19.505525262219525 6.8
      vertex 30.014222117603524 21.72824000264235 6.8
      vertex 29.970073509136853 21.598182396016657 6.8
    endloop
  endfacet
  facet normal 0 0 1
    outer loop
      vertex 30.35 19.661731409782014 6.8
      vertex 30.041017104442503 21.862947498168946 6.8
      vertex 30.014222117603524 21.72824000264235 6.8
    endloop
  endfacet
  facet normal 0 0 1
    outer loop
      vertex 30.35 19.661731409782014 6.8
      vertex 30.05 22 6.8
      vertex 30.041017104442503 21.862947498168946 6.8
    endloop
  endfacet
  facet normal 0 0 1
    outer loop
      vertex 30.35 19.661731409782014 6.8
      vertex 30.643655858323545 19.857945981213664 6.8
      vertex 30.35 24.338268590217986 6.8
    endloop
  endfacet
  facet normal 0 0 1
    outer loop
      vertex 30.643655858323545 19.857945981213664 6.8
      vertex 30.909188309203678 20.090811690796322 6.8
      vertex 30.643655858323545 24.142054018786336 6.8
    endloop
  endfacet
  facet normal 0 0 1
    outer loop
      vertex 30.909188309203678 20.090811690796322 6.8
      vertex 31.142054018786336 20.356344141676455 6.8
      vertex 30.909188309203678 23.909188309203678 6.8
    endloop
  endfacet
  facet normal 0 0 1
    outer loop
      vertex 31.142054018786336 20.356344141676455 6.8
      vertex 31.338268590217986 20.65 6.8
      vertex 31.142054018786336 23.643655858323545 6.8
    endloop
  endfacet
  facet normal 0 0 1
    outer loop
      vertex 31.338268590217986 20.65 6.8
      vertex 31.494474737780475 20.96675473261426 6.8
      vertex 31.338268590217986 23.35 6.8
    endloop
  endfacet
  facet normal 0 0 1
    outer loop
      vertex 26.857945981213664 23.643655858323545 6.8
      vertex 27.090811690796322 20.090811690796322 6.8
      vertex 27.090811690796322 23.909188309203678 6.8
    endloop
  endfacet
  facet normal 0 0 1
    outer loop
      vertex 27.356344141676455 19.857945981213664 6.8
      vertex 27.356344141676455 24.142054018786336 6.8
      vertex 27.090811690796322 23.909188309203678 6.8
    endloop
  endfacet
  facet normal 0 0 1
    outer loop
      vertex 27.96675473261426 19.505525262219525 6.8
      vertex 27.95 22 6.8
      vertex 27.65 24.338268590217986 6.8
    endloop
  endfacet
  facet normal 0 0 1
    outer loop
      vertex 27.65 19.661731409782014 6.8
      vertex 27.65 24.338268590217986 6.8
      vertex 27.356344141676455 24.142054018786336 6.8
    endloop
  endfacet
  facet normal 0 0 1
    outer loop
      vertex 27.95 22 6.8
      vertex 27.958982895557497 22.137052501831054 6.8
      vertex 27.65 24.338268590217986 6.8
    endloop
  endfacet
  facet normal 0 0 1
    outer loop
      vertex 27.958982895557497 22.137052501831054 6.8
      vertex 27.985777882396476 22.27175999735765 6.8
      vertex 27.65 24.338268590217986 6.8
    endloop
  endfacet
  facet normal 0 0 1
    outer loop
      vertex 27.985777882396476 22.27175999735765 6.8
      vertex 28.029926490863147 22.401817603983343 6.8
      vertex 27.96675473261426 24.494474737780475 6.8
    endloop
  endfacet
  facet normal 0 0 1
    outer loop
      vertex 28.029926490863147 22.401817603983343 6.8
      vertex 28.09067332602634 22.525 6.8
      vertex 27.96675473261426 24.494474737780475 6.8
    endloop
  endfacet
  facet normal 0 0 1
    outer loop
      vertex 28.09067332602634 22.525 6.8
      vertex 28.166978992694204 22.639199500459156 6.8
      vertex 27.96675473261426 24.494474737780475 6.8
    endloop
  endfacet
  facet normal 0 0 1
    outer loop
      vertex 28.166978992694204 22.639199500459156 6.8
      vertex 28.257537879754125 22.742462120245875 6.8
      vertex 27.96675473261426 24.494474737780475 6.8
    endloop
  endfacet
  facet normal 0 0 1
    outer loop
      vertex 28.257537879754125 22.742462120245875 6.8
      vertex 28.360800499540844 22.833021007305796 6.8
      vertex 27.96675473261426 24.494474737780475 6.8
    endloop
  endfacet
  facet normal 0 0 1
    outer loop
      vertex 28.360800499540844 22.833021007305796 6.8
      vertex 28.475 22.90932667397366 6.8
      vertex 28.301188578223194 24.607999730980485 6.8
    endloop
  endfacet
  facet normal 0 0 1
    outer loop
      vertex 28.475 22.90932667397366 6.8
      vertex 28.598182396016657 22.970073509136853 6.8
      vertex 28.301188578223194 24.607999730980485 6.8
    endloop
  endfacet
  facet normal 0 0 1
    outer loop
      vertex 28.598182396016657 22.970073509136853 6.8
      vertex 28.72824000264235 23.014222117603524 6.8
      vertex 28.301188578223194 24.607999730980485 6.8
    endloop
  endfacet
  facet normal 0 0 1
    outer loop
      vertex 27.985777882396476 22.27175999735765 6.8
      vertex 27.96675473261426 24.494474737780475 6.8
      vertex 27.65 24.338268590217986 6.8
    endloop
  endfacet
  facet normal 0 0 1
    outer loop
      vertex 28.360800499540844 22.833021007305796 6.8
      vertex 28.301188578223194 24.607999730980485 6.8
      vertex 27.96675473261426 24.494474737780475 6.8
    endloop
  endfacet
  facet normal 0 0 1
    outer loop
      vertex 28.72824000264235 23.014222117603524 6.8
      vertex 28.64757928100586 24.67690112570929 6.8
      vertex 28.301188578223194 24.607999730980485 6.8
    endloop
  endfacet
  facet normal 0 0 1
    outer loop
      vertex 28.72824000264235 23.014222117603524 6.8
      vertex 28.862947498168946 23.041017104442503 6.8
      vertex 28.64757928100586 24.67690112570929 6.8
    endloop
  endfacet
  facet normal 0 0 1
    outer loop
      vertex 28.862947498168946 23.041017104442503 6.8
      vertex 29 23.05 6.8
      vertex 29 24.7 6.8
    endloop
  endfacet
  facet normal 0 0 1
    outer loop
      vertex 29 23.05 6.8
      vertex 29.137052501831054 23.041017104442503 6.8
      vertex 29 24.7 6.8
    endloop
  endfacet
  facet normal 0 0 1
    outer loop
      vertex 28.862947498168946 23.041017104442503 6.8
      vertex 29 24.7 6.8
      vertex 28.64757928100586 24.67690112570929 6.8
    endloop
  endfacet
  facet normal 0 0 1
    outer loop
      vertex 29.137052501831054 23.041017104442503 6.8
      vertex 29.35242071899414 24.67690112570929 6.8
      vertex 29 24.7 6.8
    endloop
  endfacet
  facet normal 0 0 1
    outer loop
      vertex 30.35 19.661731409782014 6.8
      vertex 30.03324526738574 24.494474737780475 6.8
      vertex 30.05 22 6.8
    endloop
  endfacet
  facet normal 0 0 1
    outer loop
      vertex 29.27175999735765 23.014222117603524 6.8
      vertex 29.401817603983343 22.970073509136853 6.8
      vertex 29.35242071899414 24.67690112570929 6.8
    endloop
  endfacet
  facet normal 0 0 1
    outer loop
      vertex 29.401817603983343 22.970073509136853 6.8
      vertex 29.525 22.90932667397366 6.8
      vertex 29.35242071899414 24.67690112570929 6.8
    endloop
  endfacet
  facet normal 0 0 1
    outer loop
      vertex 29.833021007305796 22.639199500459156 6.8
      vertex 29.698811421776806 24.607999730980485 6.8
      vertex 29.742462120245875 22.742462120245875 6.8
    endloop
  endfacet
  facet normal 0 0 1
    outer loop
      vertex 29.525 22.90932667397366 6.8
      vertex 29.639199500459156 22.833021007305796 6.8
      vertex 29.698811421776806 24.607999730980485 6.8
    endloop
  endfacet
  facet normal 0 0 1
    outer loop
      vertex 29.639199500459156 22.833021007305796 6.8
      vertex 29.742462120245875 22.742462120245875 6.8
      vertex 29.698811421776806 24.607999730980485 6.8
    endloop
  endfacet
  facet normal 0 0 1
    outer loop
      vertex 30.05 22 6.8
      vertex 30.03324526738574 24.494474737780475 6.8
      vertex 30.041017104442503 22.137052501831054 6.8
    endloop
  endfacet
  facet normal 0 0 1
    outer loop
      vertex 30.041017104442503 22.137052501831054 6.8
      vertex 30.03324526738574 24.494474737780475 6.8
      vertex 30.014222117603524 22.27175999735765 6.8
    endloop
  endfacet
  facet normal 0 0 1
    outer loop
      vertex 30.014222117603524 22.27175999735765 6.8
      vertex 30.03324526738574 24.494474737780475 6.8
      vertex 29.970073509136853 22.401817603983343 6.8
    endloop
  endfacet
  facet normal 0 0 1
    outer loop
      vertex 30.35 19.661731409782014 6.8
      vertex 30.35 24.338268590217986 6.8
      vertex 30.03324526738574 24.494474737780475 6.8
    endloop
  endfacet
  facet normal 0 0 1
    outer loop
      vertex 29.90932667397366 22.525 6.8
      vertex 30.03324526738574 24.494474737780475 6.8
      vertex 29.833021007305796 22.639199500459156 6.8
    endloop
  endfacet
  facet normal 0 0 1
    outer loop
      vertex 29.970073509136853 22.401817603983343 6.8
      vertex 30.03324526738574 24.494474737780475 6.8
      vertex 29.90932667397366 22.525 6.8
    endloop
  endfacet
  facet normal 0 0 1
    outer loop
      vertex 31.142054018786336 20.356344141676455 6.8
      vertex 31.142054018786336 23.643655858323545 6.8
      vertex 30.909188309203678 23.909188309203678 6.8
    endloop
  endfacet
  facet normal 0 0 1
    outer loop
      vertex 31.338268590217986 20.65 6.8
      vertex 31.338268590217986 23.35 6.8
      vertex 31.142054018786336 23.643655858323545 6.8
    endloop
  endfacet
  facet normal 0 0 1
    outer loop
      vertex 31.494474737780475 20.96675473261426 6.8
      vertex 31.494474737780475 23.03324526738574 6.8
      vertex 31.338268590217986 23.35 6.8
    endloop
  endfacet
  facet normal 0 0 1
    outer loop
      vertex 30.643655858323545 19.857945981213664 6.8
      vertex 30.643655858323545 24.142054018786336 6.8
      vertex 30.35 24.338268590217986 6.8
    endloop
  endfacet
  facet normal 0 0 1
    outer loop
      vertex 30.909188309203678 20.090811690796322 6.8
      vertex 30.909188309203678 23.909188309203678 6.8
      vertex 30.643655858323545 24.142054018786336 6.8
    endloop
  endfacet
  facet normal 0 0 1
    outer loop
      vertex 29.137052501831054 23.041017104442503 6.8
      vertex 29.27175999735765 23.014222117603524 6.8
      vertex 29.35242071899414 24.67690112570929 6.8
    endloop
  endfacet
  facet normal 0 0 1
    outer loop
      vertex 29.525 22.90932667397366 6.8
      vertex 29.698811421776806 24.607999730980485 6.8
      vertex 29.35242071899414 24.67690112570929 6.8
    endloop
  endfacet
  facet normal 0 0 1
    outer loop
      vertex 29.833021007305796 22.639199500459156 6.8
      vertex 30.03324526738574 24.494474737780475 6.8
      vertex 29.698811421776806 24.607999730980485 6.8
    endloop
  endfacet
  facet normal 0 0 1
    outer loop
      vertex 31.494474737780475 20.96675473261426 6.8
      vertex 31.607999730980485 21.301188578223194 6.8
      vertex 31.494474737780475 23.03324526738574 6.8
    endloop
  endfacet
  facet normal 0 0 1
    outer loop
      vertex 31.607999730980485 21.301188578223194 6.8
      vertex 31.67690112570929 21.64757928100586 6.8
      vertex 31.607999730980485 22.698811421776806 6.8
    endloop
  endfacet
  facet normal 0 0 1
    outer loop
      vertex 31.67690112570929 21.64757928100586 6.8
      vertex 31.7 22 6.8
      vertex 31.67690112570929 22.35242071899414 6.8
    endloop
  endfacet
  facet normal 0 0 1
    outer loop
      vertex 31.607999730980485 21.301188578223194 6.8
      vertex 31.607999730980485 22.698811421776806 6.8
      vertex 31.494474737780475 23.03324526738574 6.8
    endloop
  endfacet
  facet normal 0 0 1
    outer loop
      vertex 31.67690112570929 21.64757928100586 6.8
      vertex 31.67690112570929 22.35242071899414 6.8
      vertex 31.607999730980485 22.698811421776806 6.8
    endloop
  endfacet
  facet normal -0.9469301294951059 -0.3214394653031609 0
    outer loop
      vertex -31.607999730980485 21.301188578223194 1.8
      vertex -31.494474737780475 20.96675473261426 1.8
      vertex -31.607999730980485 21.301188578223194 6.8
    endloop
  endfacet
  facet normal -0.98078528040323 -0.1950903220161305 -6.500154237998315e-19
    outer loop
      vertex -31.607999730980485 21.301188578223194 1.8
      vertex -31.67690112570929 21.64757928100586 6.8
      vertex -31.67690112570929 21.64757928100586 1.8
    endloop
  endfacet
  facet normal -0.6593458151000695 -0.7518398074789769 0
    outer loop
      vertex -30.643655858323545 19.857945981213664 1.8
      vertex -30.643655858323545 19.857945981213664 6.8
      vertex -30.909188309203678 20.090811690796322 1.8
    endloop
  endfacet
  facet normal -0.5555702330196066 -0.8314696123025423 2.4839729007967985e-19
    outer loop
      vertex -30.643655858323545 19.857945981213664 1.8
      vertex -30.35 19.661731409782014 1.8
      vertex -30.35 19.661731409782014 6.8
    endloop
  endfacet
  facet normal -0.4422886902189971 -0.8968727415326903 -2.271891700440025e-19
    outer loop
      vertex -30.35 19.661731409782014 1.8
      vertex -30.03324526738574 19.505525262219525 1.8
      vertex -30.03324526738574 19.505525262219525 6.8
    endloop
  endfacet
  facet normal -0.3214394653031609 -0.9469301294951059 6.474059044335274e-19
    outer loop
      vertex -30.03324526738574 19.505525262219525 1.8
      vertex -29.698811421776806 19.392000269019515 1.8
      vertex -29.698811421776806 19.392000269019515 6.8
    endloop
  endfacet
  facet normal -0.1950903220161305 -0.98078528040323 -6.500154237998315e-19
    outer loop
      vertex -29.698811421776806 19.392000269019515 1.8
      vertex -29.35242071899414 19.32309887429071 1.8
      vertex -29.35242071899414 19.32309887429071 6.8
    endloop
  endfacet
  facet normal -0.7518398074789769 -0.6593458151000695 0
    outer loop
      vertex -31.142054018786336 20.356344141676455 1.8
      vertex -30.909188309203678 20.090811690796322 1.8
      vertex -31.142054018786336 20.356344141676455 6.8
    endloop
  endfacet
  facet normal -0.8314696123025423 -0.5555702330196066 2.4839729007967985e-19
    outer loop
      vertex -31.142054018786336 20.356344141676455 1.8
      vertex -31.338268590217986 20.65 6.8
      vertex -31.338268590217986 20.65 1.8
    endloop
  endfacet
  facet normal -0.8968727415326903 -0.4422886902189971 -2.271891700440025e-19
    outer loop
      vertex -31.338268590217986 20.65 1.8
      vertex -31.494474737780475 20.96675473261426 6.8
      vertex -31.494474737780475 20.96675473261426 1.8
    endloop
  endfacet
  facet normal -0.06540312923013807 -0.9978589232386039 -5.7293122793758e-20
    outer loop
      vertex -29.35242071899414 19.32309887429071 1.8
      vertex -29 19.3 1.8
      vertex -29 19.3 6.8
    endloop
  endfacet
  facet normal 0.06540312923013807 -0.9978589232386039 5.7293122793758e-20
    outer loop
      vertex -29 19.3 1.8
      vertex -28.64757928100586 19.32309887429071 1.8
      vertex -28.64757928100586 19.32309887429071 6.8
    endloop
  endfacet
  facet normal 0.1950903220161305 -0.98078528040323 6.500154237998315e-19
    outer loop
      vertex -28.64757928100586 19.32309887429071 1.8
      vertex -28.301188578223194 19.392000269019515 1.8
      vertex -28.301188578223194 19.392000269019515 6.8
    endloop
  endfacet
  facet normal 0.3214394653031609 -0.9469301294951059 -6.474059044335274e-19
    outer loop
      vertex -28.301188578223194 19.392000269019515 1.8
      vertex -27.96675473261426 19.505525262219525 1.8
      vertex -27.96675473261426 19.505525262219525 6.8
    endloop
  endfacet
  facet normal 0.4422886902189971 -0.8968727415326903 2.271891700440025e-19
    outer loop
      vertex -27.96675473261426 19.505525262219525 1.8
      vertex -27.65 19.661731409782014 1.8
      vertex -27.65 19.661731409782014 6.8
    endloop
  endfacet
  facet normal 0.5555702330196066 -0.8314696123025423 -2.4839729007967985e-19
    outer loop
      vertex -27.65 19.661731409782014 1.8
      vertex -27.356344141676455 19.857945981213664 1.8
      vertex -27.356344141676455 19.857945981213664 6.8
    endloop
  endfacet
  facet normal 0.6593458151000695 -0.7518398074789769 1.0195280053463926e-18
    outer loop
      vertex -27.356344141676455 19.857945981213664 1.8
      vertex -27.090811690796322 20.090811690796322 1.8
      vertex -27.090811690796322 20.090811690796322 6.8
    endloop
  endfacet
  facet normal 0.7518398074789769 -0.6593458151000695 0
    outer loop
      vertex -27.090811690796322 20.090811690796322 1.8
      vertex -26.857945981213664 20.356344141676455 1.8
      vertex -27.090811690796322 20.090811690796322 6.8
    endloop
  endfacet
  facet normal -0.9469301294951059 -0.3214394653031609 0
    outer loop
      vertex -31.494474737780475 20.96675473261426 1.8
      vertex -31.494474737780475 20.96675473261426 6.8
      vertex -31.607999730980485 21.301188578223194 6.8
    endloop
  endfacet
  facet normal -0.98078528040323 -0.1950903220161305 0
    outer loop
      vertex -31.607999730980485 21.301188578223194 1.8
      vertex -31.607999730980485 21.301188578223194 6.8
      vertex -31.67690112570929 21.64757928100586 6.8
    endloop
  endfacet
  facet normal -0.5555702330196066 -0.8314696123025423 0
    outer loop
      vertex -30.643655858323545 19.857945981213664 1.8
      vertex -30.35 19.661731409782014 6.8
      vertex -30.643655858323545 19.857945981213664 6.8
    endloop
  endfacet
  facet normal -0.3214394653031609 -0.9469301294951059 0
    outer loop
      vertex -30.03324526738574 19.505525262219525 1.8
      vertex -29.698811421776806 19.392000269019515 6.8
      vertex -30.03324526738574 19.505525262219525 6.8
    endloop
  endfacet
  facet normal -0.4422886902189971 -0.8968727415326903 0
    outer loop
      vertex -30.35 19.661731409782014 1.8
      vertex -30.03324526738574 19.505525262219525 6.8
      vertex -30.35 19.661731409782014 6.8
    endloop
  endfacet
  facet normal -0.1950903220161305 -0.98078528040323 0
    outer loop
      vertex -29.698811421776806 19.392000269019515 1.8
      vertex -29.35242071899414 19.32309887429071 6.8
      vertex -29.698811421776806 19.392000269019515 6.8
    endloop
  endfacet
  facet normal -0.7518398074789769 -0.6593458151000695 0
    outer loop
      vertex -30.909188309203678 20.090811690796322 1.8
      vertex -30.909188309203678 20.090811690796322 6.8
      vertex -31.142054018786336 20.356344141676455 6.8
    endloop
  endfacet
  facet normal -0.8968727415326903 -0.4422886902189971 0
    outer loop
      vertex -31.338268590217986 20.65 1.8
      vertex -31.338268590217986 20.65 6.8
      vertex -31.494474737780475 20.96675473261426 6.8
    endloop
  endfacet
  facet normal -0.8314696123025423 -0.5555702330196066 0
    outer loop
      vertex -31.142054018786336 20.356344141676455 1.8
      vertex -31.142054018786336 20.356344141676455 6.8
      vertex -31.338268590217986 20.65 6.8
    endloop
  endfacet
  facet normal -0.6593458151000695 -0.7518398074789769 0
    outer loop
      vertex -30.909188309203678 20.090811690796322 1.8
      vertex -30.643655858323545 19.857945981213664 6.8
      vertex -30.909188309203678 20.090811690796322 6.8
    endloop
  endfacet
  facet normal -0.06540312923013807 -0.9978589232386039 0
    outer loop
      vertex -29.35242071899414 19.32309887429071 1.8
      vertex -29 19.3 6.8
      vertex -29.35242071899414 19.32309887429071 6.8
    endloop
  endfacet
  facet normal 0.06540312923013807 -0.9978589232386039 0
    outer loop
      vertex -29 19.3 1.8
      vertex -28.64757928100586 19.32309887429071 6.8
      vertex -29 19.3 6.8
    endloop
  endfacet
  facet normal 0.1950903220161305 -0.98078528040323 0
    outer loop
      vertex -28.64757928100586 19.32309887429071 1.8
      vertex -28.301188578223194 19.392000269019515 6.8
      vertex -28.64757928100586 19.32309887429071 6.8
    endloop
  endfacet
  facet normal 0.3214394653031609 -0.9469301294951059 0
    outer loop
      vertex -28.301188578223194 19.392000269019515 1.8
      vertex -27.96675473261426 19.505525262219525 6.8
      vertex -28.301188578223194 19.392000269019515 6.8
    endloop
  endfacet
  facet normal 0.4422886902189971 -0.8968727415326903 0
    outer loop
      vertex -27.96675473261426 19.505525262219525 1.8
      vertex -27.65 19.661731409782014 6.8
      vertex -27.96675473261426 19.505525262219525 6.8
    endloop
  endfacet
  facet normal 0.5555702330196066 -0.8314696123025423 0
    outer loop
      vertex -27.65 19.661731409782014 1.8
      vertex -27.356344141676455 19.857945981213664 6.8
      vertex -27.65 19.661731409782014 6.8
    endloop
  endfacet
  facet normal 0.6593458151000695 -0.7518398074789769 0
    outer loop
      vertex -27.356344141676455 19.857945981213664 1.8
      vertex -27.090811690796322 20.090811690796322 6.8
      vertex -27.356344141676455 19.857945981213664 6.8
    endloop
  endfacet
  facet normal -0.9978589232386039 -0.06540312923013807 -5.7293122793758e-20
    outer loop
      vertex -31.67690112570929 21.64757928100586 1.8
      vertex -31.7 22 6.8
      vertex -31.7 22 1.8
    endloop
  endfacet
  facet normal -0.9978589232386039 0.06540312923013807 5.7293122793758e-20
    outer loop
      vertex -31.7 22 1.8
      vertex -31.67690112570929 22.35242071899414 6.8
      vertex -31.67690112570929 22.35242071899414 1.8
    endloop
  endfacet
  facet normal -0.98078528040323 0.1950903220161305 6.500154237998315e-19
    outer loop
      vertex -31.67690112570929 22.35242071899414 1.8
      vertex -31.607999730980485 22.698811421776806 6.8
      vertex -31.607999730980485 22.698811421776806 1.8
    endloop
  endfacet
  facet normal -0.9469301294951059 0.3214394653031609 -6.474059044335274e-19
    outer loop
      vertex -31.607999730980485 22.698811421776806 1.8
      vertex -31.494474737780475 23.03324526738574 6.8
      vertex -31.494474737780475 23.03324526738574 1.8
    endloop
  endfacet
  facet normal -0.8968727415326903 0.4422886902189971 2.271891700440025e-19
    outer loop
      vertex -31.494474737780475 23.03324526738574 1.8
      vertex -31.338268590217986 23.35 6.8
      vertex -31.338268590217986 23.35 1.8
    endloop
  endfacet
  facet normal -0.8314696123025423 0.5555702330196066 -2.4839729007967985e-19
    outer loop
      vertex -31.338268590217986 23.35 1.8
      vertex -31.142054018786336 23.643655858323545 6.8
      vertex -31.142054018786336 23.643655858323545 1.8
    endloop
  endfacet
  facet normal -0.7518398074789769 0.6593458151000695 1.0195280053463926e-18
    outer loop
      vertex -31.142054018786336 23.643655858323545 1.8
      vertex -30.909188309203678 23.909188309203678 6.8
      vertex -30.909188309203678 23.909188309203678 1.8
    endloop
  endfacet
  facet normal -0.6593458151000695 0.7518398074789769 0
    outer loop
      vertex -30.909188309203678 23.909188309203678 1.8
      vertex -30.909188309203678 23.909188309203678 6.8
      vertex -30.643655858323545 24.142054018786336 1.8
    endloop
  endfacet
  facet normal -0.5555702330196066 0.8314696123025423 0
    outer loop
      vertex -30.643655858323545 24.142054018786336 1.8
      vertex -30.643655858323545 24.142054018786336 6.8
      vertex -30.35 24.338268590217986 1.8
    endloop
  endfacet
  facet normal -0.4422886902189971 0.8968727415326903 0
    outer loop
      vertex -30.35 24.338268590217986 1.8
      vertex -30.35 24.338268590217986 6.8
      vertex -30.03324526738574 24.494474737780475 1.8
    endloop
  endfacet
  facet normal -0.3214394653031609 0.9469301294951059 0
    outer loop
      vertex -30.03324526738574 24.494474737780475 1.8
      vertex -30.03324526738574 24.494474737780475 6.8
      vertex -29.698811421776806 24.607999730980485 1.8
    endloop
  endfacet
  facet normal -0.1950903220161305 0.98078528040323 0
    outer loop
      vertex -29.698811421776806 24.607999730980485 1.8
      vertex -29.698811421776806 24.607999730980485 6.8
      vertex -29.35242071899414 24.67690112570929 1.8
    endloop
  endfacet
  facet normal -0.06540312923013807 0.9978589232386039 0
    outer loop
      vertex -29.35242071899414 24.67690112570929 1.8
      vertex -29.35242071899414 24.67690112570929 6.8
      vertex -29 24.7 1.8
    endloop
  endfacet
  facet normal 0.06540312923013807 0.9978589232386039 0
    outer loop
      vertex -29 24.7 1.8
      vertex -29 24.7 6.8
      vertex -28.64757928100586 24.67690112570929 1.8
    endloop
  endfacet
  facet normal 0.1950903220161305 0.98078528040323 0
    outer loop
      vertex -28.64757928100586 24.67690112570929 1.8
      vertex -28.64757928100586 24.67690112570929 6.8
      vertex -28.301188578223194 24.607999730980485 1.8
    endloop
  endfacet
  facet normal 0.3214394653031609 0.9469301294951059 0
    outer loop
      vertex -28.301188578223194 24.607999730980485 1.8
      vertex -28.301188578223194 24.607999730980485 6.8
      vertex -27.96675473261426 24.494474737780475 1.8
    endloop
  endfacet
  facet normal 0.4422886902189971 0.8968727415326903 -2.271891700440025e-19
    outer loop
      vertex -27.65 24.338268590217986 1.8
      vertex -27.96675473261426 24.494474737780475 1.8
      vertex -27.96675473261426 24.494474737780475 6.8
    endloop
  endfacet
  facet normal 0.5555702330196066 0.8314696123025423 0
    outer loop
      vertex -27.65 24.338268590217986 1.8
      vertex -27.65 24.338268590217986 6.8
      vertex -27.356344141676455 24.142054018786336 1.8
    endloop
  endfacet
  facet normal 0.6593458151000695 0.7518398074789769 -1.0195280053463926e-18
    outer loop
      vertex -27.090811690796322 23.909188309203678 1.8
      vertex -27.356344141676455 24.142054018786336 1.8
      vertex -27.356344141676455 24.142054018786336 6.8
    endloop
  endfacet
  facet normal -0.9978589232386039 -0.06540312923013807 0
    outer loop
      vertex -31.67690112570929 21.64757928100586 1.8
      vertex -31.67690112570929 21.64757928100586 6.8
      vertex -31.7 22 6.8
    endloop
  endfacet
  facet normal -0.9978589232386039 0.06540312923013807 0
    outer loop
      vertex -31.7 22 1.8
      vertex -31.7 22 6.8
      vertex -31.67690112570929 22.35242071899414 6.8
    endloop
  endfacet
  facet normal -0.98078528040323 0.1950903220161305 0
    outer loop
      vertex -31.67690112570929 22.35242071899414 1.8
      vertex -31.67690112570929 22.35242071899414 6.8
      vertex -31.607999730980485 22.698811421776806 6.8
    endloop
  endfacet
  facet normal -0.9469301294951059 0.3214394653031609 0
    outer loop
      vertex -31.607999730980485 22.698811421776806 1.8
      vertex -31.607999730980485 22.698811421776806 6.8
      vertex -31.494474737780475 23.03324526738574 6.8
    endloop
  endfacet
  facet normal -0.8968727415326903 0.4422886902189971 0
    outer loop
      vertex -31.494474737780475 23.03324526738574 1.8
      vertex -31.494474737780475 23.03324526738574 6.8
      vertex -31.338268590217986 23.35 6.8
    endloop
  endfacet
  facet normal -0.8314696123025423 0.5555702330196066 0
    outer loop
      vertex -31.338268590217986 23.35 1.8
      vertex -31.338268590217986 23.35 6.8
      vertex -31.142054018786336 23.643655858323545 6.8
    endloop
  endfacet
  facet normal -0.7518398074789769 0.6593458151000695 0
    outer loop
      vertex -31.142054018786336 23.643655858323545 1.8
      vertex -31.142054018786336 23.643655858323545 6.8
      vertex -30.909188309203678 23.909188309203678 6.8
    endloop
  endfacet
  facet normal -0.6593458151000695 0.7518398074789769 0
    outer loop
      vertex -30.643655858323545 24.142054018786336 1.8
      vertex -30.909188309203678 23.909188309203678 6.8
      vertex -30.643655858323545 24.142054018786336 6.8
    endloop
  endfacet
  facet normal -0.5555702330196066 0.8314696123025423 0
    outer loop
      vertex -30.35 24.338268590217986 1.8
      vertex -30.643655858323545 24.142054018786336 6.8
      vertex -30.35 24.338268590217986 6.8
    endloop
  endfacet
  facet normal -0.4422886902189971 0.8968727415326903 0
    outer loop
      vertex -30.03324526738574 24.494474737780475 1.8
      vertex -30.35 24.338268590217986 6.8
      vertex -30.03324526738574 24.494474737780475 6.8
    endloop
  endfacet
  facet normal -0.3214394653031609 0.9469301294951059 0
    outer loop
      vertex -29.698811421776806 24.607999730980485 1.8
      vertex -30.03324526738574 24.494474737780475 6.8
      vertex -29.698811421776806 24.607999730980485 6.8
    endloop
  endfacet
  facet normal -0.1950903220161305 0.98078528040323 0
    outer loop
      vertex -29.35242071899414 24.67690112570929 1.8
      vertex -29.698811421776806 24.607999730980485 6.8
      vertex -29.35242071899414 24.67690112570929 6.8
    endloop
  endfacet
  facet normal -0.06540312923013807 0.9978589232386039 0
    outer loop
      vertex -29 24.7 1.8
      vertex -29.35242071899414 24.67690112570929 6.8
      vertex -29 24.7 6.8
    endloop
  endfacet
  facet normal 0.06540312923013807 0.9978589232386039 0
    outer loop
      vertex -28.64757928100586 24.67690112570929 1.8
      vertex -29 24.7 6.8
      vertex -28.64757928100586 24.67690112570929 6.8
    endloop
  endfacet
  facet normal 0.1950903220161305 0.98078528040323 0
    outer loop
      vertex -28.301188578223194 24.607999730980485 1.8
      vertex -28.64757928100586 24.67690112570929 6.8
      vertex -28.301188578223194 24.607999730980485 6.8
    endloop
  endfacet
  facet normal 0.4422886902189971 0.8968727415326903 0
    outer loop
      vertex -27.65 24.338268590217986 1.8
      vertex -27.96675473261426 24.494474737780475 6.8
      vertex -27.65 24.338268590217986 6.8
    endloop
  endfacet
  facet normal 0.6593458151000695 0.7518398074789769 0
    outer loop
      vertex -27.090811690796322 23.909188309203678 1.8
      vertex -27.356344141676455 24.142054018786336 6.8
      vertex -27.090811690796322 23.909188309203678 6.8
    endloop
  endfacet
  facet normal 0.7518398074789769 0.6593458151000695 0
    outer loop
      vertex -27.090811690796322 23.909188309203678 1.8
      vertex -27.090811690796322 23.909188309203678 6.8
      vertex -26.857945981213664 23.643655858323545 6.8
    endloop
  endfacet
  facet normal 0.5555702330196066 0.8314696123025423 0
    outer loop
      vertex -27.356344141676455 24.142054018786336 1.8
      vertex -27.65 24.338268590217986 6.8
      vertex -27.356344141676455 24.142054018786336 6.8
    endloop
  endfacet
  facet normal 0.3214394653031609 0.9469301294951059 0
    outer loop
      vertex -27.96675473261426 24.494474737780475 1.8
      vertex -28.301188578223194 24.607999730980485 6.8
      vertex -27.96675473261426 24.494474737780475 6.8
    endloop
  endfacet
  facet normal 0.8314696123025423 -0.5555702330196066 0
    outer loop
      vertex -26.857945981213664 20.356344141676455 1.8
      vertex -26.661731409782014 20.65 1.8
      vertex -26.857945981213664 20.356344141676455 6.8
    endloop
  endfacet
  facet normal 0.8968727415326903 -0.4422886902189971 0
    outer loop
      vertex -26.661731409782014 20.65 1.8
      vertex -26.505525262219525 20.96675473261426 1.8
      vertex -26.661731409782014 20.65 6.8
    endloop
  endfacet
  facet normal 0.9469301294951059 -0.3214394653031609 0
    outer loop
      vertex -26.505525262219525 20.96675473261426 1.8
      vertex -26.392000269019515 21.301188578223194 1.8
      vertex -26.505525262219525 20.96675473261426 6.8
    endloop
  endfacet
  facet normal 0.98078528040323 -0.1950903220161305 0
    outer loop
      vertex -26.392000269019515 21.301188578223194 1.8
      vertex -26.32309887429071 21.64757928100586 1.8
      vertex -26.392000269019515 21.301188578223194 6.8
    endloop
  endfacet
  facet normal 0.7518398074789769 -0.6593458151000695 0
    outer loop
      vertex -26.857945981213664 20.356344141676455 1.8
      vertex -26.857945981213664 20.356344141676455 6.8
      vertex -27.090811690796322 20.090811690796322 6.8
    endloop
  endfacet
  facet normal 0.8314696123025423 -0.5555702330196066 0
    outer loop
      vertex -26.661731409782014 20.65 1.8
      vertex -26.661731409782014 20.65 6.8
      vertex -26.857945981213664 20.356344141676455 6.8
    endloop
  endfacet
  facet normal 0.8968727415326903 -0.4422886902189971 0
    outer loop
      vertex -26.505525262219525 20.96675473261426 1.8
      vertex -26.505525262219525 20.96675473261426 6.8
      vertex -26.661731409782014 20.65 6.8
    endloop
  endfacet
  facet normal 0.9469301294951059 -0.3214394653031609 0
    outer loop
      vertex -26.392000269019515 21.301188578223194 1.8
      vertex -26.392000269019515 21.301188578223194 6.8
      vertex -26.505525262219525 20.96675473261426 6.8
    endloop
  endfacet
  facet normal 0.98078528040323 -0.1950903220161305 0
    outer loop
      vertex -26.32309887429071 21.64757928100586 1.8
      vertex -26.32309887429071 21.64757928100586 6.8
      vertex -26.392000269019515 21.301188578223194 6.8
    endloop
  endfacet
  facet normal 0.9978589232386039 -0.06540312923013807 0
    outer loop
      vertex -26.32309887429071 21.64757928100586 1.8
      vertex -26.3 22 1.8
      vertex -26.32309887429071 21.64757928100586 6.8
    endloop
  endfacet
  facet normal 0.9978589232386039 0.06540312923013807 0
    outer loop
      vertex -26.3 22 1.8
      vertex -26.32309887429071 22.35242071899414 1.8
      vertex -26.3 22 6.8
    endloop
  endfacet
  facet normal 0.98078528040323 0.1950903220161305 0
    outer loop
      vertex -26.32309887429071 22.35242071899414 1.8
      vertex -26.392000269019515 22.698811421776806 1.8
      vertex -26.32309887429071 22.35242071899414 6.8
    endloop
  endfacet
  facet normal 0.8314696123025423 0.5555702330196066 0
    outer loop
      vertex -26.661731409782014 23.35 1.8
      vertex -26.857945981213664 23.643655858323545 1.8
      vertex -26.661731409782014 23.35 6.8
    endloop
  endfacet
  facet normal 0.8968727415326903 0.4422886902189971 0
    outer loop
      vertex -26.505525262219525 23.03324526738574 1.8
      vertex -26.661731409782014 23.35 1.8
      vertex -26.505525262219525 23.03324526738574 6.8
    endloop
  endfacet
  facet normal 0.9469301294951059 0.3214394653031609 6.474059044335274e-19
    outer loop
      vertex -26.505525262219525 23.03324526738574 1.8
      vertex -26.392000269019515 22.698811421776806 6.8
      vertex -26.392000269019515 22.698811421776806 1.8
    endloop
  endfacet
  facet normal 0.7518398074789769 0.6593458151000695 -1.0195280053463926e-18
    outer loop
      vertex -27.090811690796322 23.909188309203678 1.8
      vertex -26.857945981213664 23.643655858323545 6.8
      vertex -26.857945981213664 23.643655858323545 1.8
    endloop
  endfacet
  facet normal 0.9978589232386039 -0.06540312923013807 0
    outer loop
      vertex -26.3 22 1.8
      vertex -26.3 22 6.8
      vertex -26.32309887429071 21.64757928100586 6.8
    endloop
  endfacet
  facet normal 0.9978589232386039 0.06540312923013807 0
    outer loop
      vertex -26.32309887429071 22.35242071899414 1.8
      vertex -26.32309887429071 22.35242071899414 6.8
      vertex -26.3 22 6.8
    endloop
  endfacet
  facet normal 0.98078528040323 0.1950903220161305 0
    outer loop
      vertex -26.392000269019515 22.698811421776806 1.8
      vertex -26.392000269019515 22.698811421776806 6.8
      vertex -26.32309887429071 22.35242071899414 6.8
    endloop
  endfacet
  facet normal 0.9469301294951059 0.3214394653031609 0
    outer loop
      vertex -26.505525262219525 23.03324526738574 1.8
      vertex -26.505525262219525 23.03324526738574 6.8
      vertex -26.392000269019515 22.698811421776806 6.8
    endloop
  endfacet
  facet normal 0.8314696123025423 0.5555702330196066 0
    outer loop
      vertex -26.857945981213664 23.643655858323545 1.8
      vertex -26.857945981213664 23.643655858323545 6.8
      vertex -26.661731409782014 23.35 6.8
    endloop
  endfacet
  facet normal 0.8968727415326903 0.4422886902189971 0
    outer loop
      vertex -26.661731409782014 23.35 1.8
      vertex -26.661731409782014 23.35 6.8
      vertex -26.505525262219525 23.03324526738574 6.8
    endloop
  endfacet
  facet normal 0 0 1
    outer loop
      vertex -31.607999730980485 21.301188578223194 6.8
      vertex -31.494474737780475 20.96675473261426 6.8
      vertex -31.607999730980485 22.698811421776806 6.8
    endloop
  endfacet
  facet normal 0 0 1
    outer loop
      vertex -29.698811421776806 19.392000269019515 6.8
      vertex -29.35242071899414 19.32309887429071 6.8
      vertex -29.525 21.09067332602634 6.8
    endloop
  endfacet
  facet normal 0 0 1
    outer loop
      vertex -31.142054018786336 20.356344141676455 6.8
      vertex -31.338268590217986 23.35 6.8
      vertex -31.338268590217986 20.65 6.8
    endloop
  endfacet
  facet normal 0 0 1
    outer loop
      vertex -31.338268590217986 20.65 6.8
      vertex -31.494474737780475 23.03324526738574 6.8
      vertex -31.494474737780475 20.96675473261426 6.8
    endloop
  endfacet
  facet normal 0 0 1
    outer loop
      vertex -31.142054018786336 20.356344141676455 6.8
      vertex -30.909188309203678 20.090811690796322 6.8
      vertex -31.142054018786336 23.643655858323545 6.8
    endloop
  endfacet
  facet normal 0 0 1
    outer loop
      vertex -30.643655858323545 19.857945981213664 6.8
      vertex -30.909188309203678 23.909188309203678 6.8
      vertex -30.909188309203678 20.090811690796322 6.8
    endloop
  endfacet
  facet normal 0 0 1
    outer loop
      vertex -30.643655858323545 19.857945981213664 6.8
      vertex -30.35 19.661731409782014 6.8
      vertex -30.643655858323545 24.142054018786336 6.8
    endloop
  endfacet
  facet normal 0 0 1
    outer loop
      vertex -30.03324526738574 19.505525262219525 6.8
      vertex -29.698811421776806 19.392000269019515 6.8
      vertex -29.833021007305796 21.360800499540844 6.8
    endloop
  endfacet
  facet normal 0 0 1
    outer loop
      vertex -30.03324526738574 19.505525262219525 6.8
      vertex -29.833021007305796 21.360800499540844 6.8
      vertex -29.90932667397366 21.475 6.8
    endloop
  endfacet
  facet normal 0 0 1
    outer loop
      vertex -29.698811421776806 19.392000269019515 6.8
      vertex -29.639199500459156 21.166978992694204 6.8
      vertex -29.742462120245875 21.257537879754125 6.8
    endloop
  endfacet
  facet normal 0 0 1
    outer loop
      vertex -29.698811421776806 19.392000269019515 6.8
      vertex -29.525 21.09067332602634 6.8
      vertex -29.639199500459156 21.166978992694204 6.8
    endloop
  endfacet
  facet normal 0 0 1
    outer loop
      vertex -29.698811421776806 19.392000269019515 6.8
      vertex -29.742462120245875 21.257537879754125 6.8
      vertex -29.833021007305796 21.360800499540844 6.8
    endloop
  endfacet
  facet normal 0 0 1
    outer loop
      vertex -29.35242071899414 19.32309887429071 6.8
      vertex -29.401817603983343 21.029926490863147 6.8
      vertex -29.525 21.09067332602634 6.8
    endloop
  endfacet
  facet normal 0 0 1
    outer loop
      vertex -29.35242071899414 19.32309887429071 6.8
      vertex -29.27175999735765 20.985777882396476 6.8
      vertex -29.401817603983343 21.029926490863147 6.8
    endloop
  endfacet
  facet normal 0 0 1
    outer loop
      vertex -29.35242071899414 19.32309887429071 6.8
      vertex -29.137052501831054 20.958982895557497 6.8
      vertex -29.27175999735765 20.985777882396476 6.8
    endloop
  endfacet
  facet normal 0 0 1
    outer loop
      vertex -30.35 19.661731409782014 6.8
      vertex -30.03324526738574 19.505525262219525 6.8
      vertex -30.35 24.338268590217986 6.8
    endloop
  endfacet
  facet normal 0 0 1
    outer loop
      vertex -30.03324526738574 19.505525262219525 6.8
      vertex -29.90932667397366 21.475 6.8
      vertex -29.970073509136853 21.598182396016657 6.8
    endloop
  endfacet
  facet normal 0 0 1
    outer loop
      vertex -30.03324526738574 19.505525262219525 6.8
      vertex -29.970073509136853 21.598182396016657 6.8
      vertex -30.014222117603524 21.72824000264235 6.8
    endloop
  endfacet
  facet normal 0 0 1
    outer loop
      vertex -30.03324526738574 19.505525262219525 6.8
      vertex -30.014222117603524 21.72824000264235 6.8
      vertex -30.041017104442503 21.862947498168946 6.8
    endloop
  endfacet
  facet normal 0 0 1
    outer loop
      vertex -30.03324526738574 19.505525262219525 6.8
      vertex -30.041017104442503 21.862947498168946 6.8
      vertex -30.05 22 6.8
    endloop
  endfacet
  facet normal 0 0 1
    outer loop
      vertex -29.35242071899414 19.32309887429071 6.8
      vertex -29 19.3 6.8
      vertex -29.137052501831054 20.958982895557497 6.8
    endloop
  endfacet
  facet normal 0 0 1
    outer loop
      vertex -29 19.3 6.8
      vertex -28.64757928100586 19.32309887429071 6.8
      vertex -28.862947498168946 20.958982895557497 6.8
    endloop
  endfacet
  facet normal 0 0 1
    outer loop
      vertex -28.64757928100586 19.32309887429071 6.8
      vertex -28.301188578223194 19.392000269019515 6.8
      vertex -28.72824000264235 20.985777882396476 6.8
    endloop
  endfacet
  facet normal 0 0 1
    outer loop
      vertex -29 19.3 6.8
      vertex -29 20.95 6.8
      vertex -29.137052501831054 20.958982895557497 6.8
    endloop
  endfacet
  facet normal 0 0 1
    outer loop
      vertex -29 19.3 6.8
      vertex -28.862947498168946 20.958982895557497 6.8
      vertex -29 20.95 6.8
    endloop
  endfacet
  facet normal 0 0 1
    outer loop
      vertex -28.64757928100586 19.32309887429071 6.8
      vertex -28.72824000264235 20.985777882396476 6.8
      vertex -28.862947498168946 20.958982895557497 6.8
    endloop
  endfacet
  facet normal 0 0 1
    outer loop
      vertex -28.301188578223194 19.392000269019515 6.8
      vertex -27.96675473261426 19.505525262219525 6.8
      vertex -28.360800499540844 21.166978992694204 6.8
    endloop
  endfacet
  facet normal 0 0 1
    outer loop
      vertex -28.301188578223194 19.392000269019515 6.8
      vertex -28.598182396016657 21.029926490863147 6.8
      vertex -28.72824000264235 20.985777882396476 6.8
    endloop
  endfacet
  facet normal 0 0 1
    outer loop
      vertex -28.301188578223194 19.392000269019515 6.8
      vertex -28.475 21.09067332602634 6.8
      vertex -28.598182396016657 21.029926490863147 6.8
    endloop
  endfacet
  facet normal 0 0 1
    outer loop
      vertex -28.301188578223194 19.392000269019515 6.8
      vertex -28.360800499540844 21.166978992694204 6.8
      vertex -28.475 21.09067332602634 6.8
    endloop
  endfacet
  facet normal 0 0 1
    outer loop
      vertex -27.96675473261426 19.505525262219525 6.8
      vertex -28.257537879754125 21.257537879754125 6.8
      vertex -28.360800499540844 21.166978992694204 6.8
    endloop
  endfacet
  facet normal 0 0 1
    outer loop
      vertex -27.96675473261426 19.505525262219525 6.8
      vertex -28.166978992694204 21.360800499540844 6.8
      vertex -28.257537879754125 21.257537879754125 6.8
    endloop
  endfacet
  facet normal 0 0 1
    outer loop
      vertex -27.96675473261426 19.505525262219525 6.8
      vertex -27.65 19.661731409782014 6.8
      vertex -27.985777882396476 21.72824000264235 6.8
    endloop
  endfacet
  facet normal 0 0 1
    outer loop
      vertex -27.96675473261426 19.505525262219525 6.8
      vertex -28.09067332602634 21.475 6.8
      vertex -28.166978992694204 21.360800499540844 6.8
    endloop
  endfacet
  facet normal 0 0 1
    outer loop
      vertex -27.96675473261426 19.505525262219525 6.8
      vertex -28.029926490863147 21.598182396016657 6.8
      vertex -28.09067332602634 21.475 6.8
    endloop
  endfacet
  facet normal 0 0 1
    outer loop
      vertex -27.96675473261426 19.505525262219525 6.8
      vertex -27.985777882396476 21.72824000264235 6.8
      vertex -28.029926490863147 21.598182396016657 6.8
    endloop
  endfacet
  facet normal 0 0 1
    outer loop
      vertex -27.65 19.661731409782014 6.8
      vertex -27.958982895557497 21.862947498168946 6.8
      vertex -27.985777882396476 21.72824000264235 6.8
    endloop
  endfacet
  facet normal 0 0 1
    outer loop
      vertex -27.65 19.661731409782014 6.8
      vertex -27.95 22 6.8
      vertex -27.958982895557497 21.862947498168946 6.8
    endloop
  endfacet
  facet normal 0 0 1
    outer loop
      vertex -27.65 19.661731409782014 6.8
      vertex -27.356344141676455 19.857945981213664 6.8
      vertex -27.65 24.338268590217986 6.8
    endloop
  endfacet
  facet normal 0 0 1
    outer loop
      vertex -27.356344141676455 19.857945981213664 6.8
      vertex -27.090811690796322 20.090811690796322 6.8
      vertex -27.356344141676455 24.142054018786336 6.8
    endloop
  endfacet
  facet normal 0 0 1
    outer loop
      vertex -27.090811690796322 20.090811690796322 6.8
      vertex -26.857945981213664 20.356344141676455 6.8
      vertex -27.090811690796322 23.909188309203678 6.8
    endloop
  endfacet
  facet normal 0 0 1
    outer loop
      vertex -31.607999730980485 21.301188578223194 6.8
      vertex -31.67690112570929 22.35242071899414 6.8
      vertex -31.67690112570929 21.64757928100586 6.8
    endloop
  endfacet
  facet normal 0 0 1
    outer loop
      vertex -31.67690112570929 21.64757928100586 6.8
      vertex -31.67690112570929 22.35242071899414 6.8
      vertex -31.7 22 6.8
    endloop
  endfacet
  facet normal 0 0 1
    outer loop
      vertex -31.607999730980485 21.301188578223194 6.8
      vertex -31.607999730980485 22.698811421776806 6.8
      vertex -31.67690112570929 22.35242071899414 6.8
    endloop
  endfacet
  facet normal 0 0 1
    outer loop
      vertex -31.494474737780475 20.96675473261426 6.8
      vertex -31.494474737780475 23.03324526738574 6.8
      vertex -31.607999730980485 22.698811421776806 6.8
    endloop
  endfacet
  facet normal 0 0 1
    outer loop
      vertex -31.338268590217986 20.65 6.8
      vertex -31.338268590217986 23.35 6.8
      vertex -31.494474737780475 23.03324526738574 6.8
    endloop
  endfacet
  facet normal 0 0 1
    outer loop
      vertex -31.142054018786336 20.356344141676455 6.8
      vertex -31.142054018786336 23.643655858323545 6.8
      vertex -31.338268590217986 23.35 6.8
    endloop
  endfacet
  facet normal 0 0 1
    outer loop
      vertex -30.909188309203678 20.090811690796322 6.8
      vertex -30.909188309203678 23.909188309203678 6.8
      vertex -31.142054018786336 23.643655858323545 6.8
    endloop
  endfacet
  facet normal 0 0 1
    outer loop
      vertex -30.643655858323545 19.857945981213664 6.8
      vertex -30.643655858323545 24.142054018786336 6.8
      vertex -30.909188309203678 23.909188309203678 6.8
    endloop
  endfacet
  facet normal 0 0 1
    outer loop
      vertex -30.35 19.661731409782014 6.8
      vertex -30.35 24.338268590217986 6.8
      vertex -30.643655858323545 24.142054018786336 6.8
    endloop
  endfacet
  facet normal 0 0 1
    outer loop
      vertex -30.03324526738574 19.505525262219525 6.8
      vertex -30.05 22 6.8
      vertex -30.35 24.338268590217986 6.8
    endloop
  endfacet
  facet normal 0 0 1
    outer loop
      vertex -30.05 22 6.8
      vertex -30.041017104442503 22.137052501831054 6.8
      vertex -30.35 24.338268590217986 6.8
    endloop
  endfacet
  facet normal 0 0 1
    outer loop
      vertex -30.041017104442503 22.137052501831054 6.8
      vertex -30.014222117603524 22.27175999735765 6.8
      vertex -30.35 24.338268590217986 6.8
    endloop
  endfacet
  facet normal 0 0 1
    outer loop
      vertex -30.014222117603524 22.27175999735765 6.8
      vertex -29.970073509136853 22.401817603983343 6.8
      vertex -30.03324526738574 24.494474737780475 6.8
    endloop
  endfacet
  facet normal 0 0 1
    outer loop
      vertex -29.970073509136853 22.401817603983343 6.8
      vertex -29.90932667397366 22.525 6.8
      vertex -30.03324526738574 24.494474737780475 6.8
    endloop
  endfacet
  facet normal 0 0 1
    outer loop
      vertex -29.90932667397366 22.525 6.8
      vertex -29.833021007305796 22.639199500459156 6.8
      vertex -30.03324526738574 24.494474737780475 6.8
    endloop
  endfacet
  facet normal 0 0 1
    outer loop
      vertex -29.833021007305796 22.639199500459156 6.8
      vertex -29.742462120245875 22.742462120245875 6.8
      vertex -30.03324526738574 24.494474737780475 6.8
    endloop
  endfacet
  facet normal 0 0 1
    outer loop
      vertex -29.742462120245875 22.742462120245875 6.8
      vertex -29.639199500459156 22.833021007305796 6.8
      vertex -30.03324526738574 24.494474737780475 6.8
    endloop
  endfacet
  facet normal 0 0 1
    outer loop
      vertex -29.639199500459156 22.833021007305796 6.8
      vertex -29.525 22.90932667397366 6.8
      vertex -29.698811421776806 24.607999730980485 6.8
    endloop
  endfacet
  facet normal 0 0 1
    outer loop
      vertex -29.525 22.90932667397366 6.8
      vertex -29.401817603983343 22.970073509136853 6.8
      vertex -29.698811421776806 24.607999730980485 6.8
    endloop
  endfacet
  facet normal 0 0 1
    outer loop
      vertex -29.401817603983343 22.970073509136853 6.8
      vertex -29.27175999735765 23.014222117603524 6.8
      vertex -29.698811421776806 24.607999730980485 6.8
    endloop
  endfacet
  facet normal 0 0 1
    outer loop
      vertex -30.014222117603524 22.27175999735765 6.8
      vertex -30.03324526738574 24.494474737780475 6.8
      vertex -30.35 24.338268590217986 6.8
    endloop
  endfacet
  facet normal 0 0 1
    outer loop
      vertex -29.639199500459156 22.833021007305796 6.8
      vertex -29.698811421776806 24.607999730980485 6.8
      vertex -30.03324526738574 24.494474737780475 6.8
    endloop
  endfacet
  facet normal 0 0 1
    outer loop
      vertex -29.27175999735765 23.014222117603524 6.8
      vertex -29.137052501831054 23.041017104442503 6.8
      vertex -29.35242071899414 24.67690112570929 6.8
    endloop
  endfacet
  facet normal 0 0 1
    outer loop
      vertex -29.27175999735765 23.014222117603524 6.8
      vertex -29.35242071899414 24.67690112570929 6.8
      vertex -29.698811421776806 24.607999730980485 6.8
    endloop
  endfacet
  facet normal 0 0 1
    outer loop
      vertex -28.72824000264235 23.014222117603524 6.8
      vertex -28.598182396016657 22.970073509136853 6.8
      vertex -28.64757928100586 24.67690112570929 6.8
    endloop
  endfacet
  facet normal 0 0 1
    outer loop
      vertex -28.598182396016657 22.970073509136853 6.8
      vertex -28.475 22.90932667397366 6.8
      vertex -28.64757928100586 24.67690112570929 6.8
    endloop
  endfacet
  facet normal 0 0 1
    outer loop
      vertex -28.166978992694204 22.639199500459156 6.8
      vertex -28.301188578223194 24.607999730980485 6.8
      vertex -28.257537879754125 22.742462120245875 6.8
    endloop
  endfacet
  facet normal 0 0 1
    outer loop
      vertex -28.360800499540844 22.833021007305796 6.8
      vertex -28.257537879754125 22.742462120245875 6.8
      vertex -28.301188578223194 24.607999730980485 6.8
    endloop
  endfacet
  facet normal 0 0 1
    outer loop
      vertex -28.475 22.90932667397366 6.8
      vertex -28.360800499540844 22.833021007305796 6.8
      vertex -28.301188578223194 24.607999730980485 6.8
    endloop
  endfacet
  facet normal 0 0 1
    outer loop
      vertex -27.65 19.661731409782014 6.8
      vertex -27.96675473261426 24.494474737780475 6.8
      vertex -27.95 22 6.8
    endloop
  endfacet
  facet normal 0 0 1
    outer loop
      vertex -27.95 22 6.8
      vertex -27.96675473261426 24.494474737780475 6.8
      vertex -27.958982895557497 22.137052501831054 6.8
    endloop
  endfacet
  facet normal 0 0 1
    outer loop
      vertex -27.985777882396476 22.27175999735765 6.8
      vertex -27.96675473261426 24.494474737780475 6.8
      vertex -28.029926490863147 22.401817603983343 6.8
    endloop
  endfacet
  facet normal 0 0 1
    outer loop
      vertex -27.958982895557497 22.137052501831054 6.8
      vertex -27.96675473261426 24.494474737780475 6.8
      vertex -27.985777882396476 22.27175999735765 6.8
    endloop
  endfacet
  facet normal 0 0 1
    outer loop
      vertex -27.65 19.661731409782014 6.8
      vertex -27.65 24.338268590217986 6.8
      vertex -27.96675473261426 24.494474737780475 6.8
    endloop
  endfacet
  facet normal 0 0 1
    outer loop
      vertex -28.166978992694204 22.639199500459156 6.8
      vertex -28.09067332602634 22.525 6.8
      vertex -27.96675473261426 24.494474737780475 6.8
    endloop
  endfacet
  facet normal 0 0 1
    outer loop
      vertex -28.029926490863147 22.401817603983343 6.8
      vertex -27.96675473261426 24.494474737780475 6.8
      vertex -28.09067332602634 22.525 6.8
    endloop
  endfacet
  facet normal 0 0 1
    outer loop
      vertex -27.356344141676455 19.857945981213664 6.8
      vertex -27.356344141676455 24.142054018786336 6.8
      vertex -27.65 24.338268590217986 6.8
    endloop
  endfacet
  facet normal 0 0 1
    outer loop
      vertex -27.090811690796322 20.090811690796322 6.8
      vertex -27.090811690796322 23.909188309203678 6.8
      vertex -27.356344141676455 24.142054018786336 6.8
    endloop
  endfacet
  facet normal 0 0 1
    outer loop
      vertex -29.137052501831054 23.041017104442503 6.8
      vertex -29 23.05 6.8
      vertex -29 24.7 6.8
    endloop
  endfacet
  facet normal 0 0 1
    outer loop
      vertex -29 23.05 6.8
      vertex -28.862947498168946 23.041017104442503 6.8
      vertex -29 24.7 6.8
    endloop
  endfacet
  facet normal 0 0 1
    outer loop
      vertex -28.862947498168946 23.041017104442503 6.8
      vertex -28.72824000264235 23.014222117603524 6.8
      vertex -28.64757928100586 24.67690112570929 6.8
    endloop
  endfacet
  facet normal 0 0 1
    outer loop
      vertex -29.35242071899414 24.67690112570929 6.8
      vertex -29.137052501831054 23.041017104442503 6.8
      vertex -29 24.7 6.8
    endloop
  endfacet
  facet normal 0 0 1
    outer loop
      vertex -28.862947498168946 23.041017104442503 6.8
      vertex -28.64757928100586 24.67690112570929 6.8
      vertex -29 24.7 6.8
    endloop
  endfacet
  facet normal 0 0 1
    outer loop
      vertex -28.166978992694204 22.639199500459156 6.8
      vertex -27.96675473261426 24.494474737780475 6.8
      vertex -28.301188578223194 24.607999730980485 6.8
    endloop
  endfacet
  facet normal 0 0 1
    outer loop
      vertex -28.475 22.90932667397366 6.8
      vertex -28.301188578223194 24.607999730980485 6.8
      vertex -28.64757928100586 24.67690112570929 6.8
    endloop
  endfacet
  facet normal 0 0 1
    outer loop
      vertex -26.857945981213664 20.356344141676455 6.8
      vertex -26.661731409782014 20.65 6.8
      vertex -26.857945981213664 23.643655858323545 6.8
    endloop
  endfacet
  facet normal 0 0 1
    outer loop
      vertex -26.661731409782014 20.65 6.8
      vertex -26.505525262219525 20.96675473261426 6.8
      vertex -26.661731409782014 23.35 6.8
    endloop
  endfacet
  facet normal 0 0 1
    outer loop
      vertex -26.505525262219525 20.96675473261426 6.8
      vertex -26.392000269019515 21.301188578223194 6.8
      vertex -26.505525262219525 23.03324526738574 6.8
    endloop
  endfacet
  facet normal 0 0 1
    outer loop
      vertex -27.090811690796322 23.909188309203678 6.8
      vertex -26.857945981213664 20.356344141676455 6.8
      vertex -26.857945981213664 23.643655858323545 6.8
    endloop
  endfacet
  facet normal 0 0 1
    outer loop
      vertex -26.661731409782014 20.65 6.8
      vertex -26.661731409782014 23.35 6.8
      vertex -26.857945981213664 23.643655858323545 6.8
    endloop
  endfacet
  facet normal 0 0 1
    outer loop
      vertex -26.505525262219525 20.96675473261426 6.8
      vertex -26.505525262219525 23.03324526738574 6.8
      vertex -26.661731409782014 23.35 6.8
    endloop
  endfacet
  facet normal 0 0 1
    outer loop
      vertex -26.392000269019515 21.301188578223194 6.8
      vertex -26.32309887429071 21.64757928100586 6.8
      vertex -26.392000269019515 22.698811421776806 6.8
    endloop
  endfacet
  facet normal 0 0 1
    outer loop
      vertex -26.32309887429071 21.64757928100586 6.8
      vertex -26.3 22 6.8
      vertex -26.32309887429071 22.35242071899414 6.8
    endloop
  endfacet
  facet normal 0 0 1
    outer loop
      vertex -26.32309887429071 21.64757928100586 6.8
      vertex -26.32309887429071 22.35242071899414 6.8
      vertex -26.392000269019515 22.698811421776806 6.8
    endloop
  endfacet
  facet normal 0 0 1
    outer loop
      vertex -26.392000269019515 21.301188578223194 6.8
      vertex -26.392000269019515 22.698811421776806 6.8
      vertex -26.505525262219525 23.03324526738574 6.8
    endloop
  endfacet
  facet normal 0.6593458151000597 0.7518398074789853 0
    outer loop
      vertex -29.742462120245875 -22.742462120245875 1.8
      vertex -29.742462120245875 -22.742462120245875 6.8
      vertex -29.639199500459156 -22.833021007305796 1.8
    endloop
  endfacet
  facet normal 0.7518398074789853 0.6593458151000597 5.004415402701427e-19
    outer loop
      vertex -29.742462120245875 -22.742462120245875 1.8
      vertex -29.833021007305796 -22.639199500459156 1.8
      vertex -29.833021007305796 -22.639199500459156 6.8
    endloop
  endfacet
  facet normal 0.5555702330195983 0.8314696123025479 0
    outer loop
      vertex -29.639199500459156 -22.833021007305796 1.8
      vertex -29.639199500459156 -22.833021007305796 6.8
      vertex -29.525 -22.90932667397366 1.8
    endloop
  endfacet
  facet normal 0.4422886902190196 0.8968727415326793 0
    outer loop
      vertex -29.525 -22.90932667397366 1.8
      vertex -29.525 -22.90932667397366 6.8
      vertex -29.401817603983343 -22.970073509136853 1.8
    endloop
  endfacet
  facet normal 0.32143946530316875 0.9469301294951032 0
    outer loop
      vertex -29.401817603983343 -22.970073509136853 1.8
      vertex -29.401817603983343 -22.970073509136853 6.8
      vertex -29.27175999735765 -23.014222117603524 1.8
    endloop
  endfacet
  facet normal 0.8314696123025479 0.5555702330195983 -3.119563524338364e-19
    outer loop
      vertex -29.833021007305796 -22.639199500459156 1.8
      vertex -29.90932667397366 -22.525 1.8
      vertex -29.90932667397366 -22.525 6.8
    endloop
  endfacet
  facet normal 0.8968727415326793 0.4422886902190196 -2.1366178928015228e-19
    outer loop
      vertex -29.90932667397366 -22.525 1.8
      vertex -29.970073509136853 -22.401817603983343 1.8
      vertex -29.970073509136853 -22.401817603983343 6.8
    endloop
  endfacet
  facet normal 0.9469301294951032 0.32143946530316875 -2.858405001631252e-19
    outer loop
      vertex -29.970073509136853 -22.401817603983343 1.8
      vertex -30.014222117603524 -22.27175999735765 1.8
      vertex -30.014222117603524 -22.27175999735765 6.8
    endloop
  endfacet
  facet normal 0.980785280403231 0.19509032201612525 -2.2330788375513627e-19
    outer loop
      vertex -30.014222117603524 -22.27175999735765 1.8
      vertex -30.041017104442503 -22.137052501831054 1.8
      vertex -30.041017104442503 -22.137052501831054 6.8
    endloop
  endfacet
  facet normal 0.997858923238604 0.06540312923013539 -5.0365231081995063e-20
    outer loop
      vertex -30.041017104442503 -22.137052501831054 1.8
      vertex -30.05 -22 1.8
      vertex -30.05 -22 6.8
    endloop
  endfacet
  facet normal 0.997858923238604 -0.06540312923013539 5.0365231081995063e-20
    outer loop
      vertex -30.05 -22 1.8
      vertex -30.041017104442503 -21.862947498168946 1.8
      vertex -30.041017104442503 -21.862947498168946 6.8
    endloop
  endfacet
  facet normal 0.980785280403231 -0.19509032201612525 2.2330788375513627e-19
    outer loop
      vertex -30.041017104442503 -21.862947498168946 1.8
      vertex -30.014222117603524 -21.72824000264235 1.8
      vertex -30.014222117603524 -21.72824000264235 6.8
    endloop
  endfacet
  facet normal 0.19509032201612525 0.980785280403231 0
    outer loop
      vertex -29.27175999735765 -23.014222117603524 1.8
      vertex -29.27175999735765 -23.014222117603524 6.8
      vertex -29.137052501831054 -23.041017104442503 1.8
    endloop
  endfacet
  facet normal 0.06540312923013539 0.997858923238604 0
    outer loop
      vertex -29.137052501831054 -23.041017104442503 1.8
      vertex -29.137052501831054 -23.041017104442503 6.8
      vertex -29 -23.05 1.8
    endloop
  endfacet
  facet normal -0.06540312923013539 0.997858923238604 0
    outer loop
      vertex -29 -23.05 1.8
      vertex -29 -23.05 6.8
      vertex -28.862947498168946 -23.041017104442503 1.8
    endloop
  endfacet
  facet normal -0.19509032201612525 0.980785280403231 0
    outer loop
      vertex -28.862947498168946 -23.041017104442503 1.8
      vertex -28.862947498168946 -23.041017104442503 6.8
      vertex -28.72824000264235 -23.014222117603524 1.8
    endloop
  endfacet
  facet normal -0.32143946530316875 0.9469301294951032 0
    outer loop
      vertex -28.72824000264235 -23.014222117603524 1.8
      vertex -28.72824000264235 -23.014222117603524 6.8
      vertex -28.598182396016657 -22.970073509136853 1.8
    endloop
  endfacet
  facet normal -0.4422886902190196 0.8968727415326793 0
    outer loop
      vertex -28.598182396016657 -22.970073509136853 1.8
      vertex -28.598182396016657 -22.970073509136853 6.8
      vertex -28.475 -22.90932667397366 1.8
    endloop
  endfacet
  facet normal -0.5555702330195983 0.8314696123025479 0
    outer loop
      vertex -28.475 -22.90932667397366 1.8
      vertex -28.475 -22.90932667397366 6.8
      vertex -28.360800499540844 -22.833021007305796 1.8
    endloop
  endfacet
  facet normal -0.6593458151000597 0.7518398074789853 0
    outer loop
      vertex -28.360800499540844 -22.833021007305796 1.8
      vertex -28.360800499540844 -22.833021007305796 6.8
      vertex -28.257537879754125 -22.742462120245875 1.8
    endloop
  endfacet
  facet normal -0.7518398074789853 0.6593458151000597 0
    outer loop
      vertex -28.257537879754125 -22.742462120245875 1.8
      vertex -28.257537879754125 -22.742462120245875 6.8
      vertex -28.166978992694204 -22.639199500459156 1.8
    endloop
  endfacet
  facet normal -0.8314696123025479 0.5555702330195983 0
    outer loop
      vertex -28.166978992694204 -22.639199500459156 1.8
      vertex -28.166978992694204 -22.639199500459156 6.8
      vertex -28.09067332602634 -22.525 1.8
    endloop
  endfacet
  facet normal -0.8968727415326793 0.4422886902190196 0
    outer loop
      vertex -28.09067332602634 -22.525 1.8
      vertex -28.09067332602634 -22.525 6.8
      vertex -28.029926490863147 -22.401817603983343 1.8
    endloop
  endfacet
  facet normal -0.9469301294951032 0.32143946530316875 0
    outer loop
      vertex -28.029926490863147 -22.401817603983343 1.8
      vertex -28.029926490863147 -22.401817603983343 6.8
      vertex -27.985777882396476 -22.27175999735765 1.8
    endloop
  endfacet
  facet normal -0.980785280403231 0.19509032201612525 0
    outer loop
      vertex -27.985777882396476 -22.27175999735765 1.8
      vertex -27.985777882396476 -22.27175999735765 6.8
      vertex -27.958982895557497 -22.137052501831054 1.8
    endloop
  endfacet
  facet normal -0.997858923238604 0.06540312923013539 0
    outer loop
      vertex -27.958982895557497 -22.137052501831054 1.8
      vertex -27.958982895557497 -22.137052501831054 6.8
      vertex -27.95 -22 1.8
    endloop
  endfacet
  facet normal -0.997858923238604 -0.06540312923013539 0
    outer loop
      vertex -27.95 -22 1.8
      vertex -27.95 -22 6.8
      vertex -27.958982895557497 -21.862947498168946 1.8
    endloop
  endfacet
  facet normal -0.980785280403231 -0.19509032201612525 0
    outer loop
      vertex -27.958982895557497 -21.862947498168946 1.8
      vertex -27.958982895557497 -21.862947498168946 6.8
      vertex -27.985777882396476 -21.72824000264235 1.8
    endloop
  endfacet
  facet normal 0.5555702330195983 0.8314696123025479 0
    outer loop
      vertex -29.525 -22.90932667397366 1.8
      vertex -29.639199500459156 -22.833021007305796 6.8
      vertex -29.525 -22.90932667397366 6.8
    endloop
  endfacet
  facet normal 0.6593458151000597 0.7518398074789853 0
    outer loop
      vertex -29.639199500459156 -22.833021007305796 1.8
      vertex -29.742462120245875 -22.742462120245875 6.8
      vertex -29.639199500459156 -22.833021007305796 6.8
    endloop
  endfacet
  facet normal 0.7518398074789853 0.6593458151000597 0
    outer loop
      vertex -29.742462120245875 -22.742462120245875 1.8
      vertex -29.833021007305796 -22.639199500459156 6.8
      vertex -29.742462120245875 -22.742462120245875 6.8
    endloop
  endfacet
  facet normal 0.4422886902190196 0.8968727415326793 0
    outer loop
      vertex -29.401817603983343 -22.970073509136853 1.8
      vertex -29.525 -22.90932667397366 6.8
      vertex -29.401817603983343 -22.970073509136853 6.8
    endloop
  endfacet
  facet normal 0.32143946530316875 0.9469301294951032 0
    outer loop
      vertex -29.27175999735765 -23.014222117603524 1.8
      vertex -29.401817603983343 -22.970073509136853 6.8
      vertex -29.27175999735765 -23.014222117603524 6.8
    endloop
  endfacet
  facet normal 0.8314696123025479 0.5555702330195983 0
    outer loop
      vertex -29.833021007305796 -22.639199500459156 1.8
      vertex -29.90932667397366 -22.525 6.8
      vertex -29.833021007305796 -22.639199500459156 6.8
    endloop
  endfacet
  facet normal 0.8968727415326793 0.4422886902190196 0
    outer loop
      vertex -29.90932667397366 -22.525 1.8
      vertex -29.970073509136853 -22.401817603983343 6.8
      vertex -29.90932667397366 -22.525 6.8
    endloop
  endfacet
  facet normal 0.9469301294951032 0.32143946530316875 0
    outer loop
      vertex -29.970073509136853 -22.401817603983343 1.8
      vertex -30.014222117603524 -22.27175999735765 6.8
      vertex -29.970073509136853 -22.401817603983343 6.8
    endloop
  endfacet
  facet normal 0.980785280403231 0.19509032201612525 0
    outer loop
      vertex -30.014222117603524 -22.27175999735765 1.8
      vertex -30.041017104442503 -22.137052501831054 6.8
      vertex -30.014222117603524 -22.27175999735765 6.8
    endloop
  endfacet
  facet normal 0.997858923238604 0.06540312923013539 0
    outer loop
      vertex -30.041017104442503 -22.137052501831054 1.8
      vertex -30.05 -22 6.8
      vertex -30.041017104442503 -22.137052501831054 6.8
    endloop
  endfacet
  facet normal 0.997858923238604 -0.06540312923013539 0
    outer loop
      vertex -30.05 -22 1.8
      vertex -30.041017104442503 -21.862947498168946 6.8
      vertex -30.05 -22 6.8
    endloop
  endfacet
  facet normal 0.980785280403231 -0.19509032201612525 0
    outer loop
      vertex -30.041017104442503 -21.862947498168946 1.8
      vertex -30.014222117603524 -21.72824000264235 6.8
      vertex -30.041017104442503 -21.862947498168946 6.8
    endloop
  endfacet
  facet normal 0.19509032201612525 0.980785280403231 0
    outer loop
      vertex -29.137052501831054 -23.041017104442503 1.8
      vertex -29.27175999735765 -23.014222117603524 6.8
      vertex -29.137052501831054 -23.041017104442503 6.8
    endloop
  endfacet
  facet normal 0.06540312923013539 0.997858923238604 0
    outer loop
      vertex -29 -23.05 1.8
      vertex -29.137052501831054 -23.041017104442503 6.8
      vertex -29 -23.05 6.8
    endloop
  endfacet
  facet normal -0.06540312923013539 0.997858923238604 0
    outer loop
      vertex -28.862947498168946 -23.041017104442503 1.8
      vertex -29 -23.05 6.8
      vertex -28.862947498168946 -23.041017104442503 6.8
    endloop
  endfacet
  facet normal -0.19509032201612525 0.980785280403231 0
    outer loop
      vertex -28.72824000264235 -23.014222117603524 1.8
      vertex -28.862947498168946 -23.041017104442503 6.8
      vertex -28.72824000264235 -23.014222117603524 6.8
    endloop
  endfacet
  facet normal -0.32143946530316875 0.9469301294951032 0
    outer loop
      vertex -28.598182396016657 -22.970073509136853 1.8
      vertex -28.72824000264235 -23.014222117603524 6.8
      vertex -28.598182396016657 -22.970073509136853 6.8
    endloop
  endfacet
  facet normal -0.4422886902190196 0.8968727415326793 0
    outer loop
      vertex -28.475 -22.90932667397366 1.8
      vertex -28.598182396016657 -22.970073509136853 6.8
      vertex -28.475 -22.90932667397366 6.8
    endloop
  endfacet
  facet normal -0.5555702330195983 0.8314696123025479 0
    outer loop
      vertex -28.360800499540844 -22.833021007305796 1.8
      vertex -28.475 -22.90932667397366 6.8
      vertex -28.360800499540844 -22.833021007305796 6.8
    endloop
  endfacet
  facet normal -0.6593458151000597 0.7518398074789853 0
    outer loop
      vertex -28.257537879754125 -22.742462120245875 1.8
      vertex -28.360800499540844 -22.833021007305796 6.8
      vertex -28.257537879754125 -22.742462120245875 6.8
    endloop
  endfacet
  facet normal -0.7518398074789853 0.6593458151000597 0
    outer loop
      vertex -28.166978992694204 -22.639199500459156 1.8
      vertex -28.257537879754125 -22.742462120245875 6.8
      vertex -28.166978992694204 -22.639199500459156 6.8
    endloop
  endfacet
  facet normal -0.8314696123025479 0.5555702330195983 0
    outer loop
      vertex -28.09067332602634 -22.525 1.8
      vertex -28.166978992694204 -22.639199500459156 6.8
      vertex -28.09067332602634 -22.525 6.8
    endloop
  endfacet
  facet normal -0.8968727415326793 0.4422886902190196 0
    outer loop
      vertex -28.029926490863147 -22.401817603983343 1.8
      vertex -28.09067332602634 -22.525 6.8
      vertex -28.029926490863147 -22.401817603983343 6.8
    endloop
  endfacet
  facet normal -0.9469301294951032 0.32143946530316875 0
    outer loop
      vertex -27.985777882396476 -22.27175999735765 1.8
      vertex -28.029926490863147 -22.401817603983343 6.8
      vertex -27.985777882396476 -22.27175999735765 6.8
    endloop
  endfacet
  facet normal -0.980785280403231 0.19509032201612525 0
    outer loop
      vertex -27.958982895557497 -22.137052501831054 1.8
      vertex -27.985777882396476 -22.27175999735765 6.8
      vertex -27.958982895557497 -22.137052501831054 6.8
    endloop
  endfacet
  facet normal -0.997858923238604 0.06540312923013539 0
    outer loop
      vertex -27.95 -22 1.8
      vertex -27.958982895557497 -22.137052501831054 6.8
      vertex -27.95 -22 6.8
    endloop
  endfacet
  facet normal -0.997858923238604 -0.06540312923013539 0
    outer loop
      vertex -27.958982895557497 -21.862947498168946 1.8
      vertex -27.95 -22 6.8
      vertex -27.958982895557497 -21.862947498168946 6.8
    endloop
  endfacet
  facet normal -0.980785280403231 -0.19509032201612525 0
    outer loop
      vertex -27.985777882396476 -21.72824000264235 1.8
      vertex -27.958982895557497 -21.862947498168946 6.8
      vertex -27.985777882396476 -21.72824000264235 6.8
    endloop
  endfacet
  facet normal 0.9469301294951032 -0.32143946530316875 2.858405001631252e-19
    outer loop
      vertex -30.014222117603524 -21.72824000264235 1.8
      vertex -29.970073509136853 -21.598182396016657 1.8
      vertex -29.970073509136853 -21.598182396016657 6.8
    endloop
  endfacet
  facet normal 0.8968727415326793 -0.4422886902190196 2.1366178928015228e-19
    outer loop
      vertex -29.970073509136853 -21.598182396016657 1.8
      vertex -29.90932667397366 -21.475 1.8
      vertex -29.90932667397366 -21.475 6.8
    endloop
  endfacet
  facet normal 0.8314696123025479 -0.5555702330195983 3.119563524338364e-19
    outer loop
      vertex -29.90932667397366 -21.475 1.8
      vertex -29.833021007305796 -21.360800499540844 1.8
      vertex -29.833021007305796 -21.360800499540844 6.8
    endloop
  endfacet
  facet normal 0.7518398074789853 -0.6593458151000597 -5.004415402701427e-19
    outer loop
      vertex -29.833021007305796 -21.360800499540844 1.8
      vertex -29.742462120245875 -21.257537879754125 1.8
      vertex -29.742462120245875 -21.257537879754125 6.8
    endloop
  endfacet
  facet normal 0.6593458151000597 -0.7518398074789853 -5.004415402701427e-19
    outer loop
      vertex -29.742462120245875 -21.257537879754125 1.8
      vertex -29.639199500459156 -21.166978992694204 1.8
      vertex -29.639199500459156 -21.166978992694204 6.8
    endloop
  endfacet
  facet normal 0.5555702330195983 -0.8314696123025479 3.119563524338364e-19
    outer loop
      vertex -29.639199500459156 -21.166978992694204 1.8
      vertex -29.525 -21.09067332602634 1.8
      vertex -29.525 -21.09067332602634 6.8
    endloop
  endfacet
  facet normal 0.4422886902190196 -0.8968727415326793 2.1366178928015228e-19
    outer loop
      vertex -29.525 -21.09067332602634 1.8
      vertex -29.401817603983343 -21.029926490863147 1.8
      vertex -29.401817603983343 -21.029926490863147 6.8
    endloop
  endfacet
  facet normal 0.32143946530316875 -0.9469301294951032 2.858405001631252e-19
    outer loop
      vertex -29.401817603983343 -21.029926490863147 1.8
      vertex -29.27175999735765 -20.985777882396476 1.8
      vertex -29.27175999735765 -20.985777882396476 6.8
    endloop
  endfacet
  facet normal 0.19509032201612525 -0.980785280403231 2.2330788375513627e-19
    outer loop
      vertex -29.27175999735765 -20.985777882396476 1.8
      vertex -29.137052501831054 -20.958982895557497 1.8
      vertex -29.137052501831054 -20.958982895557497 6.8
    endloop
  endfacet
  facet normal 0.06540312923013539 -0.997858923238604 5.0365231081995063e-20
    outer loop
      vertex -29.137052501831054 -20.958982895557497 1.8
      vertex -29 -20.95 1.8
      vertex -29 -20.95 6.8
    endloop
  endfacet
  facet normal -0.06540312923013539 -0.997858923238604 -5.0365231081995063e-20
    outer loop
      vertex -29 -20.95 1.8
      vertex -28.862947498168946 -20.958982895557497 1.8
      vertex -28.862947498168946 -20.958982895557497 6.8
    endloop
  endfacet
  facet normal -0.19509032201612525 -0.980785280403231 -2.2330788375513627e-19
    outer loop
      vertex -28.862947498168946 -20.958982895557497 1.8
      vertex -28.72824000264235 -20.985777882396476 1.8
      vertex -28.72824000264235 -20.985777882396476 6.8
    endloop
  endfacet
  facet normal -0.7518398074789853 -0.6593458151000597 0
    outer loop
      vertex -28.166978992694204 -21.360800499540844 1.8
      vertex -28.166978992694204 -21.360800499540844 6.8
      vertex -28.257537879754125 -21.257537879754125 1.8
    endloop
  endfacet
  facet normal -0.4422886902190196 -0.8968727415326793 0
    outer loop
      vertex -28.475 -21.09067332602634 1.8
      vertex -28.475 -21.09067332602634 6.8
      vertex -28.598182396016657 -21.029926490863147 1.8
    endloop
  endfacet
  facet normal -0.32143946530316875 -0.9469301294951032 -2.858405001631252e-19
    outer loop
      vertex -28.72824000264235 -20.985777882396476 1.8
      vertex -28.598182396016657 -21.029926490863147 1.8
      vertex -28.598182396016657 -21.029926490863147 6.8
    endloop
  endfacet
  facet normal -0.6593458151000597 -0.7518398074789853 5.004415402701427e-19
    outer loop
      vertex -28.360800499540844 -21.166978992694204 1.8
      vertex -28.257537879754125 -21.257537879754125 1.8
      vertex -28.257537879754125 -21.257537879754125 6.8
    endloop
  endfacet
  facet normal -0.5555702330195983 -0.8314696123025479 -3.119563524338364e-19
    outer loop
      vertex -28.475 -21.09067332602634 1.8
      vertex -28.360800499540844 -21.166978992694204 1.8
      vertex -28.360800499540844 -21.166978992694204 6.8
    endloop
  endfacet
  facet normal -0.9469301294951032 -0.32143946530316875 0
    outer loop
      vertex -27.985777882396476 -21.72824000264235 1.8
      vertex -27.985777882396476 -21.72824000264235 6.8
      vertex -28.029926490863147 -21.598182396016657 1.8
    endloop
  endfacet
  facet normal -0.8968727415326793 -0.4422886902190196 0
    outer loop
      vertex -28.029926490863147 -21.598182396016657 1.8
      vertex -28.029926490863147 -21.598182396016657 6.8
      vertex -28.09067332602634 -21.475 1.8
    endloop
  endfacet
  facet normal -0.8314696123025479 -0.5555702330195983 -3.119563524338364e-19
    outer loop
      vertex -28.166978992694204 -21.360800499540844 1.8
      vertex -28.09067332602634 -21.475 1.8
      vertex -28.09067332602634 -21.475 6.8
    endloop
  endfacet
  facet normal 0.9469301294951032 -0.32143946530316875 0
    outer loop
      vertex -30.014222117603524 -21.72824000264235 1.8
      vertex -29.970073509136853 -21.598182396016657 6.8
      vertex -30.014222117603524 -21.72824000264235 6.8
    endloop
  endfacet
  facet normal 0.8968727415326793 -0.4422886902190196 0
    outer loop
      vertex -29.970073509136853 -21.598182396016657 1.8
      vertex -29.90932667397366 -21.475 6.8
      vertex -29.970073509136853 -21.598182396016657 6.8
    endloop
  endfacet
  facet normal 0.8314696123025479 -0.5555702330195983 0
    outer loop
      vertex -29.90932667397366 -21.475 1.8
      vertex -29.833021007305796 -21.360800499540844 6.8
      vertex -29.90932667397366 -21.475 6.8
    endloop
  endfacet
  facet normal 0.7518398074789853 -0.6593458151000597 0
    outer loop
      vertex -29.833021007305796 -21.360800499540844 1.8
      vertex -29.742462120245875 -21.257537879754125 6.8
      vertex -29.833021007305796 -21.360800499540844 6.8
    endloop
  endfacet
  facet normal 0.6593458151000597 -0.7518398074789853 0
    outer loop
      vertex -29.742462120245875 -21.257537879754125 1.8
      vertex -29.639199500459156 -21.166978992694204 6.8
      vertex -29.742462120245875 -21.257537879754125 6.8
    endloop
  endfacet
  facet normal 0.5555702330195983 -0.8314696123025479 0
    outer loop
      vertex -29.639199500459156 -21.166978992694204 1.8
      vertex -29.525 -21.09067332602634 6.8
      vertex -29.639199500459156 -21.166978992694204 6.8
    endloop
  endfacet
  facet normal 0.4422886902190196 -0.8968727415326793 0
    outer loop
      vertex -29.525 -21.09067332602634 1.8
      vertex -29.401817603983343 -21.029926490863147 6.8
      vertex -29.525 -21.09067332602634 6.8
    endloop
  endfacet
  facet normal 0.32143946530316875 -0.9469301294951032 0
    outer loop
      vertex -29.401817603983343 -21.029926490863147 1.8
      vertex -29.27175999735765 -20.985777882396476 6.8
      vertex -29.401817603983343 -21.029926490863147 6.8
    endloop
  endfacet
  facet normal 0.19509032201612525 -0.980785280403231 0
    outer loop
      vertex -29.27175999735765 -20.985777882396476 1.8
      vertex -29.137052501831054 -20.958982895557497 6.8
      vertex -29.27175999735765 -20.985777882396476 6.8
    endloop
  endfacet
  facet normal 0.06540312923013539 -0.997858923238604 0
    outer loop
      vertex -29.137052501831054 -20.958982895557497 1.8
      vertex -29 -20.95 6.8
      vertex -29.137052501831054 -20.958982895557497 6.8
    endloop
  endfacet
  facet normal -0.06540312923013539 -0.997858923238604 0
    outer loop
      vertex -29 -20.95 1.8
      vertex -28.862947498168946 -20.958982895557497 6.8
      vertex -29 -20.95 6.8
    endloop
  endfacet
  facet normal -0.19509032201612525 -0.980785280403231 0
    outer loop
      vertex -28.862947498168946 -20.958982895557497 1.8
      vertex -28.72824000264235 -20.985777882396476 6.8
      vertex -28.862947498168946 -20.958982895557497 6.8
    endloop
  endfacet
  facet normal -0.8314696123025479 -0.5555702330195983 0
    outer loop
      vertex -28.166978992694204 -21.360800499540844 1.8
      vertex -28.09067332602634 -21.475 6.8
      vertex -28.166978992694204 -21.360800499540844 6.8
    endloop
  endfacet
  facet normal -0.5555702330195983 -0.8314696123025479 0
    outer loop
      vertex -28.475 -21.09067332602634 1.8
      vertex -28.360800499540844 -21.166978992694204 6.8
      vertex -28.475 -21.09067332602634 6.8
    endloop
  endfacet
  facet normal -0.32143946530316875 -0.9469301294951032 0
    outer loop
      vertex -28.72824000264235 -20.985777882396476 1.8
      vertex -28.598182396016657 -21.029926490863147 6.8
      vertex -28.72824000264235 -20.985777882396476 6.8
    endloop
  endfacet
  facet normal -0.4422886902190196 -0.8968727415326793 0
    outer loop
      vertex -28.598182396016657 -21.029926490863147 1.8
      vertex -28.475 -21.09067332602634 6.8
      vertex -28.598182396016657 -21.029926490863147 6.8
    endloop
  endfacet
  facet normal -0.6593458151000597 -0.7518398074789853 0
    outer loop
      vertex -28.360800499540844 -21.166978992694204 1.8
      vertex -28.257537879754125 -21.257537879754125 6.8
      vertex -28.360800499540844 -21.166978992694204 6.8
    endloop
  endfacet
  facet normal -0.7518398074789853 -0.6593458151000597 0
    outer loop
      vertex -28.257537879754125 -21.257537879754125 1.8
      vertex -28.166978992694204 -21.360800499540844 6.8
      vertex -28.257537879754125 -21.257537879754125 6.8
    endloop
  endfacet
  facet normal -0.9469301294951032 -0.32143946530316875 0
    outer loop
      vertex -28.029926490863147 -21.598182396016657 1.8
      vertex -27.985777882396476 -21.72824000264235 6.8
      vertex -28.029926490863147 -21.598182396016657 6.8
    endloop
  endfacet
  facet normal -0.8968727415326793 -0.4422886902190196 0
    outer loop
      vertex -28.09067332602634 -21.475 1.8
      vertex -28.029926490863147 -21.598182396016657 6.8
      vertex -28.09067332602634 -21.475 6.8
    endloop
  endfacet
  facet normal 0.8314696123025479 0.5555702330195983 0
    outer loop
      vertex 28.09067332602634 -22.525 1.8
      vertex 28.09067332602634 -22.525 6.8
      vertex 28.166978992694204 -22.639199500459156 1.8
    endloop
  endfacet
  facet normal 0.8968727415326793 0.4422886902190196 -2.1366178928015228e-19
    outer loop
      vertex 28.09067332602634 -22.525 1.8
      vertex 28.029926490863147 -22.401817603983343 1.8
      vertex 28.029926490863147 -22.401817603983343 6.8
    endloop
  endfacet
  facet normal 0.9469301294951032 0.32143946530316875 -2.858405001631252e-19
    outer loop
      vertex 28.029926490863147 -22.401817603983343 1.8
      vertex 27.985777882396476 -22.27175999735765 1.8
      vertex 27.985777882396476 -22.27175999735765 6.8
    endloop
  endfacet
  facet normal 0.980785280403231 0.19509032201612525 -2.2330788375513627e-19
    outer loop
      vertex 27.985777882396476 -22.27175999735765 1.8
      vertex 27.958982895557497 -22.137052501831054 1.8
      vertex 27.958982895557497 -22.137052501831054 6.8
    endloop
  endfacet
  facet normal 0.997858923238604 0.06540312923013539 -5.0365231081995063e-20
    outer loop
      vertex 27.958982895557497 -22.137052501831054 1.8
      vertex 27.95 -22 1.8
      vertex 27.95 -22 6.8
    endloop
  endfacet
  facet normal 0.997858923238604 -0.06540312923013539 5.0365231081995063e-20
    outer loop
      vertex 27.95 -22 1.8
      vertex 27.958982895557497 -21.862947498168946 1.8
      vertex 27.958982895557497 -21.862947498168946 6.8
    endloop
  endfacet
  facet normal 0.980785280403231 -0.19509032201612525 2.2330788375513627e-19
    outer loop
      vertex 27.958982895557497 -21.862947498168946 1.8
      vertex 27.985777882396476 -21.72824000264235 1.8
      vertex 27.985777882396476 -21.72824000264235 6.8
    endloop
  endfacet
  facet normal 0.7518398074789853 0.6593458151000597 5.004415402701427e-19
    outer loop
      vertex 28.257537879754125 -22.742462120245875 1.8
      vertex 28.166978992694204 -22.639199500459156 1.8
      vertex 28.166978992694204 -22.639199500459156 6.8
    endloop
  endfacet
  facet normal 0.6593458151000597 0.7518398074789853 0
    outer loop
      vertex 28.257537879754125 -22.742462120245875 1.8
      vertex 28.257537879754125 -22.742462120245875 6.8
      vertex 28.360800499540844 -22.833021007305796 1.8
    endloop
  endfacet
  facet normal 0.5555702330195983 0.8314696123025479 0
    outer loop
      vertex 28.360800499540844 -22.833021007305796 1.8
      vertex 28.360800499540844 -22.833021007305796 6.8
      vertex 28.475 -22.90932667397366 1.8
    endloop
  endfacet
  facet normal 0.4422886902190196 0.8968727415326793 0
    outer loop
      vertex 28.475 -22.90932667397366 1.8
      vertex 28.475 -22.90932667397366 6.8
      vertex 28.598182396016657 -22.970073509136853 1.8
    endloop
  endfacet
  facet normal 0.32143946530316875 0.9469301294951032 0
    outer loop
      vertex 28.598182396016657 -22.970073509136853 1.8
      vertex 28.598182396016657 -22.970073509136853 6.8
      vertex 28.72824000264235 -23.014222117603524 1.8
    endloop
  endfacet
  facet normal 0.19509032201612525 0.980785280403231 0
    outer loop
      vertex 28.72824000264235 -23.014222117603524 1.8
      vertex 28.72824000264235 -23.014222117603524 6.8
      vertex 28.862947498168946 -23.041017104442503 1.8
    endloop
  endfacet
  facet normal 0.06540312923013539 0.997858923238604 0
    outer loop
      vertex 28.862947498168946 -23.041017104442503 1.8
      vertex 28.862947498168946 -23.041017104442503 6.8
      vertex 29 -23.05 1.8
    endloop
  endfacet
  facet normal -0.06540312923013539 0.997858923238604 0
    outer loop
      vertex 29 -23.05 1.8
      vertex 29 -23.05 6.8
      vertex 29.137052501831054 -23.041017104442503 1.8
    endloop
  endfacet
  facet normal -0.19509032201612525 0.980785280403231 0
    outer loop
      vertex 29.137052501831054 -23.041017104442503 1.8
      vertex 29.137052501831054 -23.041017104442503 6.8
      vertex 29.27175999735765 -23.014222117603524 1.8
    endloop
  endfacet
  facet normal -0.32143946530316875 0.9469301294951032 0
    outer loop
      vertex 29.27175999735765 -23.014222117603524 1.8
      vertex 29.27175999735765 -23.014222117603524 6.8
      vertex 29.401817603983343 -22.970073509136853 1.8
    endloop
  endfacet
  facet normal -0.4422886902190196 0.8968727415326793 0
    outer loop
      vertex 29.401817603983343 -22.970073509136853 1.8
      vertex 29.401817603983343 -22.970073509136853 6.8
      vertex 29.525 -22.90932667397366 1.8
    endloop
  endfacet
  facet normal -0.5555702330195983 0.8314696123025479 0
    outer loop
      vertex 29.525 -22.90932667397366 1.8
      vertex 29.525 -22.90932667397366 6.8
      vertex 29.639199500459156 -22.833021007305796 1.8
    endloop
  endfacet
  facet normal -0.6593458151000597 0.7518398074789853 0
    outer loop
      vertex 29.639199500459156 -22.833021007305796 1.8
      vertex 29.639199500459156 -22.833021007305796 6.8
      vertex 29.742462120245875 -22.742462120245875 1.8
    endloop
  endfacet
  facet normal -0.7518398074789853 0.6593458151000597 0
    outer loop
      vertex 29.742462120245875 -22.742462120245875 1.8
      vertex 29.742462120245875 -22.742462120245875 6.8
      vertex 29.833021007305796 -22.639199500459156 1.8
    endloop
  endfacet
  facet normal -0.8314696123025479 0.5555702330195983 0
    outer loop
      vertex 29.833021007305796 -22.639199500459156 1.8
      vertex 29.833021007305796 -22.639199500459156 6.8
      vertex 29.90932667397366 -22.525 1.8
    endloop
  endfacet
  facet normal -0.8968727415326793 0.4422886902190196 0
    outer loop
      vertex 29.90932667397366 -22.525 1.8
      vertex 29.90932667397366 -22.525 6.8
      vertex 29.970073509136853 -22.401817603983343 1.8
    endloop
  endfacet
  facet normal -0.9469301294951032 0.32143946530316875 0
    outer loop
      vertex 29.970073509136853 -22.401817603983343 1.8
      vertex 29.970073509136853 -22.401817603983343 6.8
      vertex 30.014222117603524 -22.27175999735765 1.8
    endloop
  endfacet
  facet normal -0.980785280403231 0.19509032201612525 0
    outer loop
      vertex 30.014222117603524 -22.27175999735765 1.8
      vertex 30.014222117603524 -22.27175999735765 6.8
      vertex 30.041017104442503 -22.137052501831054 1.8
    endloop
  endfacet
  facet normal -0.997858923238604 0.06540312923013539 0
    outer loop
      vertex 30.041017104442503 -22.137052501831054 1.8
      vertex 30.041017104442503 -22.137052501831054 6.8
      vertex 30.05 -22 1.8
    endloop
  endfacet
  facet normal -0.997858923238604 -0.06540312923013539 0
    outer loop
      vertex 30.05 -22 1.8
      vertex 30.05 -22 6.8
      vertex 30.041017104442503 -21.862947498168946 1.8
    endloop
  endfacet
  facet normal -0.980785280403231 -0.19509032201612525 0
    outer loop
      vertex 30.041017104442503 -21.862947498168946 1.8
      vertex 30.041017104442503 -21.862947498168946 6.8
      vertex 30.014222117603524 -21.72824000264235 1.8
    endloop
  endfacet
  facet normal 0.8968727415326793 0.4422886902190196 0
    outer loop
      vertex 28.09067332602634 -22.525 1.8
      vertex 28.029926490863147 -22.401817603983343 6.8
      vertex 28.09067332602634 -22.525 6.8
    endloop
  endfacet
  facet normal 0.980785280403231 0.19509032201612525 0
    outer loop
      vertex 27.985777882396476 -22.27175999735765 1.8
      vertex 27.958982895557497 -22.137052501831054 6.8
      vertex 27.985777882396476 -22.27175999735765 6.8
    endloop
  endfacet
  facet normal 0.9469301294951032 0.32143946530316875 0
    outer loop
      vertex 28.029926490863147 -22.401817603983343 1.8
      vertex 27.985777882396476 -22.27175999735765 6.8
      vertex 28.029926490863147 -22.401817603983343 6.8
    endloop
  endfacet
  facet normal 0.997858923238604 0.06540312923013539 0
    outer loop
      vertex 27.958982895557497 -22.137052501831054 1.8
      vertex 27.95 -22 6.8
      vertex 27.958982895557497 -22.137052501831054 6.8
    endloop
  endfacet
  facet normal 0.997858923238604 -0.06540312923013539 0
    outer loop
      vertex 27.95 -22 1.8
      vertex 27.958982895557497 -21.862947498168946 6.8
      vertex 27.95 -22 6.8
    endloop
  endfacet
  facet normal 0.980785280403231 -0.19509032201612525 0
    outer loop
      vertex 27.958982895557497 -21.862947498168946 1.8
      vertex 27.985777882396476 -21.72824000264235 6.8
      vertex 27.958982895557497 -21.862947498168946 6.8
    endloop
  endfacet
  facet normal 0.7518398074789853 0.6593458151000597 0
    outer loop
      vertex 28.257537879754125 -22.742462120245875 1.8
      vertex 28.166978992694204 -22.639199500459156 6.8
      vertex 28.257537879754125 -22.742462120245875 6.8
    endloop
  endfacet
  facet normal 0.6593458151000597 0.7518398074789853 0
    outer loop
      vertex 28.360800499540844 -22.833021007305796 1.8
      vertex 28.257537879754125 -22.742462120245875 6.8
      vertex 28.360800499540844 -22.833021007305796 6.8
    endloop
  endfacet
  facet normal 0.5555702330195983 0.8314696123025479 0
    outer loop
      vertex 28.475 -22.90932667397366 1.8
      vertex 28.360800499540844 -22.833021007305796 6.8
      vertex 28.475 -22.90932667397366 6.8
    endloop
  endfacet
  facet normal 0.32143946530316875 0.9469301294951032 0
    outer loop
      vertex 28.72824000264235 -23.014222117603524 1.8
      vertex 28.598182396016657 -22.970073509136853 6.8
      vertex 28.72824000264235 -23.014222117603524 6.8
    endloop
  endfacet
  facet normal 0.4422886902190196 0.8968727415326793 0
    outer loop
      vertex 28.598182396016657 -22.970073509136853 1.8
      vertex 28.475 -22.90932667397366 6.8
      vertex 28.598182396016657 -22.970073509136853 6.8
    endloop
  endfacet
  facet normal 0.19509032201612525 0.980785280403231 0
    outer loop
      vertex 28.862947498168946 -23.041017104442503 1.8
      vertex 28.72824000264235 -23.014222117603524 6.8
      vertex 28.862947498168946 -23.041017104442503 6.8
    endloop
  endfacet
  facet normal 0.06540312923013539 0.997858923238604 0
    outer loop
      vertex 29 -23.05 1.8
      vertex 28.862947498168946 -23.041017104442503 6.8
      vertex 29 -23.05 6.8
    endloop
  endfacet
  facet normal -0.06540312923013539 0.997858923238604 0
    outer loop
      vertex 29.137052501831054 -23.041017104442503 1.8
      vertex 29 -23.05 6.8
      vertex 29.137052501831054 -23.041017104442503 6.8
    endloop
  endfacet
  facet normal -0.19509032201612525 0.980785280403231 0
    outer loop
      vertex 29.27175999735765 -23.014222117603524 1.8
      vertex 29.137052501831054 -23.041017104442503 6.8
      vertex 29.27175999735765 -23.014222117603524 6.8
    endloop
  endfacet
  facet normal 0.8314696123025479 0.5555702330195983 0
    outer loop
      vertex 28.166978992694204 -22.639199500459156 1.8
      vertex 28.09067332602634 -22.525 6.8
      vertex 28.166978992694204 -22.639199500459156 6.8
    endloop
  endfacet
  facet normal -0.32143946530316875 0.9469301294951032 0
    outer loop
      vertex 29.401817603983343 -22.970073509136853 1.8
      vertex 29.27175999735765 -23.014222117603524 6.8
      vertex 29.401817603983343 -22.970073509136853 6.8
    endloop
  endfacet
  facet normal -0.4422886902190196 0.8968727415326793 0
    outer loop
      vertex 29.525 -22.90932667397366 1.8
      vertex 29.401817603983343 -22.970073509136853 6.8
      vertex 29.525 -22.90932667397366 6.8
    endloop
  endfacet
  facet normal -0.5555702330195983 0.8314696123025479 0
    outer loop
      vertex 29.639199500459156 -22.833021007305796 1.8
      vertex 29.525 -22.90932667397366 6.8
      vertex 29.639199500459156 -22.833021007305796 6.8
    endloop
  endfacet
  facet normal -0.6593458151000597 0.7518398074789853 0
    outer loop
      vertex 29.742462120245875 -22.742462120245875 1.8
      vertex 29.639199500459156 -22.833021007305796 6.8
      vertex 29.742462120245875 -22.742462120245875 6.8
    endloop
  endfacet
  facet normal -0.7518398074789853 0.6593458151000597 0
    outer loop
      vertex 29.833021007305796 -22.639199500459156 1.8
      vertex 29.742462120245875 -22.742462120245875 6.8
      vertex 29.833021007305796 -22.639199500459156 6.8
    endloop
  endfacet
  facet normal -0.8314696123025479 0.5555702330195983 0
    outer loop
      vertex 29.90932667397366 -22.525 1.8
      vertex 29.833021007305796 -22.639199500459156 6.8
      vertex 29.90932667397366 -22.525 6.8
    endloop
  endfacet
  facet normal -0.8968727415326793 0.4422886902190196 0
    outer loop
      vertex 29.970073509136853 -22.401817603983343 1.8
      vertex 29.90932667397366 -22.525 6.8
      vertex 29.970073509136853 -22.401817603983343 6.8
    endloop
  endfacet
  facet normal -0.9469301294951032 0.32143946530316875 0
    outer loop
      vertex 30.014222117603524 -22.27175999735765 1.8
      vertex 29.970073509136853 -22.401817603983343 6.8
      vertex 30.014222117603524 -22.27175999735765 6.8
    endloop
  endfacet
  facet normal -0.980785280403231 0.19509032201612525 0
    outer loop
      vertex 30.041017104442503 -22.137052501831054 1.8
      vertex 30.014222117603524 -22.27175999735765 6.8
      vertex 30.041017104442503 -22.137052501831054 6.8
    endloop
  endfacet
  facet normal -0.997858923238604 0.06540312923013539 0
    outer loop
      vertex 30.05 -22 1.8
      vertex 30.041017104442503 -22.137052501831054 6.8
      vertex 30.05 -22 6.8
    endloop
  endfacet
  facet normal -0.997858923238604 -0.06540312923013539 0
    outer loop
      vertex 30.041017104442503 -21.862947498168946 1.8
      vertex 30.05 -22 6.8
      vertex 30.041017104442503 -21.862947498168946 6.8
    endloop
  endfacet
  facet normal -0.980785280403231 -0.19509032201612525 0
    outer loop
      vertex 30.014222117603524 -21.72824000264235 1.8
      vertex 30.041017104442503 -21.862947498168946 6.8
      vertex 30.014222117603524 -21.72824000264235 6.8
    endloop
  endfacet
  facet normal 0.9469301294951032 -0.32143946530316875 2.858405001631252e-19
    outer loop
      vertex 27.985777882396476 -21.72824000264235 1.8
      vertex 28.029926490863147 -21.598182396016657 1.8
      vertex 28.029926490863147 -21.598182396016657 6.8
    endloop
  endfacet
  facet normal 0.8968727415326793 -0.4422886902190196 2.1366178928015228e-19
    outer loop
      vertex 28.029926490863147 -21.598182396016657 1.8
      vertex 28.09067332602634 -21.475 1.8
      vertex 28.09067332602634 -21.475 6.8
    endloop
  endfacet
  facet normal 0.8314696123025479 -0.5555702330195983 3.119563524338364e-19
    outer loop
      vertex 28.09067332602634 -21.475 1.8
      vertex 28.166978992694204 -21.360800499540844 1.8
      vertex 28.166978992694204 -21.360800499540844 6.8
    endloop
  endfacet
  facet normal 0.7518398074789853 -0.6593458151000597 -5.004415402701427e-19
    outer loop
      vertex 28.166978992694204 -21.360800499540844 1.8
      vertex 28.257537879754125 -21.257537879754125 1.8
      vertex 28.257537879754125 -21.257537879754125 6.8
    endloop
  endfacet
  facet normal 0.6593458151000597 -0.7518398074789853 -5.004415402701427e-19
    outer loop
      vertex 28.257537879754125 -21.257537879754125 1.8
      vertex 28.360800499540844 -21.166978992694204 1.8
      vertex 28.360800499540844 -21.166978992694204 6.8
    endloop
  endfacet
  facet normal 0.5555702330195983 -0.8314696123025479 3.119563524338364e-19
    outer loop
      vertex 28.360800499540844 -21.166978992694204 1.8
      vertex 28.475 -21.09067332602634 1.8
      vertex 28.475 -21.09067332602634 6.8
    endloop
  endfacet
  facet normal 0.4422886902190196 -0.8968727415326793 2.1366178928015228e-19
    outer loop
      vertex 28.475 -21.09067332602634 1.8
      vertex 28.598182396016657 -21.029926490863147 1.8
      vertex 28.598182396016657 -21.029926490863147 6.8
    endloop
  endfacet
  facet normal 0.32143946530316875 -0.9469301294951032 2.858405001631252e-19
    outer loop
      vertex 28.598182396016657 -21.029926490863147 1.8
      vertex 28.72824000264235 -20.985777882396476 1.8
      vertex 28.72824000264235 -20.985777882396476 6.8
    endloop
  endfacet
  facet normal 0.19509032201612525 -0.980785280403231 2.2330788375513627e-19
    outer loop
      vertex 28.72824000264235 -20.985777882396476 1.8
      vertex 28.862947498168946 -20.958982895557497 1.8
      vertex 28.862947498168946 -20.958982895557497 6.8
    endloop
  endfacet
  facet normal 0.06540312923013539 -0.997858923238604 5.0365231081995063e-20
    outer loop
      vertex 28.862947498168946 -20.958982895557497 1.8
      vertex 29 -20.95 1.8
      vertex 29 -20.95 6.8
    endloop
  endfacet
  facet normal -0.06540312923013539 -0.997858923238604 -5.0365231081995063e-20
    outer loop
      vertex 29 -20.95 1.8
      vertex 29.137052501831054 -20.958982895557497 1.8
      vertex 29.137052501831054 -20.958982895557497 6.8
    endloop
  endfacet
  facet normal -0.19509032201612525 -0.980785280403231 -2.2330788375513627e-19
    outer loop
      vertex 29.137052501831054 -20.958982895557497 1.8
      vertex 29.27175999735765 -20.985777882396476 1.8
      vertex 29.27175999735765 -20.985777882396476 6.8
    endloop
  endfacet
  facet normal -0.7518398074789853 -0.6593458151000597 5.004415402701427e-19
    outer loop
      vertex 29.742462120245875 -21.257537879754125 1.8
      vertex 29.833021007305796 -21.360800499540844 1.8
      vertex 29.833021007305796 -21.360800499540844 6.8
    endloop
  endfacet
  facet normal -0.4422886902190196 -0.8968727415326793 0
    outer loop
      vertex 29.525 -21.09067332602634 1.8
      vertex 29.525 -21.09067332602634 6.8
      vertex 29.401817603983343 -21.029926490863147 1.8
    endloop
  endfacet
  facet normal -0.32143946530316875 -0.9469301294951032 -2.858405001631252e-19
    outer loop
      vertex 29.27175999735765 -20.985777882396476 1.8
      vertex 29.401817603983343 -21.029926490863147 1.8
      vertex 29.401817603983343 -21.029926490863147 6.8
    endloop
  endfacet
  facet normal -0.5555702330195983 -0.8314696123025479 -3.119563524338364e-19
    outer loop
      vertex 29.525 -21.09067332602634 1.8
      vertex 29.639199500459156 -21.166978992694204 1.8
      vertex 29.639199500459156 -21.166978992694204 6.8
    endloop
  endfacet
  facet normal -0.6593458151000597 -0.7518398074789853 5.004415402701427e-19
    outer loop
      vertex 29.639199500459156 -21.166978992694204 1.8
      vertex 29.742462120245875 -21.257537879754125 1.8
      vertex 29.742462120245875 -21.257537879754125 6.8
    endloop
  endfacet
  facet normal -0.8968727415326793 -0.4422886902190196 0
    outer loop
      vertex 29.970073509136853 -21.598182396016657 1.8
      vertex 29.970073509136853 -21.598182396016657 6.8
      vertex 29.90932667397366 -21.475 1.8
    endloop
  endfacet
  facet normal -0.9469301294951032 -0.32143946530316875 0
    outer loop
      vertex 30.014222117603524 -21.72824000264235 1.8
      vertex 30.014222117603524 -21.72824000264235 6.8
      vertex 29.970073509136853 -21.598182396016657 1.8
    endloop
  endfacet
  facet normal -0.8314696123025479 -0.5555702330195983 0
    outer loop
      vertex 29.90932667397366 -21.475 1.8
      vertex 29.90932667397366 -21.475 6.8
      vertex 29.833021007305796 -21.360800499540844 1.8
    endloop
  endfacet
  facet normal 0.9469301294951032 -0.32143946530316875 0
    outer loop
      vertex 27.985777882396476 -21.72824000264235 1.8
      vertex 28.029926490863147 -21.598182396016657 6.8
      vertex 27.985777882396476 -21.72824000264235 6.8
    endloop
  endfacet
  facet normal 0.8968727415326793 -0.4422886902190196 0
    outer loop
      vertex 28.029926490863147 -21.598182396016657 1.8
      vertex 28.09067332602634 -21.475 6.8
      vertex 28.029926490863147 -21.598182396016657 6.8
    endloop
  endfacet
  facet normal 0.8314696123025479 -0.5555702330195983 0
    outer loop
      vertex 28.09067332602634 -21.475 1.8
      vertex 28.166978992694204 -21.360800499540844 6.8
      vertex 28.09067332602634 -21.475 6.8
    endloop
  endfacet
  facet normal 0.7518398074789853 -0.6593458151000597 0
    outer loop
      vertex 28.166978992694204 -21.360800499540844 1.8
      vertex 28.257537879754125 -21.257537879754125 6.8
      vertex 28.166978992694204 -21.360800499540844 6.8
    endloop
  endfacet
  facet normal 0.6593458151000597 -0.7518398074789853 0
    outer loop
      vertex 28.257537879754125 -21.257537879754125 1.8
      vertex 28.360800499540844 -21.166978992694204 6.8
      vertex 28.257537879754125 -21.257537879754125 6.8
    endloop
  endfacet
  facet normal 0.5555702330195983 -0.8314696123025479 0
    outer loop
      vertex 28.360800499540844 -21.166978992694204 1.8
      vertex 28.475 -21.09067332602634 6.8
      vertex 28.360800499540844 -21.166978992694204 6.8
    endloop
  endfacet
  facet normal 0.4422886902190196 -0.8968727415326793 0
    outer loop
      vertex 28.475 -21.09067332602634 1.8
      vertex 28.598182396016657 -21.029926490863147 6.8
      vertex 28.475 -21.09067332602634 6.8
    endloop
  endfacet
  facet normal 0.32143946530316875 -0.9469301294951032 0
    outer loop
      vertex 28.598182396016657 -21.029926490863147 1.8
      vertex 28.72824000264235 -20.985777882396476 6.8
      vertex 28.598182396016657 -21.029926490863147 6.8
    endloop
  endfacet
  facet normal 0.19509032201612525 -0.980785280403231 0
    outer loop
      vertex 28.72824000264235 -20.985777882396476 1.8
      vertex 28.862947498168946 -20.958982895557497 6.8
      vertex 28.72824000264235 -20.985777882396476 6.8
    endloop
  endfacet
  facet normal 0.06540312923013539 -0.997858923238604 0
    outer loop
      vertex 28.862947498168946 -20.958982895557497 1.8
      vertex 29 -20.95 6.8
      vertex 28.862947498168946 -20.958982895557497 6.8
    endloop
  endfacet
  facet normal -0.06540312923013539 -0.997858923238604 0
    outer loop
      vertex 29 -20.95 1.8
      vertex 29.137052501831054 -20.958982895557497 6.8
      vertex 29 -20.95 6.8
    endloop
  endfacet
  facet normal -0.19509032201612525 -0.980785280403231 0
    outer loop
      vertex 29.137052501831054 -20.958982895557497 1.8
      vertex 29.27175999735765 -20.985777882396476 6.8
      vertex 29.137052501831054 -20.958982895557497 6.8
    endloop
  endfacet
  facet normal -0.32143946530316875 -0.9469301294951032 0
    outer loop
      vertex 29.27175999735765 -20.985777882396476 1.8
      vertex 29.401817603983343 -21.029926490863147 6.8
      vertex 29.27175999735765 -20.985777882396476 6.8
    endloop
  endfacet
  facet normal -0.4422886902190196 -0.8968727415326793 0
    outer loop
      vertex 29.401817603983343 -21.029926490863147 1.8
      vertex 29.525 -21.09067332602634 6.8
      vertex 29.401817603983343 -21.029926490863147 6.8
    endloop
  endfacet
  facet normal -0.5555702330195983 -0.8314696123025479 0
    outer loop
      vertex 29.525 -21.09067332602634 1.8
      vertex 29.639199500459156 -21.166978992694204 6.8
      vertex 29.525 -21.09067332602634 6.8
    endloop
  endfacet
  facet normal -0.6593458151000597 -0.7518398074789853 0
    outer loop
      vertex 29.639199500459156 -21.166978992694204 1.8
      vertex 29.742462120245875 -21.257537879754125 6.8
      vertex 29.639199500459156 -21.166978992694204 6.8
    endloop
  endfacet
  facet normal -0.7518398074789853 -0.6593458151000597 0
    outer loop
      vertex 29.742462120245875 -21.257537879754125 1.8
      vertex 29.833021007305796 -21.360800499540844 6.8
      vertex 29.742462120245875 -21.257537879754125 6.8
    endloop
  endfacet
  facet normal -0.9469301294951032 -0.32143946530316875 0
    outer loop
      vertex 29.970073509136853 -21.598182396016657 1.8
      vertex 30.014222117603524 -21.72824000264235 6.8
      vertex 29.970073509136853 -21.598182396016657 6.8
    endloop
  endfacet
  facet normal -0.8968727415326793 -0.4422886902190196 0
    outer loop
      vertex 29.90932667397366 -21.475 1.8
      vertex 29.970073509136853 -21.598182396016657 6.8
      vertex 29.90932667397366 -21.475 6.8
    endloop
  endfacet
  facet normal -0.8314696123025479 -0.5555702330195983 0
    outer loop
      vertex 29.833021007305796 -21.360800499540844 1.8
      vertex 29.90932667397366 -21.475 6.8
      vertex 29.833021007305796 -21.360800499540844 6.8
    endloop
  endfacet
  facet normal 0.8314696123025479 0.5555702330195983 0
    outer loop
      vertex 28.09067332602634 21.475 1.8
      vertex 28.09067332602634 21.475 6.8
      vertex 28.166978992694204 21.360800499540844 1.8
    endloop
  endfacet
  facet normal 0.8968727415326793 0.4422886902190196 -2.1366178928015228e-19
    outer loop
      vertex 28.09067332602634 21.475 1.8
      vertex 28.029926490863147 21.598182396016657 1.8
      vertex 28.029926490863147 21.598182396016657 6.8
    endloop
  endfacet
  facet normal 0.9469301294951032 0.32143946530316875 -2.858405001631252e-19
    outer loop
      vertex 28.029926490863147 21.598182396016657 1.8
      vertex 27.985777882396476 21.72824000264235 1.8
      vertex 27.985777882396476 21.72824000264235 6.8
    endloop
  endfacet
  facet normal 0.5555702330195983 0.8314696123025479 0
    outer loop
      vertex 28.360800499540844 21.166978992694204 1.8
      vertex 28.360800499540844 21.166978992694204 6.8
      vertex 28.475 21.09067332602634 1.8
    endloop
  endfacet
  facet normal 0.6593458151000597 0.7518398074789853 0
    outer loop
      vertex 28.257537879754125 21.257537879754125 1.8
      vertex 28.257537879754125 21.257537879754125 6.8
      vertex 28.360800499540844 21.166978992694204 1.8
    endloop
  endfacet
  facet normal 0.32143946530316875 0.9469301294951032 0
    outer loop
      vertex 28.598182396016657 21.029926490863147 1.8
      vertex 28.598182396016657 21.029926490863147 6.8
      vertex 28.72824000264235 20.985777882396476 1.8
    endloop
  endfacet
  facet normal 0.4422886902190196 0.8968727415326793 -2.1366178928015228e-19
    outer loop
      vertex 28.598182396016657 21.029926490863147 1.8
      vertex 28.475 21.09067332602634 1.8
      vertex 28.475 21.09067332602634 6.8
    endloop
  endfacet
  facet normal 0.7518398074789853 0.6593458151000597 5.004415402701427e-19
    outer loop
      vertex 28.257537879754125 21.257537879754125 1.8
      vertex 28.166978992694204 21.360800499540844 1.8
      vertex 28.166978992694204 21.360800499540844 6.8
    endloop
  endfacet
  facet normal 0.19509032201612525 0.980785280403231 0
    outer loop
      vertex 28.72824000264235 20.985777882396476 1.8
      vertex 28.72824000264235 20.985777882396476 6.8
      vertex 28.862947498168946 20.958982895557497 1.8
    endloop
  endfacet
  facet normal 0.06540312923013539 0.997858923238604 0
    outer loop
      vertex 28.862947498168946 20.958982895557497 1.8
      vertex 28.862947498168946 20.958982895557497 6.8
      vertex 29 20.95 1.8
    endloop
  endfacet
  facet normal -0.06540312923013539 0.997858923238604 0
    outer loop
      vertex 29 20.95 1.8
      vertex 29 20.95 6.8
      vertex 29.137052501831054 20.958982895557497 1.8
    endloop
  endfacet
  facet normal -0.19509032201612525 0.980785280403231 0
    outer loop
      vertex 29.137052501831054 20.958982895557497 1.8
      vertex 29.137052501831054 20.958982895557497 6.8
      vertex 29.27175999735765 20.985777882396476 1.8
    endloop
  endfacet
  facet normal -0.32143946530316875 0.9469301294951032 0
    outer loop
      vertex 29.27175999735765 20.985777882396476 1.8
      vertex 29.27175999735765 20.985777882396476 6.8
      vertex 29.401817603983343 21.029926490863147 1.8
    endloop
  endfacet
  facet normal -0.4422886902190196 0.8968727415326793 0
    outer loop
      vertex 29.401817603983343 21.029926490863147 1.8
      vertex 29.401817603983343 21.029926490863147 6.8
      vertex 29.525 21.09067332602634 1.8
    endloop
  endfacet
  facet normal -0.5555702330195983 0.8314696123025479 0
    outer loop
      vertex 29.525 21.09067332602634 1.8
      vertex 29.525 21.09067332602634 6.8
      vertex 29.639199500459156 21.166978992694204 1.8
    endloop
  endfacet
  facet normal -0.6593458151000597 0.7518398074789853 0
    outer loop
      vertex 29.639199500459156 21.166978992694204 1.8
      vertex 29.639199500459156 21.166978992694204 6.8
      vertex 29.742462120245875 21.257537879754125 1.8
    endloop
  endfacet
  facet normal -0.7518398074789853 0.6593458151000597 0
    outer loop
      vertex 29.742462120245875 21.257537879754125 1.8
      vertex 29.742462120245875 21.257537879754125 6.8
      vertex 29.833021007305796 21.360800499540844 1.8
    endloop
  endfacet
  facet normal -0.8314696123025479 0.5555702330195983 0
    outer loop
      vertex 29.833021007305796 21.360800499540844 1.8
      vertex 29.833021007305796 21.360800499540844 6.8
      vertex 29.90932667397366 21.475 1.8
    endloop
  endfacet
  facet normal -0.8968727415326793 0.4422886902190196 0
    outer loop
      vertex 29.90932667397366 21.475 1.8
      vertex 29.90932667397366 21.475 6.8
      vertex 29.970073509136853 21.598182396016657 1.8
    endloop
  endfacet
  facet normal -0.9469301294951032 0.32143946530316875 0
    outer loop
      vertex 29.970073509136853 21.598182396016657 1.8
      vertex 29.970073509136853 21.598182396016657 6.8
      vertex 30.014222117603524 21.72824000264235 1.8
    endloop
  endfacet
  facet normal 0.8968727415326793 0.4422886902190196 0
    outer loop
      vertex 28.09067332602634 21.475 1.8
      vertex 28.029926490863147 21.598182396016657 6.8
      vertex 28.09067332602634 21.475 6.8
    endloop
  endfacet
  facet normal 0.9469301294951032 0.32143946530316875 0
    outer loop
      vertex 28.029926490863147 21.598182396016657 1.8
      vertex 27.985777882396476 21.72824000264235 6.8
      vertex 28.029926490863147 21.598182396016657 6.8
    endloop
  endfacet
  facet normal 0.7518398074789853 0.6593458151000597 0
    outer loop
      vertex 28.257537879754125 21.257537879754125 1.8
      vertex 28.166978992694204 21.360800499540844 6.8
      vertex 28.257537879754125 21.257537879754125 6.8
    endloop
  endfacet
  facet normal 0.6593458151000597 0.7518398074789853 0
    outer loop
      vertex 28.360800499540844 21.166978992694204 1.8
      vertex 28.257537879754125 21.257537879754125 6.8
      vertex 28.360800499540844 21.166978992694204 6.8
    endloop
  endfacet
  facet normal 0.4422886902190196 0.8968727415326793 0
    outer loop
      vertex 28.598182396016657 21.029926490863147 1.8
      vertex 28.475 21.09067332602634 6.8
      vertex 28.598182396016657 21.029926490863147 6.8
    endloop
  endfacet
  facet normal 0.32143946530316875 0.9469301294951032 0
    outer loop
      vertex 28.72824000264235 20.985777882396476 1.8
      vertex 28.598182396016657 21.029926490863147 6.8
      vertex 28.72824000264235 20.985777882396476 6.8
    endloop
  endfacet
  facet normal 0.5555702330195983 0.8314696123025479 0
    outer loop
      vertex 28.475 21.09067332602634 1.8
      vertex 28.360800499540844 21.166978992694204 6.8
      vertex 28.475 21.09067332602634 6.8
    endloop
  endfacet
  facet normal 0.8314696123025479 0.5555702330195983 0
    outer loop
      vertex 28.166978992694204 21.360800499540844 1.8
      vertex 28.09067332602634 21.475 6.8
      vertex 28.166978992694204 21.360800499540844 6.8
    endloop
  endfacet
  facet normal 0.19509032201612525 0.980785280403231 0
    outer loop
      vertex 28.862947498168946 20.958982895557497 1.8
      vertex 28.72824000264235 20.985777882396476 6.8
      vertex 28.862947498168946 20.958982895557497 6.8
    endloop
  endfacet
  facet normal 0.06540312923013539 0.997858923238604 0
    outer loop
      vertex 29 20.95 1.8
      vertex 28.862947498168946 20.958982895557497 6.8
      vertex 29 20.95 6.8
    endloop
  endfacet
  facet normal -0.06540312923013539 0.997858923238604 0
    outer loop
      vertex 29.137052501831054 20.958982895557497 1.8
      vertex 29 20.95 6.8
      vertex 29.137052501831054 20.958982895557497 6.8
    endloop
  endfacet
  facet normal -0.19509032201612525 0.980785280403231 0
    outer loop
      vertex 29.27175999735765 20.985777882396476 1.8
      vertex 29.137052501831054 20.958982895557497 6.8
      vertex 29.27175999735765 20.985777882396476 6.8
    endloop
  endfacet
  facet normal -0.32143946530316875 0.9469301294951032 0
    outer loop
      vertex 29.401817603983343 21.029926490863147 1.8
      vertex 29.27175999735765 20.985777882396476 6.8
      vertex 29.401817603983343 21.029926490863147 6.8
    endloop
  endfacet
  facet normal -0.4422886902190196 0.8968727415326793 0
    outer loop
      vertex 29.525 21.09067332602634 1.8
      vertex 29.401817603983343 21.029926490863147 6.8
      vertex 29.525 21.09067332602634 6.8
    endloop
  endfacet
  facet normal -0.5555702330195983 0.8314696123025479 0
    outer loop
      vertex 29.639199500459156 21.166978992694204 1.8
      vertex 29.525 21.09067332602634 6.8
      vertex 29.639199500459156 21.166978992694204 6.8
    endloop
  endfacet
  facet normal -0.6593458151000597 0.7518398074789853 0
    outer loop
      vertex 29.742462120245875 21.257537879754125 1.8
      vertex 29.639199500459156 21.166978992694204 6.8
      vertex 29.742462120245875 21.257537879754125 6.8
    endloop
  endfacet
  facet normal -0.7518398074789853 0.6593458151000597 0
    outer loop
      vertex 29.833021007305796 21.360800499540844 1.8
      vertex 29.742462120245875 21.257537879754125 6.8
      vertex 29.833021007305796 21.360800499540844 6.8
    endloop
  endfacet
  facet normal -0.8314696123025479 0.5555702330195983 0
    outer loop
      vertex 29.90932667397366 21.475 1.8
      vertex 29.833021007305796 21.360800499540844 6.8
      vertex 29.90932667397366 21.475 6.8
    endloop
  endfacet
  facet normal -0.8968727415326793 0.4422886902190196 0
    outer loop
      vertex 29.970073509136853 21.598182396016657 1.8
      vertex 29.90932667397366 21.475 6.8
      vertex 29.970073509136853 21.598182396016657 6.8
    endloop
  endfacet
  facet normal -0.9469301294951032 0.32143946530316875 0
    outer loop
      vertex 30.014222117603524 21.72824000264235 1.8
      vertex 29.970073509136853 21.598182396016657 6.8
      vertex 30.014222117603524 21.72824000264235 6.8
    endloop
  endfacet
  facet normal 0.980785280403231 0.19509032201612525 -2.2330788375513627e-19
    outer loop
      vertex 27.985777882396476 21.72824000264235 1.8
      vertex 27.958982895557497 21.862947498168946 1.8
      vertex 27.958982895557497 21.862947498168946 6.8
    endloop
  endfacet
  facet normal 0.997858923238604 0.06540312923013539 -5.0365231081995063e-20
    outer loop
      vertex 27.958982895557497 21.862947498168946 1.8
      vertex 27.95 22 1.8
      vertex 27.95 22 6.8
    endloop
  endfacet
  facet normal 0.997858923238604 -0.06540312923013539 5.0365231081995063e-20
    outer loop
      vertex 27.95 22 1.8
      vertex 27.958982895557497 22.137052501831054 1.8
      vertex 27.958982895557497 22.137052501831054 6.8
    endloop
  endfacet
  facet normal 0.980785280403231 -0.19509032201612525 2.2330788375513627e-19
    outer loop
      vertex 27.958982895557497 22.137052501831054 1.8
      vertex 27.985777882396476 22.27175999735765 1.8
      vertex 27.985777882396476 22.27175999735765 6.8
    endloop
  endfacet
  facet normal 0.9469301294951032 -0.32143946530316875 2.858405001631252e-19
    outer loop
      vertex 27.985777882396476 22.27175999735765 1.8
      vertex 28.029926490863147 22.401817603983343 1.8
      vertex 28.029926490863147 22.401817603983343 6.8
    endloop
  endfacet
  facet normal 0.8968727415326793 -0.4422886902190196 2.1366178928015228e-19
    outer loop
      vertex 28.029926490863147 22.401817603983343 1.8
      vertex 28.09067332602634 22.525 1.8
      vertex 28.09067332602634 22.525 6.8
    endloop
  endfacet
  facet normal 0.8314696123025479 -0.5555702330195983 3.119563524338364e-19
    outer loop
      vertex 28.09067332602634 22.525 1.8
      vertex 28.166978992694204 22.639199500459156 1.8
      vertex 28.166978992694204 22.639199500459156 6.8
    endloop
  endfacet
  facet normal 0.7518398074789853 -0.6593458151000597 -5.004415402701427e-19
    outer loop
      vertex 28.166978992694204 22.639199500459156 1.8
      vertex 28.257537879754125 22.742462120245875 1.8
      vertex 28.257537879754125 22.742462120245875 6.8
    endloop
  endfacet
  facet normal 0.6593458151000597 -0.7518398074789853 -5.004415402701427e-19
    outer loop
      vertex 28.257537879754125 22.742462120245875 1.8
      vertex 28.360800499540844 22.833021007305796 1.8
      vertex 28.360800499540844 22.833021007305796 6.8
    endloop
  endfacet
  facet normal 0.5555702330195983 -0.8314696123025479 3.119563524338364e-19
    outer loop
      vertex 28.360800499540844 22.833021007305796 1.8
      vertex 28.475 22.90932667397366 1.8
      vertex 28.475 22.90932667397366 6.8
    endloop
  endfacet
  facet normal 0.4422886902190196 -0.8968727415326793 2.1366178928015228e-19
    outer loop
      vertex 28.475 22.90932667397366 1.8
      vertex 28.598182396016657 22.970073509136853 1.8
      vertex 28.598182396016657 22.970073509136853 6.8
    endloop
  endfacet
  facet normal 0.32143946530316875 -0.9469301294951032 2.858405001631252e-19
    outer loop
      vertex 28.598182396016657 22.970073509136853 1.8
      vertex 28.72824000264235 23.014222117603524 1.8
      vertex 28.72824000264235 23.014222117603524 6.8
    endloop
  endfacet
  facet normal 0.19509032201612525 -0.980785280403231 2.2330788375513627e-19
    outer loop
      vertex 28.72824000264235 23.014222117603524 1.8
      vertex 28.862947498168946 23.041017104442503 1.8
      vertex 28.862947498168946 23.041017104442503 6.8
    endloop
  endfacet
  facet normal 0.06540312923013539 -0.997858923238604 5.0365231081995063e-20
    outer loop
      vertex 28.862947498168946 23.041017104442503 1.8
      vertex 29 23.05 1.8
      vertex 29 23.05 6.8
    endloop
  endfacet
  facet normal -0.06540312923013539 -0.997858923238604 -5.0365231081995063e-20
    outer loop
      vertex 29 23.05 1.8
      vertex 29.137052501831054 23.041017104442503 1.8
      vertex 29.137052501831054 23.041017104442503 6.8
    endloop
  endfacet
  facet normal -0.19509032201612525 -0.980785280403231 -2.2330788375513627e-19
    outer loop
      vertex 29.137052501831054 23.041017104442503 1.8
      vertex 29.27175999735765 23.014222117603524 1.8
      vertex 29.27175999735765 23.014222117603524 6.8
    endloop
  endfacet
  facet normal -0.980785280403231 0.19509032201612525 0
    outer loop
      vertex 30.014222117603524 21.72824000264235 1.8
      vertex 30.014222117603524 21.72824000264235 6.8
      vertex 30.041017104442503 21.862947498168946 1.8
    endloop
  endfacet
  facet normal -0.997858923238604 0.06540312923013539 0
    outer loop
      vertex 30.041017104442503 21.862947498168946 1.8
      vertex 30.041017104442503 21.862947498168946 6.8
      vertex 30.05 22 1.8
    endloop
  endfacet
  facet normal -0.997858923238604 -0.06540312923013539 0
    outer loop
      vertex 30.05 22 1.8
      vertex 30.05 22 6.8
      vertex 30.041017104442503 22.137052501831054 1.8
    endloop
  endfacet
  facet normal -0.980785280403231 -0.19509032201612525 0
    outer loop
      vertex 30.041017104442503 22.137052501831054 1.8
      vertex 30.041017104442503 22.137052501831054 6.8
      vertex 30.014222117603524 22.27175999735765 1.8
    endloop
  endfacet
  facet normal -0.9469301294951032 -0.32143946530316875 0
    outer loop
      vertex 30.014222117603524 22.27175999735765 1.8
      vertex 30.014222117603524 22.27175999735765 6.8
      vertex 29.970073509136853 22.401817603983343 1.8
    endloop
  endfacet
  facet normal -0.8968727415326793 -0.4422886902190196 0
    outer loop
      vertex 29.970073509136853 22.401817603983343 1.8
      vertex 29.970073509136853 22.401817603983343 6.8
      vertex 29.90932667397366 22.525 1.8
    endloop
  endfacet
  facet normal -0.8314696123025479 -0.5555702330195983 0
    outer loop
      vertex 29.90932667397366 22.525 1.8
      vertex 29.90932667397366 22.525 6.8
      vertex 29.833021007305796 22.639199500459156 1.8
    endloop
  endfacet
  facet normal -0.32143946530316875 -0.9469301294951032 -2.858405001631252e-19
    outer loop
      vertex 29.27175999735765 23.014222117603524 1.8
      vertex 29.401817603983343 22.970073509136853 1.8
      vertex 29.401817603983343 22.970073509136853 6.8
    endloop
  endfacet
  facet normal -0.4422886902190196 -0.8968727415326793 -2.1366178928015228e-19
    outer loop
      vertex 29.401817603983343 22.970073509136853 1.8
      vertex 29.525 22.90932667397366 1.8
      vertex 29.525 22.90932667397366 6.8
    endloop
  endfacet
  facet normal -0.5555702330195983 -0.8314696123025479 -3.119563524338364e-19
    outer loop
      vertex 29.525 22.90932667397366 1.8
      vertex 29.639199500459156 22.833021007305796 1.8
      vertex 29.639199500459156 22.833021007305796 6.8
    endloop
  endfacet
  facet normal -0.7518398074789853 -0.6593458151000597 0
    outer loop
      vertex 29.833021007305796 22.639199500459156 1.8
      vertex 29.833021007305796 22.639199500459156 6.8
      vertex 29.742462120245875 22.742462120245875 1.8
    endloop
  endfacet
  facet normal -0.6593458151000597 -0.7518398074789853 5.004415402701427e-19
    outer loop
      vertex 29.639199500459156 22.833021007305796 1.8
      vertex 29.742462120245875 22.742462120245875 1.8
      vertex 29.742462120245875 22.742462120245875 6.8
    endloop
  endfacet
  facet normal 0.980785280403231 0.19509032201612525 0
    outer loop
      vertex 27.985777882396476 21.72824000264235 1.8
      vertex 27.958982895557497 21.862947498168946 6.8
      vertex 27.985777882396476 21.72824000264235 6.8
    endloop
  endfacet
  facet normal 0.997858923238604 0.06540312923013539 0
    outer loop
      vertex 27.958982895557497 21.862947498168946 1.8
      vertex 27.95 22 6.8
      vertex 27.958982895557497 21.862947498168946 6.8
    endloop
  endfacet
  facet normal 0.997858923238604 -0.06540312923013539 0
    outer loop
      vertex 27.95 22 1.8
      vertex 27.958982895557497 22.137052501831054 6.8
      vertex 27.95 22 6.8
    endloop
  endfacet
  facet normal 0.980785280403231 -0.19509032201612525 0
    outer loop
      vertex 27.958982895557497 22.137052501831054 1.8
      vertex 27.985777882396476 22.27175999735765 6.8
      vertex 27.958982895557497 22.137052501831054 6.8
    endloop
  endfacet
  facet normal 0.9469301294951032 -0.32143946530316875 0
    outer loop
      vertex 27.985777882396476 22.27175999735765 1.8
      vertex 28.029926490863147 22.401817603983343 6.8
      vertex 27.985777882396476 22.27175999735765 6.8
    endloop
  endfacet
  facet normal 0.8968727415326793 -0.4422886902190196 0
    outer loop
      vertex 28.029926490863147 22.401817603983343 1.8
      vertex 28.09067332602634 22.525 6.8
      vertex 28.029926490863147 22.401817603983343 6.8
    endloop
  endfacet
  facet normal 0.8314696123025479 -0.5555702330195983 0
    outer loop
      vertex 28.09067332602634 22.525 1.8
      vertex 28.166978992694204 22.639199500459156 6.8
      vertex 28.09067332602634 22.525 6.8
    endloop
  endfacet
  facet normal 0.7518398074789853 -0.6593458151000597 0
    outer loop
      vertex 28.166978992694204 22.639199500459156 1.8
      vertex 28.257537879754125 22.742462120245875 6.8
      vertex 28.166978992694204 22.639199500459156 6.8
    endloop
  endfacet
  facet normal 0.6593458151000597 -0.7518398074789853 0
    outer loop
      vertex 28.257537879754125 22.742462120245875 1.8
      vertex 28.360800499540844 22.833021007305796 6.8
      vertex 28.257537879754125 22.742462120245875 6.8
    endloop
  endfacet
  facet normal 0.5555702330195983 -0.8314696123025479 0
    outer loop
      vertex 28.360800499540844 22.833021007305796 1.8
      vertex 28.475 22.90932667397366 6.8
      vertex 28.360800499540844 22.833021007305796 6.8
    endloop
  endfacet
  facet normal 0.4422886902190196 -0.8968727415326793 0
    outer loop
      vertex 28.475 22.90932667397366 1.8
      vertex 28.598182396016657 22.970073509136853 6.8
      vertex 28.475 22.90932667397366 6.8
    endloop
  endfacet
  facet normal 0.32143946530316875 -0.9469301294951032 0
    outer loop
      vertex 28.598182396016657 22.970073509136853 1.8
      vertex 28.72824000264235 23.014222117603524 6.8
      vertex 28.598182396016657 22.970073509136853 6.8
    endloop
  endfacet
  facet normal 0.19509032201612525 -0.980785280403231 0
    outer loop
      vertex 28.72824000264235 23.014222117603524 1.8
      vertex 28.862947498168946 23.041017104442503 6.8
      vertex 28.72824000264235 23.014222117603524 6.8
    endloop
  endfacet
  facet normal 0.06540312923013539 -0.997858923238604 0
    outer loop
      vertex 28.862947498168946 23.041017104442503 1.8
      vertex 29 23.05 6.8
      vertex 28.862947498168946 23.041017104442503 6.8
    endloop
  endfacet
  facet normal -0.06540312923013539 -0.997858923238604 0
    outer loop
      vertex 29 23.05 1.8
      vertex 29.137052501831054 23.041017104442503 6.8
      vertex 29 23.05 6.8
    endloop
  endfacet
  facet normal -0.19509032201612525 -0.980785280403231 0
    outer loop
      vertex 29.137052501831054 23.041017104442503 1.8
      vertex 29.27175999735765 23.014222117603524 6.8
      vertex 29.137052501831054 23.041017104442503 6.8
    endloop
  endfacet
  facet normal -0.980785280403231 0.19509032201612525 0
    outer loop
      vertex 30.041017104442503 21.862947498168946 1.8
      vertex 30.014222117603524 21.72824000264235 6.8
      vertex 30.041017104442503 21.862947498168946 6.8
    endloop
  endfacet
  facet normal -0.997858923238604 0.06540312923013539 0
    outer loop
      vertex 30.05 22 1.8
      vertex 30.041017104442503 21.862947498168946 6.8
      vertex 30.05 22 6.8
    endloop
  endfacet
  facet normal -0.997858923238604 -0.06540312923013539 0
    outer loop
      vertex 30.041017104442503 22.137052501831054 1.8
      vertex 30.05 22 6.8
      vertex 30.041017104442503 22.137052501831054 6.8
    endloop
  endfacet
  facet normal -0.980785280403231 -0.19509032201612525 0
    outer loop
      vertex 30.014222117603524 22.27175999735765 1.8
      vertex 30.041017104442503 22.137052501831054 6.8
      vertex 30.014222117603524 22.27175999735765 6.8
    endloop
  endfacet
  facet normal -0.9469301294951032 -0.32143946530316875 0
    outer loop
      vertex 29.970073509136853 22.401817603983343 1.8
      vertex 30.014222117603524 22.27175999735765 6.8
      vertex 29.970073509136853 22.401817603983343 6.8
    endloop
  endfacet
  facet normal -0.8968727415326793 -0.4422886902190196 0
    outer loop
      vertex 29.90932667397366 22.525 1.8
      vertex 29.970073509136853 22.401817603983343 6.8
      vertex 29.90932667397366 22.525 6.8
    endloop
  endfacet
  facet normal -0.8314696123025479 -0.5555702330195983 0
    outer loop
      vertex 29.833021007305796 22.639199500459156 1.8
      vertex 29.90932667397366 22.525 6.8
      vertex 29.833021007305796 22.639199500459156 6.8
    endloop
  endfacet
  facet normal -0.32143946530316875 -0.9469301294951032 0
    outer loop
      vertex 29.27175999735765 23.014222117603524 1.8
      vertex 29.401817603983343 22.970073509136853 6.8
      vertex 29.27175999735765 23.014222117603524 6.8
    endloop
  endfacet
  facet normal -0.4422886902190196 -0.8968727415326793 0
    outer loop
      vertex 29.401817603983343 22.970073509136853 1.8
      vertex 29.525 22.90932667397366 6.8
      vertex 29.401817603983343 22.970073509136853 6.8
    endloop
  endfacet
  facet normal -0.7518398074789853 -0.6593458151000597 0
    outer loop
      vertex 29.742462120245875 22.742462120245875 1.8
      vertex 29.833021007305796 22.639199500459156 6.8
      vertex 29.742462120245875 22.742462120245875 6.8
    endloop
  endfacet
  facet normal -0.6593458151000597 -0.7518398074789853 0
    outer loop
      vertex 29.639199500459156 22.833021007305796 1.8
      vertex 29.742462120245875 22.742462120245875 6.8
      vertex 29.639199500459156 22.833021007305796 6.8
    endloop
  endfacet
  facet normal -0.5555702330195983 -0.8314696123025479 0
    outer loop
      vertex 29.525 22.90932667397366 1.8
      vertex 29.639199500459156 22.833021007305796 6.8
      vertex 29.525 22.90932667397366 6.8
    endloop
  endfacet
  facet normal 0.8314696123025479 0.5555702330195983 -3.119563524338364e-19
    outer loop
      vertex -29.833021007305796 21.360800499540844 1.8
      vertex -29.90932667397366 21.475 1.8
      vertex -29.90932667397366 21.475 6.8
    endloop
  endfacet
  facet normal 0.9469301294951032 0.32143946530316875 -2.858405001631252e-19
    outer loop
      vertex -29.970073509136853 21.598182396016657 1.8
      vertex -30.014222117603524 21.72824000264235 1.8
      vertex -30.014222117603524 21.72824000264235 6.8
    endloop
  endfacet
  facet normal 0.8968727415326793 0.4422886902190196 -2.1366178928015228e-19
    outer loop
      vertex -29.90932667397366 21.475 1.8
      vertex -29.970073509136853 21.598182396016657 1.8
      vertex -29.970073509136853 21.598182396016657 6.8
    endloop
  endfacet
  facet normal 0.6593458151000597 0.7518398074789853 0
    outer loop
      vertex -29.742462120245875 21.257537879754125 1.8
      vertex -29.742462120245875 21.257537879754125 6.8
      vertex -29.639199500459156 21.166978992694204 1.8
    endloop
  endfacet
  facet normal 0.5555702330195983 0.8314696123025479 0
    outer loop
      vertex -29.639199500459156 21.166978992694204 1.8
      vertex -29.639199500459156 21.166978992694204 6.8
      vertex -29.525 21.09067332602634 1.8
    endloop
  endfacet
  facet normal 0.32143946530316875 0.9469301294951032 0
    outer loop
      vertex -29.401817603983343 21.029926490863147 1.8
      vertex -29.401817603983343 21.029926490863147 6.8
      vertex -29.27175999735765 20.985777882396476 1.8
    endloop
  endfacet
  facet normal 0.4422886902190196 0.8968727415326793 -2.1366178928015228e-19
    outer loop
      vertex -29.401817603983343 21.029926490863147 1.8
      vertex -29.525 21.09067332602634 1.8
      vertex -29.525 21.09067332602634 6.8
    endloop
  endfacet
  facet normal 0.7518398074789853 0.6593458151000597 0
    outer loop
      vertex -29.833021007305796 21.360800499540844 1.8
      vertex -29.833021007305796 21.360800499540844 6.8
      vertex -29.742462120245875 21.257537879754125 1.8
    endloop
  endfacet
  facet normal 0.19509032201612525 0.980785280403231 0
    outer loop
      vertex -29.27175999735765 20.985777882396476 1.8
      vertex -29.27175999735765 20.985777882396476 6.8
      vertex -29.137052501831054 20.958982895557497 1.8
    endloop
  endfacet
  facet normal 0.06540312923013539 0.997858923238604 0
    outer loop
      vertex -29.137052501831054 20.958982895557497 1.8
      vertex -29.137052501831054 20.958982895557497 6.8
      vertex -29 20.95 1.8
    endloop
  endfacet
  facet normal -0.06540312923013539 0.997858923238604 0
    outer loop
      vertex -29 20.95 1.8
      vertex -29 20.95 6.8
      vertex -28.862947498168946 20.958982895557497 1.8
    endloop
  endfacet
  facet normal -0.19509032201612525 0.980785280403231 0
    outer loop
      vertex -28.862947498168946 20.958982895557497 1.8
      vertex -28.862947498168946 20.958982895557497 6.8
      vertex -28.72824000264235 20.985777882396476 1.8
    endloop
  endfacet
  facet normal -0.32143946530316875 0.9469301294951032 0
    outer loop
      vertex -28.72824000264235 20.985777882396476 1.8
      vertex -28.72824000264235 20.985777882396476 6.8
      vertex -28.598182396016657 21.029926490863147 1.8
    endloop
  endfacet
  facet normal -0.4422886902190196 0.8968727415326793 0
    outer loop
      vertex -28.598182396016657 21.029926490863147 1.8
      vertex -28.598182396016657 21.029926490863147 6.8
      vertex -28.475 21.09067332602634 1.8
    endloop
  endfacet
  facet normal -0.5555702330195983 0.8314696123025479 0
    outer loop
      vertex -28.475 21.09067332602634 1.8
      vertex -28.475 21.09067332602634 6.8
      vertex -28.360800499540844 21.166978992694204 1.8
    endloop
  endfacet
  facet normal -0.6593458151000597 0.7518398074789853 0
    outer loop
      vertex -28.360800499540844 21.166978992694204 1.8
      vertex -28.360800499540844 21.166978992694204 6.8
      vertex -28.257537879754125 21.257537879754125 1.8
    endloop
  endfacet
  facet normal -0.7518398074789853 0.6593458151000597 0
    outer loop
      vertex -28.257537879754125 21.257537879754125 1.8
      vertex -28.257537879754125 21.257537879754125 6.8
      vertex -28.166978992694204 21.360800499540844 1.8
    endloop
  endfacet
  facet normal -0.8314696123025479 0.5555702330195983 0
    outer loop
      vertex -28.166978992694204 21.360800499540844 1.8
      vertex -28.166978992694204 21.360800499540844 6.8
      vertex -28.09067332602634 21.475 1.8
    endloop
  endfacet
  facet normal -0.8968727415326793 0.4422886902190196 0
    outer loop
      vertex -28.09067332602634 21.475 1.8
      vertex -28.09067332602634 21.475 6.8
      vertex -28.029926490863147 21.598182396016657 1.8
    endloop
  endfacet
  facet normal -0.9469301294951032 0.32143946530316875 0
    outer loop
      vertex -28.029926490863147 21.598182396016657 1.8
      vertex -28.029926490863147 21.598182396016657 6.8
      vertex -27.985777882396476 21.72824000264235 1.8
    endloop
  endfacet
  facet normal 0.8314696123025479 0.5555702330195983 0
    outer loop
      vertex -29.833021007305796 21.360800499540844 1.8
      vertex -29.90932667397366 21.475 6.8
      vertex -29.833021007305796 21.360800499540844 6.8
    endloop
  endfacet
  facet normal 0.8968727415326793 0.4422886902190196 0
    outer loop
      vertex -29.90932667397366 21.475 1.8
      vertex -29.970073509136853 21.598182396016657 6.8
      vertex -29.90932667397366 21.475 6.8
    endloop
  endfacet
  facet normal 0.9469301294951032 0.32143946530316875 0
    outer loop
      vertex -29.970073509136853 21.598182396016657 1.8
      vertex -30.014222117603524 21.72824000264235 6.8
      vertex -29.970073509136853 21.598182396016657 6.8
    endloop
  endfacet
  facet normal 0.7518398074789853 0.6593458151000597 0
    outer loop
      vertex -29.742462120245875 21.257537879754125 1.8
      vertex -29.833021007305796 21.360800499540844 6.8
      vertex -29.742462120245875 21.257537879754125 6.8
    endloop
  endfacet
  facet normal 0.6593458151000597 0.7518398074789853 0
    outer loop
      vertex -29.639199500459156 21.166978992694204 1.8
      vertex -29.742462120245875 21.257537879754125 6.8
      vertex -29.639199500459156 21.166978992694204 6.8
    endloop
  endfacet
  facet normal 0.5555702330195983 0.8314696123025479 0
    outer loop
      vertex -29.525 21.09067332602634 1.8
      vertex -29.639199500459156 21.166978992694204 6.8
      vertex -29.525 21.09067332602634 6.8
    endloop
  endfacet
  facet normal 0.4422886902190196 0.8968727415326793 0
    outer loop
      vertex -29.401817603983343 21.029926490863147 1.8
      vertex -29.525 21.09067332602634 6.8
      vertex -29.401817603983343 21.029926490863147 6.8
    endloop
  endfacet
  facet normal 0.32143946530316875 0.9469301294951032 0
    outer loop
      vertex -29.27175999735765 20.985777882396476 1.8
      vertex -29.401817603983343 21.029926490863147 6.8
      vertex -29.27175999735765 20.985777882396476 6.8
    endloop
  endfacet
  facet normal 0.19509032201612525 0.980785280403231 0
    outer loop
      vertex -29.137052501831054 20.958982895557497 1.8
      vertex -29.27175999735765 20.985777882396476 6.8
      vertex -29.137052501831054 20.958982895557497 6.8
    endloop
  endfacet
  facet normal 0.06540312923013539 0.997858923238604 0
    outer loop
      vertex -29 20.95 1.8
      vertex -29.137052501831054 20.958982895557497 6.8
      vertex -29 20.95 6.8
    endloop
  endfacet
  facet normal -0.06540312923013539 0.997858923238604 0
    outer loop
      vertex -28.862947498168946 20.958982895557497 1.8
      vertex -29 20.95 6.8
      vertex -28.862947498168946 20.958982895557497 6.8
    endloop
  endfacet
  facet normal -0.19509032201612525 0.980785280403231 0
    outer loop
      vertex -28.72824000264235 20.985777882396476 1.8
      vertex -28.862947498168946 20.958982895557497 6.8
      vertex -28.72824000264235 20.985777882396476 6.8
    endloop
  endfacet
  facet normal -0.32143946530316875 0.9469301294951032 0
    outer loop
      vertex -28.598182396016657 21.029926490863147 1.8
      vertex -28.72824000264235 20.985777882396476 6.8
      vertex -28.598182396016657 21.029926490863147 6.8
    endloop
  endfacet
  facet normal -0.4422886902190196 0.8968727415326793 0
    outer loop
      vertex -28.475 21.09067332602634 1.8
      vertex -28.598182396016657 21.029926490863147 6.8
      vertex -28.475 21.09067332602634 6.8
    endloop
  endfacet
  facet normal -0.5555702330195983 0.8314696123025479 0
    outer loop
      vertex -28.360800499540844 21.166978992694204 1.8
      vertex -28.475 21.09067332602634 6.8
      vertex -28.360800499540844 21.166978992694204 6.8
    endloop
  endfacet
  facet normal -0.6593458151000597 0.7518398074789853 0
    outer loop
      vertex -28.257537879754125 21.257537879754125 1.8
      vertex -28.360800499540844 21.166978992694204 6.8
      vertex -28.257537879754125 21.257537879754125 6.8
    endloop
  endfacet
  facet normal -0.7518398074789853 0.6593458151000597 0
    outer loop
      vertex -28.166978992694204 21.360800499540844 1.8
      vertex -28.257537879754125 21.257537879754125 6.8
      vertex -28.166978992694204 21.360800499540844 6.8
    endloop
  endfacet
  facet normal -0.8314696123025479 0.5555702330195983 0
    outer loop
      vertex -28.09067332602634 21.475 1.8
      vertex -28.166978992694204 21.360800499540844 6.8
      vertex -28.09067332602634 21.475 6.8
    endloop
  endfacet
  facet normal -0.8968727415326793 0.4422886902190196 0
    outer loop
      vertex -28.029926490863147 21.598182396016657 1.8
      vertex -28.09067332602634 21.475 6.8
      vertex -28.029926490863147 21.598182396016657 6.8
    endloop
  endfacet
  facet normal -0.9469301294951032 0.32143946530316875 0
    outer loop
      vertex -27.985777882396476 21.72824000264235 1.8
      vertex -28.029926490863147 21.598182396016657 6.8
      vertex -27.985777882396476 21.72824000264235 6.8
    endloop
  endfacet
  facet normal 0.980785280403231 0.19509032201612525 -2.2330788375513627e-19
    outer loop
      vertex -30.014222117603524 21.72824000264235 1.8
      vertex -30.041017104442503 21.862947498168946 1.8
      vertex -30.041017104442503 21.862947498168946 6.8
    endloop
  endfacet
  facet normal 0.997858923238604 0.06540312923013539 -5.0365231081995063e-20
    outer loop
      vertex -30.041017104442503 21.862947498168946 1.8
      vertex -30.05 22 1.8
      vertex -30.05 22 6.8
    endloop
  endfacet
  facet normal 0.997858923238604 -0.06540312923013539 5.0365231081995063e-20
    outer loop
      vertex -30.05 22 1.8
      vertex -30.041017104442503 22.137052501831054 1.8
      vertex -30.041017104442503 22.137052501831054 6.8
    endloop
  endfacet
  facet normal 0.980785280403231 -0.19509032201612525 2.2330788375513627e-19
    outer loop
      vertex -30.041017104442503 22.137052501831054 1.8
      vertex -30.014222117603524 22.27175999735765 1.8
      vertex -30.014222117603524 22.27175999735765 6.8
    endloop
  endfacet
  facet normal 0.9469301294951032 -0.32143946530316875 2.858405001631252e-19
    outer loop
      vertex -30.014222117603524 22.27175999735765 1.8
      vertex -29.970073509136853 22.401817603983343 1.8
      vertex -29.970073509136853 22.401817603983343 6.8
    endloop
  endfacet
  facet normal 0.8968727415326793 -0.4422886902190196 2.1366178928015228e-19
    outer loop
      vertex -29.970073509136853 22.401817603983343 1.8
      vertex -29.90932667397366 22.525 1.8
      vertex -29.90932667397366 22.525 6.8
    endloop
  endfacet
  facet normal 0.8314696123025479 -0.5555702330195983 3.119563524338364e-19
    outer loop
      vertex -29.90932667397366 22.525 1.8
      vertex -29.833021007305796 22.639199500459156 1.8
      vertex -29.833021007305796 22.639199500459156 6.8
    endloop
  endfacet
  facet normal 0.7518398074789853 -0.6593458151000597 -5.004415402701427e-19
    outer loop
      vertex -29.833021007305796 22.639199500459156 1.8
      vertex -29.742462120245875 22.742462120245875 1.8
      vertex -29.742462120245875 22.742462120245875 6.8
    endloop
  endfacet
  facet normal 0.6593458151000597 -0.7518398074789853 -5.004415402701427e-19
    outer loop
      vertex -29.742462120245875 22.742462120245875 1.8
      vertex -29.639199500459156 22.833021007305796 1.8
      vertex -29.639199500459156 22.833021007305796 6.8
    endloop
  endfacet
  facet normal 0.5555702330195983 -0.8314696123025479 3.119563524338364e-19
    outer loop
      vertex -29.639199500459156 22.833021007305796 1.8
      vertex -29.525 22.90932667397366 1.8
      vertex -29.525 22.90932667397366 6.8
    endloop
  endfacet
  facet normal 0.4422886902190196 -0.8968727415326793 2.1366178928015228e-19
    outer loop
      vertex -29.525 22.90932667397366 1.8
      vertex -29.401817603983343 22.970073509136853 1.8
      vertex -29.401817603983343 22.970073509136853 6.8
    endloop
  endfacet
  facet normal 0.32143946530316875 -0.9469301294951032 2.858405001631252e-19
    outer loop
      vertex -29.401817603983343 22.970073509136853 1.8
      vertex -29.27175999735765 23.014222117603524 1.8
      vertex -29.27175999735765 23.014222117603524 6.8
    endloop
  endfacet
  facet normal 0.19509032201612525 -0.980785280403231 2.2330788375513627e-19
    outer loop
      vertex -29.27175999735765 23.014222117603524 1.8
      vertex -29.137052501831054 23.041017104442503 1.8
      vertex -29.137052501831054 23.041017104442503 6.8
    endloop
  endfacet
  facet normal 0.06540312923013539 -0.997858923238604 5.0365231081995063e-20
    outer loop
      vertex -29.137052501831054 23.041017104442503 1.8
      vertex -29 23.05 1.8
      vertex -29 23.05 6.8
    endloop
  endfacet
  facet normal -0.06540312923013539 -0.997858923238604 -5.0365231081995063e-20
    outer loop
      vertex -29 23.05 1.8
      vertex -28.862947498168946 23.041017104442503 1.8
      vertex -28.862947498168946 23.041017104442503 6.8
    endloop
  endfacet
  facet normal -0.19509032201612525 -0.980785280403231 -2.2330788375513627e-19
    outer loop
      vertex -28.862947498168946 23.041017104442503 1.8
      vertex -28.72824000264235 23.014222117603524 1.8
      vertex -28.72824000264235 23.014222117603524 6.8
    endloop
  endfacet
  facet normal -0.32143946530316875 -0.9469301294951032 -2.858405001631252e-19
    outer loop
      vertex -28.72824000264235 23.014222117603524 1.8
      vertex -28.598182396016657 22.970073509136853 1.8
      vertex -28.598182396016657 22.970073509136853 6.8
    endloop
  endfacet
  facet normal -0.4422886902190196 -0.8968727415326793 -2.1366178928015228e-19
    outer loop
      vertex -28.598182396016657 22.970073509136853 1.8
      vertex -28.475 22.90932667397366 1.8
      vertex -28.475 22.90932667397366 6.8
    endloop
  endfacet
  facet normal -0.5555702330195983 -0.8314696123025479 -3.119563524338364e-19
    outer loop
      vertex -28.475 22.90932667397366 1.8
      vertex -28.360800499540844 22.833021007305796 1.8
      vertex -28.360800499540844 22.833021007305796 6.8
    endloop
  endfacet
  facet normal -0.6593458151000597 -0.7518398074789853 5.004415402701427e-19
    outer loop
      vertex -28.360800499540844 22.833021007305796 1.8
      vertex -28.257537879754125 22.742462120245875 1.8
      vertex -28.257537879754125 22.742462120245875 6.8
    endloop
  endfacet
  facet normal -0.7518398074789853 -0.6593458151000597 0
    outer loop
      vertex -28.166978992694204 22.639199500459156 1.8
      vertex -28.166978992694204 22.639199500459156 6.8
      vertex -28.257537879754125 22.742462120245875 1.8
    endloop
  endfacet
  facet normal -0.980785280403231 0.19509032201612525 0
    outer loop
      vertex -27.985777882396476 21.72824000264235 1.8
      vertex -27.985777882396476 21.72824000264235 6.8
      vertex -27.958982895557497 21.862947498168946 1.8
    endloop
  endfacet
  facet normal -0.997858923238604 0.06540312923013539 0
    outer loop
      vertex -27.958982895557497 21.862947498168946 1.8
      vertex -27.958982895557497 21.862947498168946 6.8
      vertex -27.95 22 1.8
    endloop
  endfacet
  facet normal -0.997858923238604 -0.06540312923013539 0
    outer loop
      vertex -27.95 22 1.8
      vertex -27.95 22 6.8
      vertex -27.958982895557497 22.137052501831054 1.8
    endloop
  endfacet
  facet normal -0.980785280403231 -0.19509032201612525 0
    outer loop
      vertex -27.958982895557497 22.137052501831054 1.8
      vertex -27.958982895557497 22.137052501831054 6.8
      vertex -27.985777882396476 22.27175999735765 1.8
    endloop
  endfacet
  facet normal -0.9469301294951032 -0.32143946530316875 0
    outer loop
      vertex -27.985777882396476 22.27175999735765 1.8
      vertex -27.985777882396476 22.27175999735765 6.8
      vertex -28.029926490863147 22.401817603983343 1.8
    endloop
  endfacet
  facet normal -0.8968727415326793 -0.4422886902190196 0
    outer loop
      vertex -28.029926490863147 22.401817603983343 1.8
      vertex -28.029926490863147 22.401817603983343 6.8
      vertex -28.09067332602634 22.525 1.8
    endloop
  endfacet
  facet normal -0.8314696123025479 -0.5555702330195983 -3.119563524338364e-19
    outer loop
      vertex -28.166978992694204 22.639199500459156 1.8
      vertex -28.09067332602634 22.525 1.8
      vertex -28.09067332602634 22.525 6.8
    endloop
  endfacet
  facet normal 0.980785280403231 0.19509032201612525 0
    outer loop
      vertex -30.014222117603524 21.72824000264235 1.8
      vertex -30.041017104442503 21.862947498168946 6.8
      vertex -30.014222117603524 21.72824000264235 6.8
    endloop
  endfacet
  facet normal 0.997858923238604 0.06540312923013539 0
    outer loop
      vertex -30.041017104442503 21.862947498168946 1.8
      vertex -30.05 22 6.8
      vertex -30.041017104442503 21.862947498168946 6.8
    endloop
  endfacet
  facet normal 0.997858923238604 -0.06540312923013539 0
    outer loop
      vertex -30.05 22 1.8
      vertex -30.041017104442503 22.137052501831054 6.8
      vertex -30.05 22 6.8
    endloop
  endfacet
  facet normal 0.980785280403231 -0.19509032201612525 0
    outer loop
      vertex -30.041017104442503 22.137052501831054 1.8
      vertex -30.014222117603524 22.27175999735765 6.8
      vertex -30.041017104442503 22.137052501831054 6.8
    endloop
  endfacet
  facet normal 0.9469301294951032 -0.32143946530316875 0
    outer loop
      vertex -30.014222117603524 22.27175999735765 1.8
      vertex -29.970073509136853 22.401817603983343 6.8
      vertex -30.014222117603524 22.27175999735765 6.8
    endloop
  endfacet
  facet normal 0.8968727415326793 -0.4422886902190196 0
    outer loop
      vertex -29.970073509136853 22.401817603983343 1.8
      vertex -29.90932667397366 22.525 6.8
      vertex -29.970073509136853 22.401817603983343 6.8
    endloop
  endfacet
  facet normal 0.8314696123025479 -0.5555702330195983 0
    outer loop
      vertex -29.90932667397366 22.525 1.8
      vertex -29.833021007305796 22.639199500459156 6.8
      vertex -29.90932667397366 22.525 6.8
    endloop
  endfacet
  facet normal 0.7518398074789853 -0.6593458151000597 0
    outer loop
      vertex -29.833021007305796 22.639199500459156 1.8
      vertex -29.742462120245875 22.742462120245875 6.8
      vertex -29.833021007305796 22.639199500459156 6.8
    endloop
  endfacet
  facet normal 0.6593458151000597 -0.7518398074789853 0
    outer loop
      vertex -29.742462120245875 22.742462120245875 1.8
      vertex -29.639199500459156 22.833021007305796 6.8
      vertex -29.742462120245875 22.742462120245875 6.8
    endloop
  endfacet
  facet normal 0.5555702330195983 -0.8314696123025479 0
    outer loop
      vertex -29.639199500459156 22.833021007305796 1.8
      vertex -29.525 22.90932667397366 6.8
      vertex -29.639199500459156 22.833021007305796 6.8
    endloop
  endfacet
  facet normal 0.4422886902190196 -0.8968727415326793 0
    outer loop
      vertex -29.525 22.90932667397366 1.8
      vertex -29.401817603983343 22.970073509136853 6.8
      vertex -29.525 22.90932667397366 6.8
    endloop
  endfacet
  facet normal 0.32143946530316875 -0.9469301294951032 0
    outer loop
      vertex -29.401817603983343 22.970073509136853 1.8
      vertex -29.27175999735765 23.014222117603524 6.8
      vertex -29.401817603983343 22.970073509136853 6.8
    endloop
  endfacet
  facet normal -0.8314696123025479 -0.5555702330195983 0
    outer loop
      vertex -28.166978992694204 22.639199500459156 1.8
      vertex -28.09067332602634 22.525 6.8
      vertex -28.166978992694204 22.639199500459156 6.8
    endloop
  endfacet
  facet normal 0.19509032201612525 -0.980785280403231 0
    outer loop
      vertex -29.27175999735765 23.014222117603524 1.8
      vertex -29.137052501831054 23.041017104442503 6.8
      vertex -29.27175999735765 23.014222117603524 6.8
    endloop
  endfacet
  facet normal 0.06540312923013539 -0.997858923238604 0
    outer loop
      vertex -29.137052501831054 23.041017104442503 1.8
      vertex -29 23.05 6.8
      vertex -29.137052501831054 23.041017104442503 6.8
    endloop
  endfacet
  facet normal -0.06540312923013539 -0.997858923238604 0
    outer loop
      vertex -29 23.05 1.8
      vertex -28.862947498168946 23.041017104442503 6.8
      vertex -29 23.05 6.8
    endloop
  endfacet
  facet normal -0.19509032201612525 -0.980785280403231 0
    outer loop
      vertex -28.862947498168946 23.041017104442503 1.8
      vertex -28.72824000264235 23.014222117603524 6.8
      vertex -28.862947498168946 23.041017104442503 6.8
    endloop
  endfacet
  facet normal -0.4422886902190196 -0.8968727415326793 0
    outer loop
      vertex -28.598182396016657 22.970073509136853 1.8
      vertex -28.475 22.90932667397366 6.8
      vertex -28.598182396016657 22.970073509136853 6.8
    endloop
  endfacet
  facet normal -0.32143946530316875 -0.9469301294951032 0
    outer loop
      vertex -28.72824000264235 23.014222117603524 1.8
      vertex -28.598182396016657 22.970073509136853 6.8
      vertex -28.72824000264235 23.014222117603524 6.8
    endloop
  endfacet
  facet normal -0.5555702330195983 -0.8314696123025479 0
    outer loop
      vertex -28.475 22.90932667397366 1.8
      vertex -28.360800499540844 22.833021007305796 6.8
      vertex -28.475 22.90932667397366 6.8
    endloop
  endfacet
  facet normal -0.6593458151000597 -0.7518398074789853 0
    outer loop
      vertex -28.360800499540844 22.833021007305796 1.8
      vertex -28.257537879754125 22.742462120245875 6.8
      vertex -28.360800499540844 22.833021007305796 6.8
    endloop
  endfacet
  facet normal -0.7518398074789853 -0.6593458151000597 0
    outer loop
      vertex -28.257537879754125 22.742462120245875 1.8
      vertex -28.166978992694204 22.639199500459156 6.8
      vertex -28.257537879754125 22.742462120245875 6.8
    endloop
  endfacet
  facet normal -0.980785280403231 0.19509032201612525 0
    outer loop
      vertex -27.958982895557497 21.862947498168946 1.8
      vertex -27.985777882396476 21.72824000264235 6.8
      vertex -27.958982895557497 21.862947498168946 6.8
    endloop
  endfacet
  facet normal -0.997858923238604 0.06540312923013539 0
    outer loop
      vertex -27.95 22 1.8
      vertex -27.958982895557497 21.862947498168946 6.8
      vertex -27.95 22 6.8
    endloop
  endfacet
  facet normal -0.997858923238604 -0.06540312923013539 0
    outer loop
      vertex -27.958982895557497 22.137052501831054 1.8
      vertex -27.95 22 6.8
      vertex -27.958982895557497 22.137052501831054 6.8
    endloop
  endfacet
  facet normal -0.9469301294951032 -0.32143946530316875 0
    outer loop
      vertex -28.029926490863147 22.401817603983343 1.8
      vertex -27.985777882396476 22.27175999735765 6.8
      vertex -28.029926490863147 22.401817603983343 6.8
    endloop
  endfacet
  facet normal -0.980785280403231 -0.19509032201612525 0
    outer loop
      vertex -27.985777882396476 22.27175999735765 1.8
      vertex -27.958982895557497 22.137052501831054 6.8
      vertex -27.985777882396476 22.27175999735765 6.8
    endloop
  endfacet
  facet normal -0.8968727415326793 -0.4422886902190196 0
    outer loop
      vertex -28.09067332602634 22.525 1.8
      vertex -28.029926490863147 22.401817603983343 6.8
      vertex -28.09067332602634 22.525 6.8
    endloop
  endfacet
  facet normal 0 -1 0
    outer loop
      vertex -13.05 -25.25 1.8
      vertex 5.5 -25.25 3
      vertex -5.5 -25.25 3
    endloop
  endfacet
  facet normal -0.7518398074789823 -0.6593458151000634 0
    outer loop
      vertex -14.795377348640718 -24.389275143819184 1.8
      vertex -14.605634918610406 -24.605634918610406 1.8
      vertex -14.795377348640718 -24.389275143819184 7.499999999999999
    endloop
  endfacet
  facet normal -0.8314696123025448 -0.5555702330196028 0
    outer loop
      vertex -14.955255888325766 -24.15 1.8
      vertex -14.795377348640718 -24.389275143819184 1.8
      vertex -14.955255888325766 -24.15 7.499999999999999
    endloop
  endfacet
  facet normal -0.8968727415326869 -0.4422886902190041 1.340189000954346e-19
    outer loop
      vertex -14.955255888325766 -24.15 1.8
      vertex -15.082534971524831 -23.8919035512032 7.499999999999999
      vertex -15.082534971524831 -23.8919035512032 1.8
    endloop
  endfacet
  facet normal -0.9469301294951039 -0.32143946530316647 -5.75068187185925e-19
    outer loop
      vertex -15.082534971524831 -23.8919035512032 1.8
      vertex -15.175036817835952 -23.619401899225547 7.499999999999999
      vertex -15.175036817835952 -23.619401899225547 1.8
    endloop
  endfacet
  facet normal -0.4422886902189943 -0.8968727415326918 0
    outer loop
      vertex -14.15 -24.955255888325766 1.8
      vertex -13.891903551203198 -25.08253497152483 1.8
      vertex -14.15 -24.955255888325766 7.499999999999999
    endloop
  endfacet
  facet normal -0.65934581510007 -0.7518398074789765 -1.0845836573488458e-18
    outer loop
      vertex -14.389275143819185 -24.79537734864072 1.8
      vertex -14.605634918610406 -24.605634918610406 7.499999999999999
      vertex -14.605634918610406 -24.605634918610406 1.8
    endloop
  endfacet
  facet normal -0.5555702330195985 -0.8314696123025477 -4.573970196385843e-19
    outer loop
      vertex -14.15 -24.955255888325766 1.8
      vertex -14.389275143819185 -24.79537734864072 7.499999999999999
      vertex -14.389275143819185 -24.79537734864072 1.8
    endloop
  endfacet
  facet normal -0.32143946530317385 -0.9469301294951015 0
    outer loop
      vertex -13.891903551203198 -25.08253497152483 1.8
      vertex -13.619401899225547 -25.175036817835952 1.8
      vertex -13.891903551203198 -25.08253497152483 7.499999999999999
    endloop
  endfacet
  facet normal -0.19509032201611962 -0.9807852804032321 0
    outer loop
      vertex -13.619401899225547 -25.175036817835952 1.8
      vertex -13.337157622884114 -25.231178695022383 1.8
      vertex -13.619401899225547 -25.175036817835952 7.499999999999999
    endloop
  endfacet
  facet normal -0.9807852804032321 -0.19509032201611962 -8.465125888484816e-19
    outer loop
      vertex -15.175036817835952 -23.619401899225547 1.8
      vertex -15.231178695022383 -23.337157622884114 7.499999999999999
      vertex -15.231178695022383 -23.337157622884114 1.8
    endloop
  endfacet
  facet normal -0.9978589232386034 -0.06540312923014413 3.6707735698092494e-20
    outer loop
      vertex -15.231178695022383 -23.337157622884114 1.8
      vertex -15.25 -23.05 7.499999999999999
      vertex -15.25 -23.05 1.8
    endloop
  endfacet
  facet normal -0.06540312923014413 -0.9978589232386034 0
    outer loop
      vertex -13.337157622884114 -25.231178695022383 1.8
      vertex -13.05 -25.25 1.8
      vertex -13.337157622884114 -25.231178695022383 7.499999999999999
    endloop
  endfacet
  facet normal 0 -1 0
    outer loop
      vertex -13.05 -25.25 1.8
      vertex -5.5 -25.25 3
      vertex -5.5 -25.25 7.499999999999999
    endloop
  endfacet
  facet normal 0 1 0
    outer loop
      vertex -13.05 -0.75 1.8
      vertex -2.5 -0.75 3.4
      vertex -2.5 -0.75 1.8
    endloop
  endfacet
  facet normal -1 0 0
    outer loop
      vertex -15.25 -23.05 1.8
      vertex -15.25 -2.9499999999999993 7.499999999999999
      vertex -15.25 -2.9499999999999993 1.8
    endloop
  endfacet
  facet normal -0.9978589232386034 0.06540312923014413 -3.6707735698092494e-20
    outer loop
      vertex -15.25 -2.9499999999999993 1.8
      vertex -15.231178695022383 -2.6628423771158864 7.499999999999999
      vertex -15.231178695022383 -2.6628423771158864 1.8
    endloop
  endfacet
  facet normal -0.9807852804032321 0.19509032201611962 8.465125888484816e-19
    outer loop
      vertex -15.231178695022383 -2.6628423771158864 1.8
      vertex -15.175036817835952 -2.3805981007744528 7.499999999999999
      vertex -15.175036817835952 -2.3805981007744528 1.8
    endloop
  endfacet
  facet normal -0.9469301294951034 0.3214394653031683 -1.8837301771164112e-19
    outer loop
      vertex -15.175036817835952 -2.3805981007744528 1.8
      vertex -15.082534971524831 -2.108096448796802 7.499999999999999
      vertex -15.082534971524831 -2.108096448796802 1.8
    endloop
  endfacet
  facet normal -0.8968727415326893 0.4422886902189992 5.719670494455806e-19
    outer loop
      vertex -15.082534971524831 -2.108096448796802 1.8
      vertex -14.955255888325766 -1.8499999999999996 7.499999999999999
      vertex -14.955255888325766 -1.8499999999999996 1.8
    endloop
  endfacet
  facet normal -0.8314696123025448 0.5555702330196028 1.5337237905141858e-18
    outer loop
      vertex -14.955255888325766 -1.8499999999999996 1.8
      vertex -14.795377348640718 -1.6107248561808145 7.499999999999999
      vertex -14.795377348640718 -1.6107248561808145 1.8
    endloop
  endfacet
  facet normal -0.7518398074789795 0.6593458151000664 -5.571793123004416e-19
    outer loop
      vertex -14.795377348640718 -1.6107248561808145 1.8
      vertex -14.605634918610406 -1.3943650813895943 7.499999999999999
      vertex -14.605634918610406 -1.3943650813895943 1.8
    endloop
  endfacet
  facet normal -0.6593458151000664 0.7518398074789795 -5.571793123004416e-19
    outer loop
      vertex -14.605634918610406 -1.3943650813895943 1.8
      vertex -14.389275143819185 -1.2046226513592817 7.499999999999999
      vertex -14.389275143819185 -1.2046226513592817 1.8
    endloop
  endfacet
  facet normal -0.5555702330196028 0.8314696123025448 1.5337237905141858e-18
    outer loop
      vertex -14.389275143819185 -1.2046226513592817 1.8
      vertex -14.15 -1.044744111674234 7.499999999999999
      vertex -14.15 -1.044744111674234 1.8
    endloop
  endfacet
  facet normal -0.4422886902189992 0.8968727415326893 5.719670494455806e-19
    outer loop
      vertex -14.15 -1.044744111674234 1.8
      vertex -13.891903551203198 -0.9174650284751689 7.499999999999999
      vertex -13.891903551203198 -0.9174650284751689 1.8
    endloop
  endfacet
  facet normal -0.3214394653031683 0.9469301294951034 -1.8837301771164112e-19
    outer loop
      vertex -13.891903551203198 -0.9174650284751689 1.8
      vertex -13.619401899225547 -0.8249631821640477 7.499999999999999
      vertex -13.619401899225547 -0.8249631821640477 1.8
    endloop
  endfacet
  facet normal -0.19509032201611962 0.9807852804032321 8.465125888484816e-19
    outer loop
      vertex -13.619401899225547 -0.8249631821640477 1.8
      vertex -13.337157622884114 -0.7688213049776174 7.499999999999999
      vertex -13.337157622884114 -0.7688213049776174 1.8
    endloop
  endfacet
  facet normal -0.06540312923014413 0.9978589232386034 -3.6707735698092494e-20
    outer loop
      vertex -13.337157622884114 -0.7688213049776174 1.8
      vertex -13.05 -0.75 7.499999999999999
      vertex -13.05 -0.75 1.8
    endloop
  endfacet
  facet normal 0 1 0
    outer loop
      vertex -13.05 -0.75 1.8
      vertex 13.05 -0.75 7.499999999999999
      vertex -2.5 -0.75 3.4
    endloop
  endfacet
  facet normal -0.7518398074789823 -0.6593458151000634 0
    outer loop
      vertex -14.605634918610406 -24.605634918610406 1.8
      vertex -14.605634918610406 -24.605634918610406 7.499999999999999
      vertex -14.795377348640718 -24.389275143819184 7.499999999999999
    endloop
  endfacet
  facet normal -0.8968727415326869 -0.4422886902190041 0
    outer loop
      vertex -14.955255888325766 -24.15 1.8
      vertex -14.955255888325766 -24.15 7.499999999999999
      vertex -15.082534971524831 -23.8919035512032 7.499999999999999
    endloop
  endfacet
  facet normal -0.8314696123025448 -0.5555702330196028 0
    outer loop
      vertex -14.795377348640718 -24.389275143819184 1.8
      vertex -14.795377348640718 -24.389275143819184 7.499999999999999
      vertex -14.955255888325766 -24.15 7.499999999999999
    endloop
  endfacet
  facet normal -0.9469301294951039 -0.32143946530316647 0
    outer loop
      vertex -15.082534971524831 -23.8919035512032 1.8
      vertex -15.082534971524831 -23.8919035512032 7.499999999999999
      vertex -15.175036817835952 -23.619401899225547 7.499999999999999
    endloop
  endfacet
  facet normal -0.65934581510007 -0.7518398074789765 0
    outer loop
      vertex -14.389275143819185 -24.79537734864072 1.8
      vertex -14.389275143819185 -24.79537734864072 7.499999999999999
      vertex -14.605634918610406 -24.605634918610406 7.499999999999999
    endloop
  endfacet
  facet normal -0.5555702330195985 -0.8314696123025477 0
    outer loop
      vertex -14.15 -24.955255888325766 1.8
      vertex -14.15 -24.955255888325766 7.499999999999999
      vertex -14.389275143819185 -24.79537734864072 7.499999999999999
    endloop
  endfacet
  facet normal -0.4422886902189943 -0.8968727415326918 0
    outer loop
      vertex -13.891903551203198 -25.08253497152483 1.8
      vertex -13.891903551203198 -25.08253497152483 7.499999999999999
      vertex -14.15 -24.955255888325766 7.499999999999999
    endloop
  endfacet
  facet normal -0.32143946530317385 -0.9469301294951015 0
    outer loop
      vertex -13.619401899225547 -25.175036817835952 1.8
      vertex -13.619401899225547 -25.175036817835952 7.499999999999999
      vertex -13.891903551203198 -25.08253497152483 7.499999999999999
    endloop
  endfacet
  facet normal -0.9807852804032321 -0.19509032201611962 0
    outer loop
      vertex -15.175036817835952 -23.619401899225547 1.8
      vertex -15.175036817835952 -23.619401899225547 7.499999999999999
      vertex -15.231178695022383 -23.337157622884114 7.499999999999999
    endloop
  endfacet
  facet normal -0.9978589232386034 -0.06540312923014413 0
    outer loop
      vertex -15.231178695022383 -23.337157622884114 1.8
      vertex -15.231178695022383 -23.337157622884114 7.499999999999999
      vertex -15.25 -23.05 7.499999999999999
    endloop
  endfacet
  facet normal -0.19509032201611962 -0.9807852804032321 0
    outer loop
      vertex -13.337157622884114 -25.231178695022383 1.8
      vertex -13.337157622884114 -25.231178695022383 7.499999999999999
      vertex -13.619401899225547 -25.175036817835952 7.499999999999999
    endloop
  endfacet
  facet normal -0.06540312923014413 -0.9978589232386034 0
    outer loop
      vertex -13.05 -25.25 1.8
      vertex -13.05 -25.25 7.499999999999999
      vertex -13.337157622884114 -25.231178695022383 7.499999999999999
    endloop
  endfacet
  facet normal 0 -1 0
    outer loop
      vertex -13.05 -25.25 1.8
      vertex -5.5 -25.25 7.499999999999999
      vertex -13.05 -25.25 7.499999999999999
    endloop
  endfacet
  facet normal 0 0 1
    outer loop
      vertex -13.891903551203198 -25.08253497152483 7.499999999999999
      vertex -13.619401899225547 -25.175036817835952 7.499999999999999
      vertex -13.719365344465977 -23.424018286413954 7.499999999999999
    endloop
  endfacet
  facet normal 0 0 1
    outer loop
      vertex -14.15 -24.955255888325766 7.499999999999999
      vertex -13.891903551203198 -25.08253497152483 7.499999999999999
      vertex -13.92820725201806 -23.062293491784146 7.499999999999999
    endloop
  endfacet
  facet normal 0 0 1
    outer loop
      vertex -13.619401899225547 -25.175036817835952 7.499999999999999
      vertex -13.424018286413954 -23.719365344465977 7.499999999999999
      vertex -13.581370849898477 -23.581370849898477 7.499999999999999
    endloop
  endfacet
  facet normal 0 0 1
    outer loop
      vertex -13.619401899225547 -25.175036817835952 7.499999999999999
      vertex -13.581370849898477 -23.581370849898477 7.499999999999999
      vertex -13.719365344465977 -23.424018286413954 7.499999999999999
    endloop
  endfacet
  facet normal 0 0 1
    outer loop
      vertex -13.891903551203198 -25.08253497152483 7.499999999999999
      vertex -13.719365344465977 -23.424018286413954 7.499999999999999
      vertex -13.835640646055102 -23.25 7.499999999999999
    endloop
  endfacet
  facet normal 0 0 1
    outer loop
      vertex -13.891903551203198 -25.08253497152483 7.499999999999999
      vertex -13.835640646055102 -23.25 7.499999999999999
      vertex -13.92820725201806 -23.062293491784146 7.499999999999999
    endloop
  endfacet
  facet normal 0 0 1
    outer loop
      vertex -14.15 -24.955255888325766 7.499999999999999
      vertex -13.92820725201806 -23.062293491784146 7.499999999999999
      vertex -13.99548132206251 -22.864110472164036 7.499999999999999
    endloop
  endfacet
  facet normal 0 0 1
    outer loop
      vertex -14.15 -24.955255888325766 7.499999999999999
      vertex -14.036311778198097 -22.658841907552084 7.499999999999999
      vertex -14.05 -22.450000000000003 7.499999999999999
    endloop
  endfacet
  facet normal 0 0 1
    outer loop
      vertex -14.15 -24.955255888325766 7.499999999999999
      vertex -13.99548132206251 -22.864110472164036 7.499999999999999
      vertex -14.036311778198097 -22.658841907552084 7.499999999999999
    endloop
  endfacet
  facet normal 0 0 1
    outer loop
      vertex -13.619401899225547 -25.175036817835952 7.499999999999999
      vertex -13.337157622884114 -25.231178695022383 7.499999999999999
      vertex -13.424018286413954 -23.719365344465977 7.499999999999999
    endloop
  endfacet
  facet normal 0 0 1
    outer loop
      vertex -13.337157622884114 -25.231178695022383 7.499999999999999
      vertex -13.05 -25.25 7.499999999999999
      vertex -13.250000000000002 -23.835640646055104 7.499999999999999
    endloop
  endfacet
  facet normal 0 0 1
    outer loop
      vertex -13.337157622884114 -25.231178695022383 7.499999999999999
      vertex -13.250000000000002 -23.835640646055104 7.499999999999999
      vertex -13.424018286413954 -23.719365344465977 7.499999999999999
    endloop
  endfacet
  facet normal 0 0 1
    outer loop
      vertex -13.05 -25.25 7.499999999999999
      vertex -13.062293491784144 -23.928207252018062 7.499999999999999
      vertex -13.250000000000002 -23.835640646055104 7.499999999999999
    endloop
  endfacet
  facet normal 0 0 1
    outer loop
      vertex -13.05 -25.25 7.499999999999999
      vertex -12.864110472164034 -23.99548132206251 7.499999999999999
      vertex -13.062293491784144 -23.928207252018062 7.499999999999999
    endloop
  endfacet
  facet normal 0 0 1
    outer loop
      vertex -13.05 -25.25 7.499999999999999
      vertex -12.658841907552084 -24.036311778198097 7.499999999999999
      vertex -12.864110472164034 -23.99548132206251 7.499999999999999
    endloop
  endfacet
  facet normal 0 0 1
    outer loop
      vertex -13.05 -25.25 7.499999999999999
      vertex -12.450000000000001 -24.05 7.499999999999999
      vertex -12.658841907552084 -24.036311778198097 7.499999999999999
    endloop
  endfacet
  facet normal 0 0 1
    outer loop
      vertex -13.05 -25.25 7.499999999999999
      vertex -5.5 -25.25 7.499999999999999
      vertex -12.450000000000001 -24.05 7.499999999999999
    endloop
  endfacet
  facet normal -1 0 0
    outer loop
      vertex -15.25 -23.05 1.8
      vertex -15.25 -23.05 7.499999999999999
      vertex -15.25 -2.9499999999999993 7.499999999999999
    endloop
  endfacet
  facet normal 0 0 1
    outer loop
      vertex -15.175036817835952 -23.619401899225547 7.499999999999999
      vertex -15.231178695022383 -2.6628423771158864 7.499999999999999
      vertex -15.231178695022383 -23.337157622884114 7.499999999999999
    endloop
  endfacet
  facet normal 0 0 1
    outer loop
      vertex -15.231178695022383 -23.337157622884114 7.499999999999999
      vertex -15.25 -2.9499999999999993 7.499999999999999
      vertex -15.25 -23.05 7.499999999999999
    endloop
  endfacet
  facet normal 0 0 1
    outer loop
      vertex -14.955255888325766 -24.15 7.499999999999999
      vertex -14.795377348640718 -24.389275143819184 7.499999999999999
      vertex -14.955255888325766 -1.8499999999999996 7.499999999999999
    endloop
  endfacet
  facet normal 0 0 1
    outer loop
      vertex -14.795377348640718 -24.389275143819184 7.499999999999999
      vertex -14.605634918610406 -24.605634918610406 7.499999999999999
      vertex -14.795377348640718 -1.6107248561808145 7.499999999999999
    endloop
  endfacet
  facet normal 0 0 1
    outer loop
      vertex -15.082534971524831 -23.8919035512032 7.499999999999999
      vertex -15.175036817835952 -2.3805981007744528 7.499999999999999
      vertex -15.175036817835952 -23.619401899225547 7.499999999999999
    endloop
  endfacet
  facet normal 0 0 1
    outer loop
      vertex -14.955255888325766 -24.15 7.499999999999999
      vertex -15.082534971524831 -2.108096448796802 7.499999999999999
      vertex -15.082534971524831 -23.8919035512032 7.499999999999999
    endloop
  endfacet
  facet normal 0 0 1
    outer loop
      vertex -14.389275143819185 -24.79537734864072 7.499999999999999
      vertex -14.605634918610406 -1.3943650813895943 7.499999999999999
      vertex -14.605634918610406 -24.605634918610406 7.499999999999999
    endloop
  endfacet
  facet normal 0 0 1
    outer loop
      vertex -14.15 -24.955255888325766 7.499999999999999
      vertex -14.389275143819185 -1.2046226513592817 7.499999999999999
      vertex -14.389275143819185 -24.79537734864072 7.499999999999999
    endloop
  endfacet
  facet normal 0 0 1
    outer loop
      vertex -14.15 -24.955255888325766 7.499999999999999
      vertex -14.05 -22.450000000000003 7.499999999999999
      vertex -14.05 -3.549999999999999 7.499999999999999
    endloop
  endfacet
  facet normal 0 0 1
    outer loop
      vertex -12.450000000000001 -24.05 7.499999999999999
      vertex -5.5 -25.25 7.499999999999999
      vertex -5.4529467375559575 -24.532105942789716 7.499999999999999
    endloop
  endfacet
  facet normal 0 0 1
    outer loop
      vertex -12.450000000000001 -24.05 7.499999999999999
      vertex -5.4529467375559575 -24.532105942789716 7.499999999999999
      vertex -5.357049903147853 -24.05 7.499999999999999
    endloop
  endfacet
  facet normal 0 0 1
    outer loop
      vertex -15.231178695022383 -23.337157622884114 7.499999999999999
      vertex -15.231178695022383 -2.6628423771158864 7.499999999999999
      vertex -15.25 -2.9499999999999993 7.499999999999999
    endloop
  endfacet
  facet normal 0 0 1
    outer loop
      vertex -15.175036817835952 -23.619401899225547 7.499999999999999
      vertex -15.175036817835952 -2.3805981007744528 7.499999999999999
      vertex -15.231178695022383 -2.6628423771158864 7.499999999999999
    endloop
  endfacet
  facet normal 0 0 1
    outer loop
      vertex -15.082534971524831 -23.8919035512032 7.499999999999999
      vertex -15.082534971524831 -2.108096448796802 7.499999999999999
      vertex -15.175036817835952 -2.3805981007744528 7.499999999999999
    endloop
  endfacet
  facet normal 0 0 1
    outer loop
      vertex -14.955255888325766 -24.15 7.499999999999999
      vertex -14.955255888325766 -1.8499999999999996 7.499999999999999
      vertex -15.082534971524831 -2.108096448796802 7.499999999999999
    endloop
  endfacet
  facet normal 0 0 1
    outer loop
      vertex -14.795377348640718 -24.389275143819184 7.499999999999999
      vertex -14.795377348640718 -1.6107248561808145 7.499999999999999
      vertex -14.955255888325766 -1.8499999999999996 7.499999999999999
    endloop
  endfacet
  facet normal 0 0 1
    outer loop
      vertex -14.605634918610406 -24.605634918610406 7.499999999999999
      vertex -14.605634918610406 -1.3943650813895943 7.499999999999999
      vertex -14.795377348640718 -1.6107248561808145 7.499999999999999
    endloop
  endfacet
  facet normal 0 0 1
    outer loop
      vertex -14.15 -24.955255888325766 7.499999999999999
      vertex -14.05 -3.549999999999999 7.499999999999999
      vertex -14.15 -1.044744111674234 7.499999999999999
    endloop
  endfacet
  facet normal 0 0 1
    outer loop
      vertex -14.389275143819185 -24.79537734864072 7.499999999999999
      vertex -14.389275143819185 -1.2046226513592817 7.499999999999999
      vertex -14.605634918610406 -1.3943650813895943 7.499999999999999
    endloop
  endfacet
  facet normal 0 0 1
    outer loop
      vertex -14.15 -24.955255888325766 7.499999999999999
      vertex -14.15 -1.044744111674234 7.499999999999999
      vertex -14.389275143819185 -1.2046226513592817 7.499999999999999
    endloop
  endfacet
  facet normal -0.9978589232386034 0.06540312923014413 0
    outer loop
      vertex -15.25 -2.9499999999999993 1.8
      vertex -15.25 -2.9499999999999993 7.499999999999999
      vertex -15.231178695022383 -2.6628423771158864 7.499999999999999
    endloop
  endfacet
  facet normal -0.9807852804032321 0.19509032201611962 0
    outer loop
      vertex -15.231178695022383 -2.6628423771158864 1.8
      vertex -15.231178695022383 -2.6628423771158864 7.499999999999999
      vertex -15.175036817835952 -2.3805981007744528 7.499999999999999
    endloop
  endfacet
  facet normal -0.9469301294951034 0.3214394653031683 0
    outer loop
      vertex -15.175036817835952 -2.3805981007744528 1.8
      vertex -15.175036817835952 -2.3805981007744528 7.499999999999999
      vertex -15.082534971524831 -2.108096448796802 7.499999999999999
    endloop
  endfacet
  facet normal -0.8968727415326893 0.4422886902189992 0
    outer loop
      vertex -15.082534971524831 -2.108096448796802 1.8
      vertex -15.082534971524831 -2.108096448796802 7.499999999999999
      vertex -14.955255888325766 -1.8499999999999996 7.499999999999999
    endloop
  endfacet
  facet normal -0.8314696123025448 0.5555702330196028 0
    outer loop
      vertex -14.955255888325766 -1.8499999999999996 1.8
      vertex -14.955255888325766 -1.8499999999999996 7.499999999999999
      vertex -14.795377348640718 -1.6107248561808145 7.499999999999999
    endloop
  endfacet
  facet normal -0.7518398074789795 0.6593458151000664 0
    outer loop
      vertex -14.795377348640718 -1.6107248561808145 1.8
      vertex -14.795377348640718 -1.6107248561808145 7.499999999999999
      vertex -14.605634918610406 -1.3943650813895943 7.499999999999999
    endloop
  endfacet
  facet normal -0.6593458151000664 0.7518398074789795 0
    outer loop
      vertex -14.605634918610406 -1.3943650813895943 1.8
      vertex -14.605634918610406 -1.3943650813895943 7.499999999999999
      vertex -14.389275143819185 -1.2046226513592817 7.499999999999999
    endloop
  endfacet
  facet normal -0.5555702330196028 0.8314696123025448 0
    outer loop
      vertex -14.389275143819185 -1.2046226513592817 1.8
      vertex -14.389275143819185 -1.2046226513592817 7.499999999999999
      vertex -14.15 -1.044744111674234 7.499999999999999
    endloop
  endfacet
  facet normal -0.4422886902189992 0.8968727415326893 0
    outer loop
      vertex -14.15 -1.044744111674234 1.8
      vertex -14.15 -1.044744111674234 7.499999999999999
      vertex -13.891903551203198 -0.9174650284751689 7.499999999999999
    endloop
  endfacet
  facet normal -0.3214394653031683 0.9469301294951034 0
    outer loop
      vertex -13.891903551203198 -0.9174650284751689 1.8
      vertex -13.891903551203198 -0.9174650284751689 7.499999999999999
      vertex -13.619401899225547 -0.8249631821640477 7.499999999999999
    endloop
  endfacet
  facet normal -0.19509032201611962 0.9807852804032321 0
    outer loop
      vertex -13.619401899225547 -0.8249631821640477 1.8
      vertex -13.619401899225547 -0.8249631821640477 7.499999999999999
      vertex -13.337157622884114 -0.7688213049776174 7.499999999999999
    endloop
  endfacet
  facet normal -0.06540312923014413 0.9978589232386034 0
    outer loop
      vertex -13.337157622884114 -0.7688213049776174 1.8
      vertex -13.337157622884114 -0.7688213049776174 7.499999999999999
      vertex -13.05 -0.75 7.499999999999999
    endloop
  endfacet
  facet normal 0 0 1
    outer loop
      vertex -14.05 -3.549999999999999 7.499999999999999
      vertex -14.036311778198097 -3.341158092447916 7.499999999999999
      vertex -14.15 -1.044744111674234 7.499999999999999
    endloop
  endfacet
  facet normal 0 0 1
    outer loop
      vertex -14.036311778198097 -3.341158092447916 7.499999999999999
      vertex -13.99548132206251 -3.1358895278359658 7.499999999999999
      vertex -14.15 -1.044744111674234 7.499999999999999
    endloop
  endfacet
  facet normal 0 0 1
    outer loop
      vertex -13.99548132206251 -3.1358895278359658 7.499999999999999
      vertex -13.92820725201806 -2.9377065082158555 7.499999999999999
      vertex -14.15 -1.044744111674234 7.499999999999999
    endloop
  endfacet
  facet normal 0 0 1
    outer loop
      vertex -13.92820725201806 -2.9377065082158555 7.499999999999999
      vertex -13.835640646055102 -2.7499999999999982 7.499999999999999
      vertex -14.15 -1.044744111674234 7.499999999999999
    endloop
  endfacet
  facet normal 0 0 1
    outer loop
      vertex -13.835640646055102 -2.7499999999999982 7.499999999999999
      vertex -13.719365344465977 -2.575981713586046 7.499999999999999
      vertex -13.891903551203198 -0.9174650284751689 7.499999999999999
    endloop
  endfacet
  facet normal 0 0 1
    outer loop
      vertex -13.719365344465977 -2.575981713586046 7.499999999999999
      vertex -13.581370849898477 -2.4186291501015234 7.499999999999999
      vertex -13.891903551203198 -0.9174650284751689 7.499999999999999
    endloop
  endfacet
  facet normal 0 0 1
    outer loop
      vertex -13.581370849898477 -2.4186291501015234 7.499999999999999
      vertex -13.424018286413954 -2.2806346555340227 7.499999999999999
      vertex -13.619401899225547 -0.8249631821640477 7.499999999999999
    endloop
  endfacet
  facet normal 0 0 1
    outer loop
      vertex -13.835640646055102 -2.7499999999999982 7.499999999999999
      vertex -13.891903551203198 -0.9174650284751689 7.499999999999999
      vertex -14.15 -1.044744111674234 7.499999999999999
    endloop
  endfacet
  facet normal 0 0 1
    outer loop
      vertex -13.581370849898477 -2.4186291501015234 7.499999999999999
      vertex -13.619401899225547 -0.8249631821640477 7.499999999999999
      vertex -13.891903551203198 -0.9174650284751689 7.499999999999999
    endloop
  endfacet
  facet normal 0 0 1
    outer loop
      vertex -13.619401899225547 -0.8249631821640477 7.499999999999999
      vertex -13.424018286413954 -2.2806346555340227 7.499999999999999
      vertex -13.250000000000002 -2.1643593539448975 7.499999999999999
    endloop
  endfacet
  facet normal 0 0 1
    outer loop
      vertex -13.250000000000002 -2.1643593539448975 7.499999999999999
      vertex -13.062293491784144 -2.07179274798194 7.499999999999999
      vertex -13.337157622884114 -0.7688213049776174 7.499999999999999
    endloop
  endfacet
  facet normal 0 0 1
    outer loop
      vertex -13.062293491784144 -2.07179274798194 7.499999999999999
      vertex -12.864110472164034 -2.00451867793749 7.499999999999999
      vertex -13.337157622884114 -0.7688213049776174 7.499999999999999
    endloop
  endfacet
  facet normal 0 0 1
    outer loop
      vertex -13.619401899225547 -0.8249631821640477 7.499999999999999
      vertex -13.250000000000002 -2.1643593539448975 7.499999999999999
      vertex -13.337157622884114 -0.7688213049776174 7.499999999999999
    endloop
  endfacet
  facet normal 0 0 1
    outer loop
      vertex -12.864110472164034 -2.00451867793749 7.499999999999999
      vertex -13.05 -0.75 7.499999999999999
      vertex -13.337157622884114 -0.7688213049776174 7.499999999999999
    endloop
  endfacet
  facet normal 0 0 1
    outer loop
      vertex -12.864110472164034 -2.00451867793749 7.499999999999999
      vertex -12.658841907552084 -1.9636882218019025 7.499999999999999
      vertex -13.05 -0.75 7.499999999999999
    endloop
  endfacet
  facet normal 0 0 1
    outer loop
      vertex -12.658841907552084 -1.9636882218019025 7.499999999999999
      vertex -12.450000000000001 -1.9499999999999993 7.499999999999999
      vertex -13.05 -0.75 7.499999999999999
    endloop
  endfacet
  facet normal 0 1 0
    outer loop
      vertex -13.05 -0.75 1.8
      vertex -13.05 -0.75 7.499999999999999
      vertex 13.05 -0.75 7.499999999999999
    endloop
  endfacet
  facet normal 0 0 1
    outer loop
      vertex -12.450000000000001 -1.9499999999999993 7.499999999999999
      vertex 12.450000000000001 -1.9499999999999993 7.499999999999999
      vertex -13.05 -0.75 7.499999999999999
    endloop
  endfacet
  facet normal 0 -1 0
    outer loop
      vertex -13.05 -25.25 1.8
      vertex 13.05 -25.25 1.8
      vertex 5.5 -25.25 3
    endloop
  endfacet
  facet normal 0.06540312923014413 -0.9978589232386034 0
    outer loop
      vertex 13.05 -25.25 1.8
      vertex 13.337157622884114 -25.231178695022383 1.8
      vertex 13.05 -25.25 7.499999999999999
    endloop
  endfacet
  facet normal 0.19509032201611962 -0.9807852804032321 0
    outer loop
      vertex 13.337157622884114 -25.231178695022383 1.8
      vertex 13.619401899225547 -25.175036817835952 1.8
      vertex 13.337157622884114 -25.231178695022383 7.499999999999999
    endloop
  endfacet
  facet normal 0.32143946530317385 -0.9469301294951015 0
    outer loop
      vertex 13.619401899225547 -25.175036817835952 1.8
      vertex 13.891903551203198 -25.08253497152483 1.8
      vertex 13.619401899225547 -25.175036817835952 7.499999999999999
    endloop
  endfacet
  facet normal 0.4422886902189943 -0.8968727415326918 0
    outer loop
      vertex 13.891903551203198 -25.08253497152483 1.8
      vertex 14.15 -24.955255888325766 1.8
      vertex 13.891903551203198 -25.08253497152483 7.499999999999999
    endloop
  endfacet
  facet normal 0.5555702330195985 -0.8314696123025477 0
    outer loop
      vertex 14.15 -24.955255888325766 1.8
      vertex 14.389275143819185 -24.79537734864072 1.8
      vertex 14.15 -24.955255888325766 7.499999999999999
    endloop
  endfacet
  facet normal 0.65934581510007 -0.7518398074789765 0
    outer loop
      vertex 14.389275143819185 -24.79537734864072 1.8
      vertex 14.605634918610406 -24.605634918610406 1.8
      vertex 14.389275143819185 -24.79537734864072 7.499999999999999
    endloop
  endfacet
  facet normal 0.7518398074789823 -0.6593458151000634 0
    outer loop
      vertex 14.605634918610406 -24.605634918610406 1.8
      vertex 14.795377348640718 -24.389275143819184 1.8
      vertex 14.605634918610406 -24.605634918610406 7.499999999999999
    endloop
  endfacet
  facet normal 0.8314696123025448 -0.5555702330196028 0
    outer loop
      vertex 14.795377348640718 -24.389275143819184 1.8
      vertex 14.955255888325766 -24.15 1.8
      vertex 14.795377348640718 -24.389275143819184 7.499999999999999
    endloop
  endfacet
  facet normal 0.8968727415326869 -0.4422886902190041 0
    outer loop
      vertex 14.955255888325766 -24.15 1.8
      vertex 15.082534971524831 -23.8919035512032 1.8
      vertex 14.955255888325766 -24.15 7.499999999999999
    endloop
  endfacet
  facet normal 0.9469301294951039 -0.32143946530316647 0
    outer loop
      vertex 15.082534971524831 -23.8919035512032 1.8
      vertex 15.175036817835952 -23.619401899225547 1.8
      vertex 15.082534971524831 -23.8919035512032 7.499999999999999
    endloop
  endfacet
  facet normal 0.9807852804032321 -0.19509032201611962 0
    outer loop
      vertex 15.175036817835952 -23.619401899225547 1.8
      vertex 15.231178695022383 -23.337157622884114 1.8
      vertex 15.175036817835952 -23.619401899225547 7.499999999999999
    endloop
  endfacet
  facet normal 0.9978589232386034 -0.06540312923014413 0
    outer loop
      vertex 15.231178695022383 -23.337157622884114 1.8
      vertex 15.25 -23.05 1.8
      vertex 15.231178695022383 -23.337157622884114 7.499999999999999
    endloop
  endfacet
  facet normal 0 -1 0
    outer loop
      vertex 13.05 -25.25 1.8
      vertex 13.05 -25.25 7.499999999999999
      vertex 5.5 -25.25 3
    endloop
  endfacet
  facet normal 1 0 0
    outer loop
      vertex 15.25 -23.05 1.8
      vertex 15.25 -2.9499999999999993 1.8
      vertex 15.25 -23.05 7.499999999999999
    endloop
  endfacet
  facet normal 0 1 0
    outer loop
      vertex 2.5 -0.75 1.8
      vertex 2.5 -0.75 3.4
      vertex 13.05 -0.75 1.8
    endloop
  endfacet
  facet normal 0 1 0
    outer loop
      vertex -2.5 -0.75 3.4
      vertex 13.05 -0.75 7.499999999999999
      vertex 2.5 -0.75 3.4
    endloop
  endfacet
  facet normal 0.06540312923014413 0.9978589232386034 3.6707735698092494e-20
    outer loop
      vertex 13.05 -0.75 1.8
      vertex 13.337157622884114 -0.7688213049776174 7.499999999999999
      vertex 13.337157622884114 -0.7688213049776174 1.8
    endloop
  endfacet
  facet normal 0.9978589232386034 0.06540312923014413 0
    outer loop
      vertex 15.25 -2.9499999999999993 1.8
      vertex 15.231178695022383 -2.6628423771158864 1.8
      vertex 15.25 -2.9499999999999993 7.499999999999999
    endloop
  endfacet
  facet normal 0.9469301294951034 0.3214394653031683 0
    outer loop
      vertex 15.175036817835952 -2.3805981007744528 1.8
      vertex 15.082534971524831 -2.108096448796802 1.8
      vertex 15.175036817835952 -2.3805981007744528 7.499999999999999
    endloop
  endfacet
  facet normal 0.8968727415326893 0.4422886902189992 0
    outer loop
      vertex 15.082534971524831 -2.108096448796802 1.8
      vertex 14.955255888325766 -1.8499999999999996 1.8
      vertex 15.082534971524831 -2.108096448796802 7.499999999999999
    endloop
  endfacet
  facet normal 0.9807852804032321 0.19509032201611962 -8.465125888484816e-19
    outer loop
      vertex 15.175036817835952 -2.3805981007744528 1.8
      vertex 15.231178695022383 -2.6628423771158864 7.499999999999999
      vertex 15.231178695022383 -2.6628423771158864 1.8
    endloop
  endfacet
  facet normal 0.5555702330196028 0.8314696123025448 -1.5337237905141858e-18
    outer loop
      vertex 14.15 -1.044744111674234 1.8
      vertex 14.389275143819185 -1.2046226513592817 7.499999999999999
      vertex 14.389275143819185 -1.2046226513592817 1.8
    endloop
  endfacet
  facet normal 0.4422886902189992 0.8968727415326893 -5.719670494455806e-19
    outer loop
      vertex 13.891903551203198 -0.9174650284751689 1.8
      vertex 14.15 -1.044744111674234 7.499999999999999
      vertex 14.15 -1.044744111674234 1.8
    endloop
  endfacet
  facet normal 0.6593458151000664 0.7518398074789795 0
    outer loop
      vertex 14.605634918610406 -1.3943650813895943 1.8
      vertex 14.389275143819185 -1.2046226513592817 1.8
      vertex 14.605634918610406 -1.3943650813895943 7.499999999999999
    endloop
  endfacet
  facet normal 0.19509032201611962 0.9807852804032321 -8.465125888484816e-19
    outer loop
      vertex 13.337157622884114 -0.7688213049776174 1.8
      vertex 13.619401899225547 -0.8249631821640477 7.499999999999999
      vertex 13.619401899225547 -0.8249631821640477 1.8
    endloop
  endfacet
  facet normal 0.3214394653031683 0.9469301294951034 0
    outer loop
      vertex 13.891903551203198 -0.9174650284751689 1.8
      vertex 13.619401899225547 -0.8249631821640477 1.8
      vertex 13.891903551203198 -0.9174650284751689 7.499999999999999
    endloop
  endfacet
  facet normal 0.8314696123025448 0.5555702330196028 0
    outer loop
      vertex 14.955255888325766 -1.8499999999999996 1.8
      vertex 14.795377348640718 -1.6107248561808145 1.8
      vertex 14.955255888325766 -1.8499999999999996 7.499999999999999
    endloop
  endfacet
  facet normal 0.7518398074789795 0.6593458151000664 5.571793123004416e-19
    outer loop
      vertex 14.605634918610406 -1.3943650813895943 1.8
      vertex 14.795377348640718 -1.6107248561808145 7.499999999999999
      vertex 14.795377348640718 -1.6107248561808145 1.8
    endloop
  endfacet
  facet normal 0 1 0
    outer loop
      vertex 13.05 -0.75 1.8
      vertex 2.5 -0.75 3.4
      vertex 13.05 -0.75 7.499999999999999
    endloop
  endfacet
  facet normal 0 -1 0
    outer loop
      vertex 5.5 -25.25 3
      vertex 13.05 -25.25 7.499999999999999
      vertex 5.5 -25.25 7.499999999999999
    endloop
  endfacet
  facet normal 0 0 1
    outer loop
      vertex 5.5 -25.25 7.499999999999999
      vertex 12.450000000000001 -24.05 7.499999999999999
      vertex 5.4529467375559575 -24.532105942789716 7.499999999999999
    endloop
  endfacet
  facet normal 0 0 1
    outer loop
      vertex 5.4529467375559575 -24.532105942789716 7.499999999999999
      vertex 12.450000000000001 -24.05 7.499999999999999
      vertex 5.357049903147853 -24.05 7.499999999999999
    endloop
  endfacet
  facet normal 0.06540312923014413 -0.9978589232386034 0
    outer loop
      vertex 13.337157622884114 -25.231178695022383 1.8
      vertex 13.337157622884114 -25.231178695022383 7.499999999999999
      vertex 13.05 -25.25 7.499999999999999
    endloop
  endfacet
  facet normal 0.19509032201611962 -0.9807852804032321 0
    outer loop
      vertex 13.619401899225547 -25.175036817835952 1.8
      vertex 13.619401899225547 -25.175036817835952 7.499999999999999
      vertex 13.337157622884114 -25.231178695022383 7.499999999999999
    endloop
  endfacet
  facet normal 0.32143946530317385 -0.9469301294951015 0
    outer loop
      vertex 13.891903551203198 -25.08253497152483 1.8
      vertex 13.891903551203198 -25.08253497152483 7.499999999999999
      vertex 13.619401899225547 -25.175036817835952 7.499999999999999
    endloop
  endfacet
  facet normal 0.4422886902189943 -0.8968727415326918 0
    outer loop
      vertex 14.15 -24.955255888325766 1.8
      vertex 14.15 -24.955255888325766 7.499999999999999
      vertex 13.891903551203198 -25.08253497152483 7.499999999999999
    endloop
  endfacet
  facet normal 0.5555702330195985 -0.8314696123025477 0
    outer loop
      vertex 14.389275143819185 -24.79537734864072 1.8
      vertex 14.389275143819185 -24.79537734864072 7.499999999999999
      vertex 14.15 -24.955255888325766 7.499999999999999
    endloop
  endfacet
  facet normal 0.65934581510007 -0.7518398074789765 0
    outer loop
      vertex 14.605634918610406 -24.605634918610406 1.8
      vertex 14.605634918610406 -24.605634918610406 7.499999999999999
      vertex 14.389275143819185 -24.79537734864072 7.499999999999999
    endloop
  endfacet
  facet normal 0.7518398074789823 -0.6593458151000634 0
    outer loop
      vertex 14.795377348640718 -24.389275143819184 1.8
      vertex 14.795377348640718 -24.389275143819184 7.499999999999999
      vertex 14.605634918610406 -24.605634918610406 7.499999999999999
    endloop
  endfacet
  facet normal 0.8314696123025448 -0.5555702330196028 0
    outer loop
      vertex 14.955255888325766 -24.15 1.8
      vertex 14.955255888325766 -24.15 7.499999999999999
      vertex 14.795377348640718 -24.389275143819184 7.499999999999999
    endloop
  endfacet
  facet normal 0.8968727415326869 -0.4422886902190041 0
    outer loop
      vertex 15.082534971524831 -23.8919035512032 1.8
      vertex 15.082534971524831 -23.8919035512032 7.499999999999999
      vertex 14.955255888325766 -24.15 7.499999999999999
    endloop
  endfacet
  facet normal 0.9469301294951039 -0.32143946530316647 0
    outer loop
      vertex 15.175036817835952 -23.619401899225547 1.8
      vertex 15.175036817835952 -23.619401899225547 7.499999999999999
      vertex 15.082534971524831 -23.8919035512032 7.499999999999999
    endloop
  endfacet
  facet normal 0.9807852804032321 -0.19509032201611962 0
    outer loop
      vertex 15.231178695022383 -23.337157622884114 1.8
      vertex 15.231178695022383 -23.337157622884114 7.499999999999999
      vertex 15.175036817835952 -23.619401899225547 7.499999999999999
    endloop
  endfacet
  facet normal 0.9978589232386034 -0.06540312923014413 0
    outer loop
      vertex 15.25 -23.05 1.8
      vertex 15.25 -23.05 7.499999999999999
      vertex 15.231178695022383 -23.337157622884114 7.499999999999999
    endloop
  endfacet
  facet normal 0 0 1
    outer loop
      vertex 5.5 -25.25 7.499999999999999
      vertex 13.05 -25.25 7.499999999999999
      vertex 12.450000000000001 -24.05 7.499999999999999
    endloop
  endfacet
  facet normal 0 0 1
    outer loop
      vertex 13.05 -25.25 7.499999999999999
      vertex 13.337157622884114 -25.231178695022383 7.499999999999999
      vertex 12.864110472164034 -23.99548132206251 7.499999999999999
    endloop
  endfacet
  facet normal 0 0 1
    outer loop
      vertex 13.337157622884114 -25.231178695022383 7.499999999999999
      vertex 13.619401899225547 -25.175036817835952 7.499999999999999
      vertex 13.250000000000002 -23.835640646055104 7.499999999999999
    endloop
  endfacet
  facet normal 0 0 1
    outer loop
      vertex 13.05 -25.25 7.499999999999999
      vertex 12.658841907552084 -24.036311778198097 7.499999999999999
      vertex 12.450000000000001 -24.05 7.499999999999999
    endloop
  endfacet
  facet normal 0 0 1
    outer loop
      vertex 13.05 -25.25 7.499999999999999
      vertex 12.864110472164034 -23.99548132206251 7.499999999999999
      vertex 12.658841907552084 -24.036311778198097 7.499999999999999
    endloop
  endfacet
  facet normal 0 0 1
    outer loop
      vertex 13.337157622884114 -25.231178695022383 7.499999999999999
      vertex 13.062293491784144 -23.928207252018062 7.499999999999999
      vertex 12.864110472164034 -23.99548132206251 7.499999999999999
    endloop
  endfacet
  facet normal 0 0 1
    outer loop
      vertex 13.337157622884114 -25.231178695022383 7.499999999999999
      vertex 13.250000000000002 -23.835640646055104 7.499999999999999
      vertex 13.062293491784144 -23.928207252018062 7.499999999999999
    endloop
  endfacet
  facet normal 0 0 1
    outer loop
      vertex 13.250000000000002 -23.835640646055104 7.499999999999999
      vertex 13.619401899225547 -25.175036817835952 7.499999999999999
      vertex 13.424018286413954 -23.719365344465977 7.499999999999999
    endloop
  endfacet
  facet normal 0 0 1
    outer loop
      vertex 13.619401899225547 -25.175036817835952 7.499999999999999
      vertex 13.891903551203198 -25.08253497152483 7.499999999999999
      vertex 13.581370849898477 -23.581370849898477 7.499999999999999
    endloop
  endfacet
  facet normal 0 0 1
    outer loop
      vertex 13.424018286413954 -23.719365344465977 7.499999999999999
      vertex 13.619401899225547 -25.175036817835952 7.499999999999999
      vertex 13.581370849898477 -23.581370849898477 7.499999999999999
    endloop
  endfacet
  facet normal 0 0 1
    outer loop
      vertex 13.891903551203198 -25.08253497152483 7.499999999999999
      vertex 13.719365344465977 -23.424018286413954 7.499999999999999
      vertex 13.581370849898477 -23.581370849898477 7.499999999999999
    endloop
  endfacet
  facet normal 0 0 1
    outer loop
      vertex 13.891903551203198 -25.08253497152483 7.499999999999999
      vertex 14.15 -24.955255888325766 7.499999999999999
      vertex 13.835640646055102 -23.25 7.499999999999999
    endloop
  endfacet
  facet normal 0 0 1
    outer loop
      vertex 13.891903551203198 -25.08253497152483 7.499999999999999
      vertex 13.835640646055102 -23.25 7.499999999999999
      vertex 13.719365344465977 -23.424018286413954 7.499999999999999
    endloop
  endfacet
  facet normal 0 0 1
    outer loop
      vertex 14.15 -24.955255888325766 7.499999999999999
      vertex 13.92820725201806 -23.062293491784146 7.499999999999999
      vertex 13.835640646055102 -23.25 7.499999999999999
    endloop
  endfacet
  facet normal 0 0 1
    outer loop
      vertex 14.15 -24.955255888325766 7.499999999999999
      vertex 13.99548132206251 -22.864110472164036 7.499999999999999
      vertex 13.92820725201806 -23.062293491784146 7.499999999999999
    endloop
  endfacet
  facet normal 0 0 1
    outer loop
      vertex 14.15 -24.955255888325766 7.499999999999999
      vertex 14.036311778198097 -22.658841907552084 7.499999999999999
      vertex 13.99548132206251 -22.864110472164036 7.499999999999999
    endloop
  endfacet
  facet normal 0 0 1
    outer loop
      vertex 14.15 -24.955255888325766 7.499999999999999
      vertex 14.05 -22.450000000000003 7.499999999999999
      vertex 14.036311778198097 -22.658841907552084 7.499999999999999
    endloop
  endfacet
  facet normal 0 0 1
    outer loop
      vertex 14.15 -24.955255888325766 7.499999999999999
      vertex 14.389275143819185 -24.79537734864072 7.499999999999999
      vertex 14.15 -1.044744111674234 7.499999999999999
    endloop
  endfacet
  facet normal 0 0 1
    outer loop
      vertex 14.389275143819185 -24.79537734864072 7.499999999999999
      vertex 14.605634918610406 -24.605634918610406 7.499999999999999
      vertex 14.389275143819185 -1.2046226513592817 7.499999999999999
    endloop
  endfacet
  facet normal 0 0 1
    outer loop
      vertex 14.605634918610406 -24.605634918610406 7.499999999999999
      vertex 14.795377348640718 -24.389275143819184 7.499999999999999
      vertex 14.605634918610406 -1.3943650813895943 7.499999999999999
    endloop
  endfacet
  facet normal 0 0 1
    outer loop
      vertex 14.795377348640718 -24.389275143819184 7.499999999999999
      vertex 14.955255888325766 -24.15 7.499999999999999
      vertex 14.795377348640718 -1.6107248561808145 7.499999999999999
    endloop
  endfacet
  facet normal 0 0 1
    outer loop
      vertex 14.955255888325766 -24.15 7.499999999999999
      vertex 15.082534971524831 -23.8919035512032 7.499999999999999
      vertex 14.955255888325766 -1.8499999999999996 7.499999999999999
    endloop
  endfacet
  facet normal 0 0 1
    outer loop
      vertex 15.082534971524831 -23.8919035512032 7.499999999999999
      vertex 15.175036817835952 -23.619401899225547 7.499999999999999
      vertex 15.082534971524831 -2.108096448796802 7.499999999999999
    endloop
  endfacet
  facet normal 0 0 1
    outer loop
      vertex 15.175036817835952 -23.619401899225547 7.499999999999999
      vertex 15.231178695022383 -23.337157622884114 7.499999999999999
      vertex 15.175036817835952 -2.3805981007744528 7.499999999999999
    endloop
  endfacet
  facet normal 0 0 1
    outer loop
      vertex 15.231178695022383 -23.337157622884114 7.499999999999999
      vertex 15.25 -23.05 7.499999999999999
      vertex 15.231178695022383 -2.6628423771158864 7.499999999999999
    endloop
  endfacet
  facet normal 0 0 1
    outer loop
      vertex 14.15 -24.955255888325766 7.499999999999999
      vertex 14.15 -1.044744111674234 7.499999999999999
      vertex 14.05 -22.450000000000003 7.499999999999999
    endloop
  endfacet
  facet normal 0 0 1
    outer loop
      vertex -13.05 -0.75 7.499999999999999
      vertex 12.450000000000001 -1.9499999999999993 7.499999999999999
      vertex 13.05 -0.75 7.499999999999999
    endloop
  endfacet
  facet normal 1 0 0
    outer loop
      vertex 15.25 -2.9499999999999993 1.8
      vertex 15.25 -2.9499999999999993 7.499999999999999
      vertex 15.25 -23.05 7.499999999999999
    endloop
  endfacet
  facet normal 0 0 1
    outer loop
      vertex 14.605634918610406 -24.605634918610406 7.499999999999999
      vertex 14.605634918610406 -1.3943650813895943 7.499999999999999
      vertex 14.389275143819185 -1.2046226513592817 7.499999999999999
    endloop
  endfacet
  facet normal 0 0 1
    outer loop
      vertex 14.795377348640718 -24.389275143819184 7.499999999999999
      vertex 14.795377348640718 -1.6107248561808145 7.499999999999999
      vertex 14.605634918610406 -1.3943650813895943 7.499999999999999
    endloop
  endfacet
  facet normal 0 0 1
    outer loop
      vertex 14.955255888325766 -24.15 7.499999999999999
      vertex 14.955255888325766 -1.8499999999999996 7.499999999999999
      vertex 14.795377348640718 -1.6107248561808145 7.499999999999999
    endloop
  endfacet
  facet normal 0 0 1
    outer loop
      vertex 15.175036817835952 -23.619401899225547 7.499999999999999
      vertex 15.175036817835952 -2.3805981007744528 7.499999999999999
      vertex 15.082534971524831 -2.108096448796802 7.499999999999999
    endloop
  endfacet
  facet normal 0 0 1
    outer loop
      vertex 15.082534971524831 -23.8919035512032 7.499999999999999
      vertex 15.082534971524831 -2.108096448796802 7.499999999999999
      vertex 14.955255888325766 -1.8499999999999996 7.499999999999999
    endloop
  endfacet
  facet normal 0 0 1
    outer loop
      vertex 15.25 -23.05 7.499999999999999
      vertex 15.25 -2.9499999999999993 7.499999999999999
      vertex 15.231178695022383 -2.6628423771158864 7.499999999999999
    endloop
  endfacet
  facet normal 0 0 1
    outer loop
      vertex 15.231178695022383 -23.337157622884114 7.499999999999999
      vertex 15.231178695022383 -2.6628423771158864 7.499999999999999
      vertex 15.175036817835952 -2.3805981007744528 7.499999999999999
    endloop
  endfacet
  facet normal 0 0 1
    outer loop
      vertex 14.05 -22.450000000000003 7.499999999999999
      vertex 14.15 -1.044744111674234 7.499999999999999
      vertex 14.05 -3.549999999999999 7.499999999999999
    endloop
  endfacet
  facet normal 0 0 1
    outer loop
      vertex 14.389275143819185 -24.79537734864072 7.499999999999999
      vertex 14.389275143819185 -1.2046226513592817 7.499999999999999
      vertex 14.15 -1.044744111674234 7.499999999999999
    endloop
  endfacet
  facet normal 0.06540312923014413 0.9978589232386034 0
    outer loop
      vertex 13.05 -0.75 1.8
      vertex 13.05 -0.75 7.499999999999999
      vertex 13.337157622884114 -0.7688213049776174 7.499999999999999
    endloop
  endfacet
  facet normal 0.19509032201611962 0.9807852804032321 0
    outer loop
      vertex 13.337157622884114 -0.7688213049776174 1.8
      vertex 13.337157622884114 -0.7688213049776174 7.499999999999999
      vertex 13.619401899225547 -0.8249631821640477 7.499999999999999
    endloop
  endfacet
  facet normal 0.9978589232386034 0.06540312923014413 0
    outer loop
      vertex 15.231178695022383 -2.6628423771158864 1.8
      vertex 15.231178695022383 -2.6628423771158864 7.499999999999999
      vertex 15.25 -2.9499999999999993 7.499999999999999
    endloop
  endfacet
  facet normal 0.9469301294951034 0.3214394653031683 0
    outer loop
      vertex 15.082534971524831 -2.108096448796802 1.8
      vertex 15.082534971524831 -2.108096448796802 7.499999999999999
      vertex 15.175036817835952 -2.3805981007744528 7.499999999999999
    endloop
  endfacet
  facet normal 0.8968727415326893 0.4422886902189992 0
    outer loop
      vertex 14.955255888325766 -1.8499999999999996 1.8
      vertex 14.955255888325766 -1.8499999999999996 7.499999999999999
      vertex 15.082534971524831 -2.108096448796802 7.499999999999999
    endloop
  endfacet
  facet normal 0.9807852804032321 0.19509032201611962 0
    outer loop
      vertex 15.175036817835952 -2.3805981007744528 1.8
      vertex 15.175036817835952 -2.3805981007744528 7.499999999999999
      vertex 15.231178695022383 -2.6628423771158864 7.499999999999999
    endloop
  endfacet
  facet normal 0.4422886902189992 0.8968727415326893 0
    outer loop
      vertex 13.891903551203198 -0.9174650284751689 1.8
      vertex 13.891903551203198 -0.9174650284751689 7.499999999999999
      vertex 14.15 -1.044744111674234 7.499999999999999
    endloop
  endfacet
  facet normal 0.5555702330196028 0.8314696123025448 0
    outer loop
      vertex 14.15 -1.044744111674234 1.8
      vertex 14.15 -1.044744111674234 7.499999999999999
      vertex 14.389275143819185 -1.2046226513592817 7.499999999999999
    endloop
  endfacet
  facet normal 0.6593458151000664 0.7518398074789795 0
    outer loop
      vertex 14.389275143819185 -1.2046226513592817 1.8
      vertex 14.389275143819185 -1.2046226513592817 7.499999999999999
      vertex 14.605634918610406 -1.3943650813895943 7.499999999999999
    endloop
  endfacet
  facet normal 0.3214394653031683 0.9469301294951034 0
    outer loop
      vertex 13.619401899225547 -0.8249631821640477 1.8
      vertex 13.619401899225547 -0.8249631821640477 7.499999999999999
      vertex 13.891903551203198 -0.9174650284751689 7.499999999999999
    endloop
  endfacet
  facet normal 0.8314696123025448 0.5555702330196028 0
    outer loop
      vertex 14.795377348640718 -1.6107248561808145 1.8
      vertex 14.795377348640718 -1.6107248561808145 7.499999999999999
      vertex 14.955255888325766 -1.8499999999999996 7.499999999999999
    endloop
  endfacet
  facet normal 0.7518398074789795 0.6593458151000664 0
    outer loop
      vertex 14.605634918610406 -1.3943650813895943 1.8
      vertex 14.605634918610406 -1.3943650813895943 7.499999999999999
      vertex 14.795377348640718 -1.6107248561808145 7.499999999999999
    endloop
  endfacet
  facet normal 0 0 1
    outer loop
      vertex 12.450000000000001 -1.9499999999999993 7.499999999999999
      vertex 12.658841907552084 -1.9636882218019025 7.499999999999999
      vertex 13.05 -0.75 7.499999999999999
    endloop
  endfacet
  facet normal 0 0 1
    outer loop
      vertex 12.658841907552084 -1.9636882218019025 7.499999999999999
      vertex 12.864110472164034 -2.00451867793749 7.499999999999999
      vertex 13.05 -0.75 7.499999999999999
    endloop
  endfacet
  facet normal 0 0 1
    outer loop
      vertex 12.864110472164034 -2.00451867793749 7.499999999999999
      vertex 13.062293491784144 -2.07179274798194 7.499999999999999
      vertex 13.05 -0.75 7.499999999999999
    endloop
  endfacet
  facet normal 0 0 1
    outer loop
      vertex 13.062293491784144 -2.07179274798194 7.499999999999999
      vertex 13.250000000000002 -2.1643593539448975 7.499999999999999
      vertex 13.05 -0.75 7.499999999999999
    endloop
  endfacet
  facet normal 0 0 1
    outer loop
      vertex 13.424018286413954 -2.2806346555340227 7.499999999999999
      vertex 13.337157622884114 -0.7688213049776174 7.499999999999999
      vertex 13.250000000000002 -2.1643593539448975 7.499999999999999
    endloop
  endfacet
  facet normal 0 0 1
    outer loop
      vertex 13.250000000000002 -2.1643593539448975 7.499999999999999
      vertex 13.337157622884114 -0.7688213049776174 7.499999999999999
      vertex 13.05 -0.75 7.499999999999999
    endloop
  endfacet
  facet normal 0 0 1
    outer loop
      vertex 13.424018286413954 -2.2806346555340227 7.499999999999999
      vertex 13.619401899225547 -0.8249631821640477 7.499999999999999
      vertex 13.337157622884114 -0.7688213049776174 7.499999999999999
    endloop
  endfacet
  facet normal 0 0 1
    outer loop
      vertex 14.036311778198097 -3.341158092447916 7.499999999999999
      vertex 14.15 -1.044744111674234 7.499999999999999
      vertex 13.99548132206251 -3.1358895278359658 7.499999999999999
    endloop
  endfacet
  facet normal 0 0 1
    outer loop
      vertex 13.99548132206251 -3.1358895278359658 7.499999999999999
      vertex 14.15 -1.044744111674234 7.499999999999999
      vertex 13.92820725201806 -2.9377065082158555 7.499999999999999
    endloop
  endfacet
  facet normal 0 0 1
    outer loop
      vertex 13.719365344465977 -2.575981713586046 7.499999999999999
      vertex 13.619401899225547 -0.8249631821640477 7.499999999999999
      vertex 13.581370849898477 -2.4186291501015234 7.499999999999999
    endloop
  endfacet
  facet normal 0 0 1
    outer loop
      vertex 13.424018286413954 -2.2806346555340227 7.499999999999999
      vertex 13.581370849898477 -2.4186291501015234 7.499999999999999
      vertex 13.619401899225547 -0.8249631821640477 7.499999999999999
    endloop
  endfacet
  facet normal 0 0 1
    outer loop
      vertex 13.835640646055102 -2.7499999999999982 7.499999999999999
      vertex 13.92820725201806 -2.9377065082158555 7.499999999999999
      vertex 13.891903551203198 -0.9174650284751689 7.499999999999999
    endloop
  endfacet
  facet normal 0 0 1
    outer loop
      vertex 13.835640646055102 -2.7499999999999982 7.499999999999999
      vertex 13.891903551203198 -0.9174650284751689 7.499999999999999
      vertex 13.719365344465977 -2.575981713586046 7.499999999999999
    endloop
  endfacet
  facet normal 0 0 1
    outer loop
      vertex 14.05 -3.549999999999999 7.499999999999999
      vertex 14.15 -1.044744111674234 7.499999999999999
      vertex 14.036311778198097 -3.341158092447916 7.499999999999999
    endloop
  endfacet
  facet normal 0 0 1
    outer loop
      vertex 13.719365344465977 -2.575981713586046 7.499999999999999
      vertex 13.891903551203198 -0.9174650284751689 7.499999999999999
      vertex 13.619401899225547 -0.8249631821640477 7.499999999999999
    endloop
  endfacet
  facet normal 0 0 1
    outer loop
      vertex 13.92820725201806 -2.9377065082158555 7.499999999999999
      vertex 14.15 -1.044744111674234 7.499999999999999
      vertex 13.891903551203198 -0.9174650284751689 7.499999999999999
    endloop
  endfacet
  facet normal 0.6593458151000713 0.7518398074789754 0
    outer loop
      vertex -13.581370849898477 -23.581370849898477 3
      vertex -13.581370849898477 -23.581370849898477 7.499999999999999
      vertex -13.424018286413954 -23.719365344465977 3
    endloop
  endfacet
  facet normal 0.8314696123025478 0.5555702330195983 0
    outer loop
      vertex -13.835640646055102 -23.25 3
      vertex -13.835640646055102 -23.25 7.499999999999999
      vertex -13.719365344465977 -23.424018286413954 3
    endloop
  endfacet
  facet normal 0.8968727415326844 0.44228869021900913 -9.513784236105417e-19
    outer loop
      vertex -13.835640646055102 -23.25 3
      vertex -13.92820725201806 -23.062293491784146 3
      vertex -13.92820725201806 -23.062293491784146 7.499999999999999
    endloop
  endfacet
  facet normal 0.7518398074789754 0.6593458151000713 -8.676555988018418e-19
    outer loop
      vertex -13.581370849898477 -23.581370849898477 3
      vertex -13.719365344465977 -23.424018286413954 3
      vertex -13.719365344465977 -23.424018286413954 7.499999999999999
    endloop
  endfacet
  facet normal 0.9469301294951068 0.3214394653031584 -7.362302386084329e-19
    outer loop
      vertex -13.92820725201806 -23.062293491784146 3
      vertex -13.99548132206251 -22.864110472164036 3
      vertex -13.99548132206251 -22.864110472164036 7.499999999999999
    endloop
  endfacet
  facet normal 0.9807852804032304 0.19509032201612822 -2.4048493932480266e-19
    outer loop
      vertex -13.99548132206251 -22.864110472164036 3
      vertex -14.036311778198097 -22.658841907552084 3
      vertex -14.036311778198097 -22.658841907552084 7.499999999999999
    endloop
  endfacet
  facet normal 0.9978589232386036 0.0654031292301429 1.2736161277086849e-19
    outer loop
      vertex -14.036311778198097 -22.658841907552084 3
      vertex -14.05 -22.450000000000003 3
      vertex -14.05 -22.450000000000003 7.499999999999999
    endloop
  endfacet
  facet normal 0.5555702330196082 0.8314696123025412 -5.293880493229331e-19
    outer loop
      vertex -13.250000000000002 -23.835640646055104 3
      vertex -13.424018286413954 -23.719365344465977 3
      vertex -13.424018286413954 -23.719365344465977 7.499999999999999
    endloop
  endfacet
  facet normal 0.4422886902190024 0.8968727415326877 0
    outer loop
      vertex -13.250000000000002 -23.835640646055104 3
      vertex -13.250000000000002 -23.835640646055104 7.499999999999999
      vertex -13.062293491784144 -23.928207252018062 3
    endloop
  endfacet
  facet normal 0.3214394653031508 0.9469301294951094 0
    outer loop
      vertex -13.062293491784144 -23.928207252018062 3
      vertex -13.062293491784144 -23.928207252018062 7.499999999999999
      vertex -12.864110472164034 -23.99548132206251 3
    endloop
  endfacet
  facet normal 0.06540312923014234 0.9978589232386036 0
    outer loop
      vertex -12.658841907552084 -24.036311778198097 3
      vertex -12.658841907552084 -24.036311778198097 7.499999999999999
      vertex -12.450000000000001 -24.05 3
    endloop
  endfacet
  facet normal 0.19509032201612986 0.9807852804032301 -5.8973553522157075e-19
    outer loop
      vertex -12.658841907552084 -24.036311778198097 3
      vertex -12.864110472164034 -23.99548132206251 3
      vertex -12.864110472164034 -23.99548132206251 7.499999999999999
    endloop
  endfacet
  facet normal 0 1 0
    outer loop
      vertex -12.450000000000001 -24.05 3
      vertex -12.450000000000001 -24.05 7.499999999999999
      vertex -5.357049903147853 -24.05 3
    endloop
  endfacet
  facet normal 0 0 1
    outer loop
      vertex -13.92820725201806 -23.062293491784146 3
      vertex -13.99548132206251 -3.1358895278359658 3
      vertex -13.99548132206251 -22.864110472164036 3
    endloop
  endfacet
  facet normal 0 0 1
    outer loop
      vertex -13.835640646055102 -23.25 3
      vertex -13.719365344465977 -23.424018286413954 3
      vertex -13.835640646055102 -2.7499999999999982 3
    endloop
  endfacet
  facet normal 0 0 1
    outer loop
      vertex -13.835640646055102 -23.25 3
      vertex -13.92820725201806 -2.9377065082158555 3
      vertex -13.92820725201806 -23.062293491784146 3
    endloop
  endfacet
  facet normal 0 0 1
    outer loop
      vertex -13.581370849898477 -23.581370849898477 3
      vertex -13.424018286413954 -23.719365344465977 3
      vertex -13.581370849898477 -2.4186291501015234 3
    endloop
  endfacet
  facet normal 0 0 1
    outer loop
      vertex -13.581370849898477 -23.581370849898477 3
      vertex -13.719365344465977 -2.575981713586046 3
      vertex -13.719365344465977 -23.424018286413954 3
    endloop
  endfacet
  facet normal 0 0 1
    outer loop
      vertex -13.99548132206251 -22.864110472164036 3
      vertex -14.036311778198097 -3.341158092447916 3
      vertex -14.036311778198097 -22.658841907552084 3
    endloop
  endfacet
  facet normal 0 0 1
    outer loop
      vertex -14.036311778198097 -22.658841907552084 3
      vertex -14.05 -3.549999999999999 3
      vertex -14.05 -22.450000000000003 3
    endloop
  endfacet
  facet normal 0 0 1
    outer loop
      vertex -13.250000000000002 -23.835640646055104 3
      vertex -13.424018286413954 -2.2806346555340227 3
      vertex -13.424018286413954 -23.719365344465977 3
    endloop
  endfacet
  facet normal 0 0 1
    outer loop
      vertex -13.250000000000002 -23.835640646055104 3
      vertex -13.062293491784144 -23.928207252018062 3
      vertex -13.250000000000002 -2.1643593539448975 3
    endloop
  endfacet
  facet normal 0 0 1
    outer loop
      vertex -13.062293491784144 -23.928207252018062 3
      vertex -12.864110472164034 -23.99548132206251 3
      vertex -13.062293491784144 -2.07179274798194 3
    endloop
  endfacet
  facet normal 0 0 1
    outer loop
      vertex -12.658841907552084 -24.036311778198097 3
      vertex -12.864110472164034 -2.00451867793749 3
      vertex -12.864110472164034 -23.99548132206251 3
    endloop
  endfacet
  facet normal 0 0 1
    outer loop
      vertex -12.658841907552084 -24.036311778198097 3
      vertex -12.450000000000001 -24.05 3
      vertex -12.658841907552084 -1.9636882218019025 3
    endloop
  endfacet
  facet normal 0 0 1
    outer loop
      vertex -12.450000000000001 -24.05 3
      vertex -5.357049903147853 -24.05 3
      vertex -12.450000000000001 -1.9499999999999993 3
    endloop
  endfacet
  facet normal 0 0 1
    outer loop
      vertex -5.357049903147853 -24.05 3
      vertex -5.327241319733629 -24.05 3
      vertex -12.450000000000001 -1.9499999999999993 3
    endloop
  endfacet
  facet normal 0 0 1
    outer loop
      vertex -5.327241319733629 -24.05 3
      vertex 5.357049903147853 -24.05 3
      vertex -12.450000000000001 -1.9499999999999993 3
    endloop
  endfacet
  facet normal 0 0 1
    outer loop
      vertex -14.036311778198097 -22.658841907552084 3
      vertex -14.036311778198097 -3.341158092447916 3
      vertex -14.05 -3.549999999999999 3
    endloop
  endfacet
  facet normal 0 0 1
    outer loop
      vertex -13.99548132206251 -22.864110472164036 3
      vertex -13.99548132206251 -3.1358895278359658 3
      vertex -14.036311778198097 -3.341158092447916 3
    endloop
  endfacet
  facet normal 0 0 1
    outer loop
      vertex -13.92820725201806 -23.062293491784146 3
      vertex -13.92820725201806 -2.9377065082158555 3
      vertex -13.99548132206251 -3.1358895278359658 3
    endloop
  endfacet
  facet normal 0 0 1
    outer loop
      vertex -13.835640646055102 -23.25 3
      vertex -13.835640646055102 -2.7499999999999982 3
      vertex -13.92820725201806 -2.9377065082158555 3
    endloop
  endfacet
  facet normal 0 0 1
    outer loop
      vertex -13.719365344465977 -23.424018286413954 3
      vertex -13.719365344465977 -2.575981713586046 3
      vertex -13.835640646055102 -2.7499999999999982 3
    endloop
  endfacet
  facet normal 0 0 1
    outer loop
      vertex -13.581370849898477 -23.581370849898477 3
      vertex -13.581370849898477 -2.4186291501015234 3
      vertex -13.719365344465977 -2.575981713586046 3
    endloop
  endfacet
  facet normal 0 0 1
    outer loop
      vertex -13.424018286413954 -23.719365344465977 3
      vertex -13.424018286413954 -2.2806346555340227 3
      vertex -13.581370849898477 -2.4186291501015234 3
    endloop
  endfacet
  facet normal 0 0 1
    outer loop
      vertex -13.250000000000002 -23.835640646055104 3
      vertex -13.250000000000002 -2.1643593539448975 3
      vertex -13.424018286413954 -2.2806346555340227 3
    endloop
  endfacet
  facet normal 0 0 1
    outer loop
      vertex -13.062293491784144 -23.928207252018062 3
      vertex -13.062293491784144 -2.07179274798194 3
      vertex -13.250000000000002 -2.1643593539448975 3
    endloop
  endfacet
  facet normal 0 0 1
    outer loop
      vertex -12.864110472164034 -23.99548132206251 3
      vertex -12.864110472164034 -2.00451867793749 3
      vertex -13.062293491784144 -2.07179274798194 3
    endloop
  endfacet
  facet normal 0 0 1
    outer loop
      vertex -12.658841907552084 -24.036311778198097 3
      vertex -12.658841907552084 -1.9636882218019025 3
      vertex -12.864110472164034 -2.00451867793749 3
    endloop
  endfacet
  facet normal 0 0 1
    outer loop
      vertex -12.450000000000001 -24.05 3
      vertex -12.450000000000001 -1.9499999999999993 3
      vertex -12.658841907552084 -1.9636882218019025 3
    endloop
  endfacet
  facet normal 1 0 0
    outer loop
      vertex -14.05 -22.450000000000003 3
      vertex -14.05 -3.549999999999999 3
      vertex -14.05 -3.549999999999999 7.499999999999999
    endloop
  endfacet
  facet normal 0.9978589232386036 -0.06540312923014234 -9.652959182705617e-20
    outer loop
      vertex -14.05 -3.549999999999999 3
      vertex -14.036311778198097 -3.341158092447916 3
      vertex -14.036311778198097 -3.341158092447916 7.499999999999999
    endloop
  endfacet
  facet normal 0.9807852804032301 -0.19509032201612986 5.8973553522157075e-19
    outer loop
      vertex -14.036311778198097 -3.341158092447916 3
      vertex -13.99548132206251 -3.1358895278359658 3
      vertex -13.99548132206251 -3.1358895278359658 7.499999999999999
    endloop
  endfacet
  facet normal 0.9469301294951068 -0.3214394653031584 7.362302386084329e-19
    outer loop
      vertex -13.99548132206251 -3.1358895278359658 3
      vertex -13.92820725201806 -2.9377065082158555 3
      vertex -13.92820725201806 -2.9377065082158555 7.499999999999999
    endloop
  endfacet
  facet normal 0.8968727415326877 -0.4422886902190024 1.7116045563294176e-19
    outer loop
      vertex -13.92820725201806 -2.9377065082158555 3
      vertex -13.835640646055102 -2.7499999999999982 3
      vertex -13.835640646055102 -2.7499999999999982 7.499999999999999
    endloop
  endfacet
  facet normal 0.8314696123025452 -0.5555702330196023 1.7072090865539944e-19
    outer loop
      vertex -13.835640646055102 -2.7499999999999982 3
      vertex -13.719365344465977 -2.575981713586046 3
      vertex -13.719365344465977 -2.575981713586046 7.499999999999999
    endloop
  endfacet
  facet normal 0.7518398074789754 -0.6593458151000713 8.676555988018418e-19
    outer loop
      vertex -13.719365344465977 -2.575981713586046 3
      vertex -13.581370849898477 -2.4186291501015234 3
      vertex -13.581370849898477 -2.4186291501015234 7.499999999999999
    endloop
  endfacet
  facet normal 0.6593458151000713 -0.7518398074789754 8.676555988018418e-19
    outer loop
      vertex -13.581370849898477 -2.4186291501015234 3
      vertex -13.424018286413954 -2.2806346555340227 3
      vertex -13.424018286413954 -2.2806346555340227 7.499999999999999
    endloop
  endfacet
  facet normal 0.5555702330196023 -0.8314696123025452 1.7072090865539944e-19
    outer loop
      vertex -13.424018286413954 -2.2806346555340227 3
      vertex -13.250000000000002 -2.1643593539448975 3
      vertex -13.250000000000002 -2.1643593539448975 7.499999999999999
    endloop
  endfacet
  facet normal 0.4422886902190024 -0.8968727415326877 1.7116045563294176e-19
    outer loop
      vertex -13.250000000000002 -2.1643593539448975 3
      vertex -13.062293491784144 -2.07179274798194 3
      vertex -13.062293491784144 -2.07179274798194 7.499999999999999
    endloop
  endfacet
  facet normal 0.3214394653031584 -0.9469301294951068 7.362302386084329e-19
    outer loop
      vertex -13.062293491784144 -2.07179274798194 3
      vertex -12.864110472164034 -2.00451867793749 3
      vertex -12.864110472164034 -2.00451867793749 7.499999999999999
    endloop
  endfacet
  facet normal 0.19509032201612986 -0.9807852804032301 5.8973553522157075e-19
    outer loop
      vertex -12.864110472164034 -2.00451867793749 3
      vertex -12.658841907552084 -1.9636882218019025 3
      vertex -12.658841907552084 -1.9636882218019025 7.499999999999999
    endloop
  endfacet
  facet normal 0.06540312923014234 -0.9978589232386036 -9.652959182705617e-20
    outer loop
      vertex -12.658841907552084 -1.9636882218019025 3
      vertex -12.450000000000001 -1.9499999999999993 3
      vertex -12.450000000000001 -1.9499999999999993 7.499999999999999
    endloop
  endfacet
  facet normal 0 0 1
    outer loop
      vertex -12.450000000000001 -1.9499999999999993 3
      vertex 12.450000000000001 -24.05 3
      vertex -2.5 -2.75 3
    endloop
  endfacet
  facet normal 0 0 1
    outer loop
      vertex -12.450000000000001 -1.9499999999999993 3
      vertex -2.5 -2.75 3
      vertex -2.5 -1.9499999999999993 3
    endloop
  endfacet
  facet normal 0 -1 0
    outer loop
      vertex -12.450000000000001 -1.9499999999999993 3
      vertex -2.5 -1.9499999999999993 3
      vertex -2.5 -1.9499999999999993 3.4
    endloop
  endfacet
  facet normal 0 -1 0
    outer loop
      vertex -12.450000000000001 -1.9499999999999993 3
      vertex -2.5 -1.9499999999999993 3.4
      vertex 12.450000000000001 -1.9499999999999993 7.499999999999999
    endloop
  endfacet
  facet normal 0.8968727415326844 0.44228869021900913 0
    outer loop
      vertex -13.835640646055102 -23.25 3
      vertex -13.92820725201806 -23.062293491784146 7.499999999999999
      vertex -13.835640646055102 -23.25 7.499999999999999
    endloop
  endfacet
  facet normal 0.8314696123025478 0.5555702330195983 0
    outer loop
      vertex -13.719365344465977 -23.424018286413954 3
      vertex -13.835640646055102 -23.25 7.499999999999999
      vertex -13.719365344465977 -23.424018286413954 7.499999999999999
    endloop
  endfacet
  facet normal 0.7518398074789754 0.6593458151000713 0
    outer loop
      vertex -13.581370849898477 -23.581370849898477 3
      vertex -13.719365344465977 -23.424018286413954 7.499999999999999
      vertex -13.581370849898477 -23.581370849898477 7.499999999999999
    endloop
  endfacet
  facet normal 0.9469301294951068 0.3214394653031584 0
    outer loop
      vertex -13.92820725201806 -23.062293491784146 3
      vertex -13.99548132206251 -22.864110472164036 7.499999999999999
      vertex -13.92820725201806 -23.062293491784146 7.499999999999999
    endloop
  endfacet
  facet normal 0.9807852804032304 0.19509032201612822 0
    outer loop
      vertex -13.99548132206251 -22.864110472164036 3
      vertex -14.036311778198097 -22.658841907552084 7.499999999999999
      vertex -13.99548132206251 -22.864110472164036 7.499999999999999
    endloop
  endfacet
  facet normal 0.9978589232386036 0.0654031292301429 0
    outer loop
      vertex -14.036311778198097 -22.658841907552084 3
      vertex -14.05 -22.450000000000003 7.499999999999999
      vertex -14.036311778198097 -22.658841907552084 7.499999999999999
    endloop
  endfacet
  facet normal 0.5555702330196082 0.8314696123025412 0
    outer loop
      vertex -13.250000000000002 -23.835640646055104 3
      vertex -13.424018286413954 -23.719365344465977 7.499999999999999
      vertex -13.250000000000002 -23.835640646055104 7.499999999999999
    endloop
  endfacet
  facet normal 0.6593458151000713 0.7518398074789754 0
    outer loop
      vertex -13.424018286413954 -23.719365344465977 3
      vertex -13.581370849898477 -23.581370849898477 7.499999999999999
      vertex -13.424018286413954 -23.719365344465977 7.499999999999999
    endloop
  endfacet
  facet normal 0.4422886902190024 0.8968727415326877 0
    outer loop
      vertex -13.062293491784144 -23.928207252018062 3
      vertex -13.250000000000002 -23.835640646055104 7.499999999999999
      vertex -13.062293491784144 -23.928207252018062 7.499999999999999
    endloop
  endfacet
  facet normal 0.19509032201612986 0.9807852804032301 0
    outer loop
      vertex -12.658841907552084 -24.036311778198097 3
      vertex -12.864110472164034 -23.99548132206251 7.499999999999999
      vertex -12.658841907552084 -24.036311778198097 7.499999999999999
    endloop
  endfacet
  facet normal 0.06540312923014234 0.9978589232386036 0
    outer loop
      vertex -12.450000000000001 -24.05 3
      vertex -12.658841907552084 -24.036311778198097 7.499999999999999
      vertex -12.450000000000001 -24.05 7.499999999999999
    endloop
  endfacet
  facet normal 0.3214394653031508 0.9469301294951094 0
    outer loop
      vertex -12.864110472164034 -23.99548132206251 3
      vertex -13.062293491784144 -23.928207252018062 7.499999999999999
      vertex -12.864110472164034 -23.99548132206251 7.499999999999999
    endloop
  endfacet
  facet normal 1 0 0
    outer loop
      vertex -14.05 -22.450000000000003 3
      vertex -14.05 -3.549999999999999 7.499999999999999
      vertex -14.05 -22.450000000000003 7.499999999999999
    endloop
  endfacet
  facet normal 0 1 0
    outer loop
      vertex -5.357049903147853 -24.05 3
      vertex -12.450000000000001 -24.05 7.499999999999999
      vertex -5.357049903147853 -24.05 7.499999999999999
    endloop
  endfacet
  facet normal 0.9978589232386036 -0.06540312923014234 0
    outer loop
      vertex -14.05 -3.549999999999999 3
      vertex -14.036311778198097 -3.341158092447916 7.499999999999999
      vertex -14.05 -3.549999999999999 7.499999999999999
    endloop
  endfacet
  facet normal 0.9807852804032301 -0.19509032201612986 0
    outer loop
      vertex -14.036311778198097 -3.341158092447916 3
      vertex -13.99548132206251 -3.1358895278359658 7.499999999999999
      vertex -14.036311778198097 -3.341158092447916 7.499999999999999
    endloop
  endfacet
  facet normal 0.9469301294951068 -0.3214394653031584 0
    outer loop
      vertex -13.99548132206251 -3.1358895278359658 3
      vertex -13.92820725201806 -2.9377065082158555 7.499999999999999
      vertex -13.99548132206251 -3.1358895278359658 7.499999999999999
    endloop
  endfacet
  facet normal 0.8968727415326877 -0.4422886902190024 0
    outer loop
      vertex -13.92820725201806 -2.9377065082158555 3
      vertex -13.835640646055102 -2.7499999999999982 7.499999999999999
      vertex -13.92820725201806 -2.9377065082158555 7.499999999999999
    endloop
  endfacet
  facet normal 0.8314696123025452 -0.5555702330196023 0
    outer loop
      vertex -13.835640646055102 -2.7499999999999982 3
      vertex -13.719365344465977 -2.575981713586046 7.499999999999999
      vertex -13.835640646055102 -2.7499999999999982 7.499999999999999
    endloop
  endfacet
  facet normal 0.7518398074789754 -0.6593458151000713 0
    outer loop
      vertex -13.719365344465977 -2.575981713586046 3
      vertex -13.581370849898477 -2.4186291501015234 7.499999999999999
      vertex -13.719365344465977 -2.575981713586046 7.499999999999999
    endloop
  endfacet
  facet normal 0.6593458151000713 -0.7518398074789754 0
    outer loop
      vertex -13.581370849898477 -2.4186291501015234 3
      vertex -13.424018286413954 -2.2806346555340227 7.499999999999999
      vertex -13.581370849898477 -2.4186291501015234 7.499999999999999
    endloop
  endfacet
  facet normal 0.5555702330196023 -0.8314696123025452 0
    outer loop
      vertex -13.424018286413954 -2.2806346555340227 3
      vertex -13.250000000000002 -2.1643593539448975 7.499999999999999
      vertex -13.424018286413954 -2.2806346555340227 7.499999999999999
    endloop
  endfacet
  facet normal 0.4422886902190024 -0.8968727415326877 0
    outer loop
      vertex -13.250000000000002 -2.1643593539448975 3
      vertex -13.062293491784144 -2.07179274798194 7.499999999999999
      vertex -13.250000000000002 -2.1643593539448975 7.499999999999999
    endloop
  endfacet
  facet normal 0.3214394653031584 -0.9469301294951068 0
    outer loop
      vertex -13.062293491784144 -2.07179274798194 3
      vertex -12.864110472164034 -2.00451867793749 7.499999999999999
      vertex -13.062293491784144 -2.07179274798194 7.499999999999999
    endloop
  endfacet
  facet normal 0.19509032201612986 -0.9807852804032301 0
    outer loop
      vertex -12.864110472164034 -2.00451867793749 3
      vertex -12.658841907552084 -1.9636882218019025 7.499999999999999
      vertex -12.864110472164034 -2.00451867793749 7.499999999999999
    endloop
  endfacet
  facet normal 0.06540312923014234 -0.9978589232386036 0
    outer loop
      vertex -12.658841907552084 -1.9636882218019025 3
      vertex -12.450000000000001 -1.9499999999999993 7.499999999999999
      vertex -12.658841907552084 -1.9636882218019025 7.499999999999999
    endloop
  endfacet
  facet normal 0 -1 0
    outer loop
      vertex -12.450000000000001 -1.9499999999999993 3
      vertex 12.450000000000001 -1.9499999999999993 7.499999999999999
      vertex -12.450000000000001 -1.9499999999999993 7.499999999999999
    endloop
  endfacet
  facet normal 0 0 1
    outer loop
      vertex -12.450000000000001 -1.9499999999999993 3
      vertex 5.357049903147853 -24.05 3
      vertex 12.450000000000001 -24.05 3
    endloop
  endfacet
  facet normal 0 1 0
    outer loop
      vertex 5.357049903147853 -24.05 3
      vertex 12.450000000000001 -24.05 7.499999999999999
      vertex 12.450000000000001 -24.05 3
    endloop
  endfacet
  facet normal -0.06540312923014234 0.9978589232386036 0
    outer loop
      vertex 12.450000000000001 -24.05 3
      vertex 12.450000000000001 -24.05 7.499999999999999
      vertex 12.658841907552084 -24.036311778198097 3
    endloop
  endfacet
  facet normal -0.19509032201612986 0.9807852804032301 0
    outer loop
      vertex 12.658841907552084 -24.036311778198097 3
      vertex 12.658841907552084 -24.036311778198097 7.499999999999999
      vertex 12.864110472164034 -23.99548132206251 3
    endloop
  endfacet
  facet normal -0.3214394653031508 0.9469301294951094 0
    outer loop
      vertex 12.864110472164034 -23.99548132206251 3
      vertex 12.864110472164034 -23.99548132206251 7.499999999999999
      vertex 13.062293491784144 -23.928207252018062 3
    endloop
  endfacet
  facet normal -0.4422886902190024 0.8968727415326877 0
    outer loop
      vertex 13.062293491784144 -23.928207252018062 3
      vertex 13.062293491784144 -23.928207252018062 7.499999999999999
      vertex 13.250000000000002 -23.835640646055104 3
    endloop
  endfacet
  facet normal -0.5555702330196082 0.8314696123025412 0
    outer loop
      vertex 13.250000000000002 -23.835640646055104 3
      vertex 13.250000000000002 -23.835640646055104 7.499999999999999
      vertex 13.424018286413954 -23.719365344465977 3
    endloop
  endfacet
  facet normal -0.6593458151000713 0.7518398074789754 0
    outer loop
      vertex 13.424018286413954 -23.719365344465977 3
      vertex 13.424018286413954 -23.719365344465977 7.499999999999999
      vertex 13.581370849898477 -23.581370849898477 3
    endloop
  endfacet
  facet normal -0.7518398074789754 0.6593458151000713 0
    outer loop
      vertex 13.581370849898477 -23.581370849898477 3
      vertex 13.581370849898477 -23.581370849898477 7.499999999999999
      vertex 13.719365344465977 -23.424018286413954 3
    endloop
  endfacet
  facet normal -0.8314696123025478 0.5555702330195983 0
    outer loop
      vertex 13.719365344465977 -23.424018286413954 3
      vertex 13.719365344465977 -23.424018286413954 7.499999999999999
      vertex 13.835640646055102 -23.25 3
    endloop
  endfacet
  facet normal -0.8968727415326844 0.44228869021900913 0
    outer loop
      vertex 13.835640646055102 -23.25 3
      vertex 13.835640646055102 -23.25 7.499999999999999
      vertex 13.92820725201806 -23.062293491784146 3
    endloop
  endfacet
  facet normal -0.9469301294951068 0.3214394653031584 0
    outer loop
      vertex 13.92820725201806 -23.062293491784146 3
      vertex 13.92820725201806 -23.062293491784146 7.499999999999999
      vertex 13.99548132206251 -22.864110472164036 3
    endloop
  endfacet
  facet normal -0.9807852804032304 0.19509032201612822 0
    outer loop
      vertex 13.99548132206251 -22.864110472164036 3
      vertex 13.99548132206251 -22.864110472164036 7.499999999999999
      vertex 14.036311778198097 -22.658841907552084 3
    endloop
  endfacet
  facet normal -0.9978589232386036 0.0654031292301429 0
    outer loop
      vertex 14.036311778198097 -22.658841907552084 3
      vertex 14.036311778198097 -22.658841907552084 7.499999999999999
      vertex 14.05 -22.450000000000003 3
    endloop
  endfacet
  facet normal 0 0 1
    outer loop
      vertex 12.450000000000001 -24.05 3
      vertex 12.658841907552084 -24.036311778198097 3
      vertex 12.450000000000001 -1.9499999999999993 3
    endloop
  endfacet
  facet normal 0 0 1
    outer loop
      vertex 12.658841907552084 -24.036311778198097 3
      vertex 12.864110472164034 -23.99548132206251 3
      vertex 12.658841907552084 -1.9636882218019025 3
    endloop
  endfacet
  facet normal 0 0 1
    outer loop
      vertex 12.864110472164034 -23.99548132206251 3
      vertex 13.062293491784144 -23.928207252018062 3
      vertex 12.864110472164034 -2.00451867793749 3
    endloop
  endfacet
  facet normal 0 0 1
    outer loop
      vertex 13.062293491784144 -23.928207252018062 3
      vertex 13.250000000000002 -23.835640646055104 3
      vertex 13.062293491784144 -2.07179274798194 3
    endloop
  endfacet
  facet normal 0 0 1
    outer loop
      vertex 13.250000000000002 -23.835640646055104 3
      vertex 13.424018286413954 -23.719365344465977 3
      vertex 13.250000000000002 -2.1643593539448975 3
    endloop
  endfacet
  facet normal 0 0 1
    outer loop
      vertex 13.424018286413954 -23.719365344465977 3
      vertex 13.581370849898477 -23.581370849898477 3
      vertex 13.424018286413954 -2.2806346555340227 3
    endloop
  endfacet
  facet normal 0 0 1
    outer loop
      vertex 13.581370849898477 -23.581370849898477 3
      vertex 13.719365344465977 -23.424018286413954 3
      vertex 13.581370849898477 -2.4186291501015234 3
    endloop
  endfacet
  facet normal 0 0 1
    outer loop
      vertex 13.719365344465977 -23.424018286413954 3
      vertex 13.835640646055102 -23.25 3
      vertex 13.719365344465977 -2.575981713586046 3
    endloop
  endfacet
  facet normal 0 0 1
    outer loop
      vertex 13.835640646055102 -23.25 3
      vertex 13.92820725201806 -23.062293491784146 3
      vertex 13.835640646055102 -2.7499999999999982 3
    endloop
  endfacet
  facet normal 0 0 1
    outer loop
      vertex 13.92820725201806 -23.062293491784146 3
      vertex 13.99548132206251 -22.864110472164036 3
      vertex 13.92820725201806 -2.9377065082158555 3
    endloop
  endfacet
  facet normal 0 0 1
    outer loop
      vertex 13.99548132206251 -22.864110472164036 3
      vertex 14.036311778198097 -22.658841907552084 3
      vertex 13.99548132206251 -3.1358895278359658 3
    endloop
  endfacet
  facet normal 0 0 1
    outer loop
      vertex 14.036311778198097 -22.658841907552084 3
      vertex 14.05 -22.450000000000003 3
      vertex 14.036311778198097 -3.341158092447916 3
    endloop
  endfacet
  facet normal -1 0 0
    outer loop
      vertex 14.05 -22.450000000000003 3
      vertex 14.05 -22.450000000000003 7.499999999999999
      vertex 14.05 -3.549999999999999 3
    endloop
  endfacet
  facet normal 0 0 1
    outer loop
      vertex -2.5 -2.75 3
      vertex 12.450000000000001 -24.05 3
      vertex 2.5 -2.75 3
    endloop
  endfacet
  facet normal 0 0 1
    outer loop
      vertex 2.5 -2.75 3
      vertex 12.450000000000001 -1.9499999999999993 3
      vertex 2.5 -1.9499999999999993 3
    endloop
  endfacet
  facet normal 0 -1 0
    outer loop
      vertex -2.5 -1.9499999999999993 3.4
      vertex 2.5 -1.9499999999999993 3.4
      vertex 12.450000000000001 -1.9499999999999993 7.499999999999999
    endloop
  endfacet
  facet normal 0 -1 0
    outer loop
      vertex 2.5 -1.9499999999999993 3
      vertex 12.450000000000001 -1.9499999999999993 7.499999999999999
      vertex 2.5 -1.9499999999999993 3.4
    endloop
  endfacet
  facet normal 0 0 1
    outer loop
      vertex 12.450000000000001 -24.05 3
      vertex 12.450000000000001 -1.9499999999999993 3
      vertex 2.5 -2.75 3
    endloop
  endfacet
  facet normal 0 0 1
    outer loop
      vertex 12.658841907552084 -24.036311778198097 3
      vertex 12.658841907552084 -1.9636882218019025 3
      vertex 12.450000000000001 -1.9499999999999993 3
    endloop
  endfacet
  facet normal 0 0 1
    outer loop
      vertex 12.864110472164034 -23.99548132206251 3
      vertex 12.864110472164034 -2.00451867793749 3
      vertex 12.658841907552084 -1.9636882218019025 3
    endloop
  endfacet
  facet normal 0 0 1
    outer loop
      vertex 13.062293491784144 -23.928207252018062 3
      vertex 13.062293491784144 -2.07179274798194 3
      vertex 12.864110472164034 -2.00451867793749 3
    endloop
  endfacet
  facet normal 0 0 1
    outer loop
      vertex 13.250000000000002 -23.835640646055104 3
      vertex 13.250000000000002 -2.1643593539448975 3
      vertex 13.062293491784144 -2.07179274798194 3
    endloop
  endfacet
  facet normal 0 0 1
    outer loop
      vertex 13.424018286413954 -23.719365344465977 3
      vertex 13.424018286413954 -2.2806346555340227 3
      vertex 13.250000000000002 -2.1643593539448975 3
    endloop
  endfacet
  facet normal 0 0 1
    outer loop
      vertex 14.05 -22.450000000000003 3
      vertex 14.05 -3.549999999999999 3
      vertex 14.036311778198097 -3.341158092447916 3
    endloop
  endfacet
  facet normal 0 0 1
    outer loop
      vertex 13.835640646055102 -23.25 3
      vertex 13.835640646055102 -2.7499999999999982 3
      vertex 13.719365344465977 -2.575981713586046 3
    endloop
  endfacet
  facet normal 0 0 1
    outer loop
      vertex 13.92820725201806 -23.062293491784146 3
      vertex 13.92820725201806 -2.9377065082158555 3
      vertex 13.835640646055102 -2.7499999999999982 3
    endloop
  endfacet
  facet normal 0 0 1
    outer loop
      vertex 13.99548132206251 -22.864110472164036 3
      vertex 13.99548132206251 -3.1358895278359658 3
      vertex 13.92820725201806 -2.9377065082158555 3
    endloop
  endfacet
  facet normal 0 0 1
    outer loop
      vertex 14.036311778198097 -22.658841907552084 3
      vertex 14.036311778198097 -3.341158092447916 3
      vertex 13.99548132206251 -3.1358895278359658 3
    endloop
  endfacet
  facet normal 0 0 1
    outer loop
      vertex 13.581370849898477 -23.581370849898477 3
      vertex 13.581370849898477 -2.4186291501015234 3
      vertex 13.424018286413954 -2.2806346555340227 3
    endloop
  endfacet
  facet normal 0 0 1
    outer loop
      vertex 13.719365344465977 -23.424018286413954 3
      vertex 13.719365344465977 -2.575981713586046 3
      vertex 13.581370849898477 -2.4186291501015234 3
    endloop
  endfacet
  facet normal 0 -1 0
    outer loop
      vertex 2.5 -1.9499999999999993 3
      vertex 12.450000000000001 -1.9499999999999993 3
      vertex 12.450000000000001 -1.9499999999999993 7.499999999999999
    endloop
  endfacet
  facet normal -0.06540312923014234 -0.9978589232386036 9.652959182705617e-20
    outer loop
      vertex 12.450000000000001 -1.9499999999999993 3
      vertex 12.658841907552084 -1.9636882218019025 3
      vertex 12.658841907552084 -1.9636882218019025 7.499999999999999
    endloop
  endfacet
  facet normal -0.19509032201612986 -0.9807852804032301 -5.8973553522157075e-19
    outer loop
      vertex 12.658841907552084 -1.9636882218019025 3
      vertex 12.864110472164034 -2.00451867793749 3
      vertex 12.864110472164034 -2.00451867793749 7.499999999999999
    endloop
  endfacet
  facet normal -0.3214394653031584 -0.9469301294951068 -7.362302386084329e-19
    outer loop
      vertex 12.864110472164034 -2.00451867793749 3
      vertex 13.062293491784144 -2.07179274798194 3
      vertex 13.062293491784144 -2.07179274798194 7.499999999999999
    endloop
  endfacet
  facet normal -0.4422886902190024 -0.8968727415326877 -1.7116045563294176e-19
    outer loop
      vertex 13.062293491784144 -2.07179274798194 3
      vertex 13.250000000000002 -2.1643593539448975 3
      vertex 13.250000000000002 -2.1643593539448975 7.499999999999999
    endloop
  endfacet
  facet normal -0.5555702330196023 -0.8314696123025452 0
    outer loop
      vertex 13.424018286413954 -2.2806346555340227 3
      vertex 13.424018286413954 -2.2806346555340227 7.499999999999999
      vertex 13.250000000000002 -2.1643593539448975 3
    endloop
  endfacet
  facet normal -0.9978589232386036 -0.06540312923014234 0
    outer loop
      vertex 14.05 -3.549999999999999 3
      vertex 14.05 -3.549999999999999 7.499999999999999
      vertex 14.036311778198097 -3.341158092447916 3
    endloop
  endfacet
  facet normal -0.9807852804032301 -0.19509032201612986 0
    outer loop
      vertex 14.036311778198097 -3.341158092447916 3
      vertex 14.036311778198097 -3.341158092447916 7.499999999999999
      vertex 13.99548132206251 -3.1358895278359658 3
    endloop
  endfacet
  facet normal -0.9469301294951068 -0.3214394653031584 0
    outer loop
      vertex 13.99548132206251 -3.1358895278359658 3
      vertex 13.99548132206251 -3.1358895278359658 7.499999999999999
      vertex 13.92820725201806 -2.9377065082158555 3
    endloop
  endfacet
  facet normal -0.8968727415326877 -0.4422886902190024 -1.7116045563294176e-19
    outer loop
      vertex 13.835640646055102 -2.7499999999999982 3
      vertex 13.92820725201806 -2.9377065082158555 3
      vertex 13.92820725201806 -2.9377065082158555 7.499999999999999
    endloop
  endfacet
  facet normal -0.7518398074789754 -0.6593458151000713 0
    outer loop
      vertex 13.719365344465977 -2.575981713586046 3
      vertex 13.719365344465977 -2.575981713586046 7.499999999999999
      vertex 13.581370849898477 -2.4186291501015234 3
    endloop
  endfacet
  facet normal -0.6593458151000713 -0.7518398074789754 -8.676555988018418e-19
    outer loop
      vertex 13.424018286413954 -2.2806346555340227 3
      vertex 13.581370849898477 -2.4186291501015234 3
      vertex 13.581370849898477 -2.4186291501015234 7.499999999999999
    endloop
  endfacet
  facet normal -0.8314696123025452 -0.5555702330196023 0
    outer loop
      vertex 13.835640646055102 -2.7499999999999982 3
      vertex 13.835640646055102 -2.7499999999999982 7.499999999999999
      vertex 13.719365344465977 -2.575981713586046 3
    endloop
  endfacet
  facet normal 0 1 0
    outer loop
      vertex 5.357049903147853 -24.05 3
      vertex 5.357049903147853 -24.05 7.499999999999999
      vertex 12.450000000000001 -24.05 7.499999999999999
    endloop
  endfacet
  facet normal -0.06540312923014234 0.9978589232386036 0
    outer loop
      vertex 12.658841907552084 -24.036311778198097 3
      vertex 12.450000000000001 -24.05 7.499999999999999
      vertex 12.658841907552084 -24.036311778198097 7.499999999999999
    endloop
  endfacet
  facet normal -0.19509032201612986 0.9807852804032301 0
    outer loop
      vertex 12.864110472164034 -23.99548132206251 3
      vertex 12.658841907552084 -24.036311778198097 7.499999999999999
      vertex 12.864110472164034 -23.99548132206251 7.499999999999999
    endloop
  endfacet
  facet normal -0.3214394653031508 0.9469301294951094 0
    outer loop
      vertex 13.062293491784144 -23.928207252018062 3
      vertex 12.864110472164034 -23.99548132206251 7.499999999999999
      vertex 13.062293491784144 -23.928207252018062 7.499999999999999
    endloop
  endfacet
  facet normal -0.4422886902190024 0.8968727415326877 0
    outer loop
      vertex 13.250000000000002 -23.835640646055104 3
      vertex 13.062293491784144 -23.928207252018062 7.499999999999999
      vertex 13.250000000000002 -23.835640646055104 7.499999999999999
    endloop
  endfacet
  facet normal -0.5555702330196082 0.8314696123025412 0
    outer loop
      vertex 13.424018286413954 -23.719365344465977 3
      vertex 13.250000000000002 -23.835640646055104 7.499999999999999
      vertex 13.424018286413954 -23.719365344465977 7.499999999999999
    endloop
  endfacet
  facet normal -0.6593458151000713 0.7518398074789754 0
    outer loop
      vertex 13.581370849898477 -23.581370849898477 3
      vertex 13.424018286413954 -23.719365344465977 7.499999999999999
      vertex 13.581370849898477 -23.581370849898477 7.499999999999999
    endloop
  endfacet
  facet normal -0.7518398074789754 0.6593458151000713 0
    outer loop
      vertex 13.719365344465977 -23.424018286413954 3
      vertex 13.581370849898477 -23.581370849898477 7.499999999999999
      vertex 13.719365344465977 -23.424018286413954 7.499999999999999
    endloop
  endfacet
  facet normal -0.8314696123025478 0.5555702330195983 0
    outer loop
      vertex 13.835640646055102 -23.25 3
      vertex 13.719365344465977 -23.424018286413954 7.499999999999999
      vertex 13.835640646055102 -23.25 7.499999999999999
    endloop
  endfacet
  facet normal -0.8968727415326844 0.44228869021900913 0
    outer loop
      vertex 13.92820725201806 -23.062293491784146 3
      vertex 13.835640646055102 -23.25 7.499999999999999
      vertex 13.92820725201806 -23.062293491784146 7.499999999999999
    endloop
  endfacet
  facet normal -0.9469301294951068 0.3214394653031584 0
    outer loop
      vertex 13.99548132206251 -22.864110472164036 3
      vertex 13.92820725201806 -23.062293491784146 7.499999999999999
      vertex 13.99548132206251 -22.864110472164036 7.499999999999999
    endloop
  endfacet
  facet normal -0.9807852804032304 0.19509032201612822 0
    outer loop
      vertex 14.036311778198097 -22.658841907552084 3
      vertex 13.99548132206251 -22.864110472164036 7.499999999999999
      vertex 14.036311778198097 -22.658841907552084 7.499999999999999
    endloop
  endfacet
  facet normal -0.9978589232386036 0.0654031292301429 0
    outer loop
      vertex 14.05 -22.450000000000003 3
      vertex 14.036311778198097 -22.658841907552084 7.499999999999999
      vertex 14.05 -22.450000000000003 7.499999999999999
    endloop
  endfacet
  facet normal -1 0 0
    outer loop
      vertex 14.05 -3.549999999999999 3
      vertex 14.05 -22.450000000000003 7.499999999999999
      vertex 14.05 -3.549999999999999 7.499999999999999
    endloop
  endfacet
  facet normal -0.06540312923014234 -0.9978589232386036 0
    outer loop
      vertex 12.450000000000001 -1.9499999999999993 3
      vertex 12.658841907552084 -1.9636882218019025 7.499999999999999
      vertex 12.450000000000001 -1.9499999999999993 7.499999999999999
    endloop
  endfacet
  facet normal -0.19509032201612986 -0.9807852804032301 0
    outer loop
      vertex 12.658841907552084 -1.9636882218019025 3
      vertex 12.864110472164034 -2.00451867793749 7.499999999999999
      vertex 12.658841907552084 -1.9636882218019025 7.499999999999999
    endloop
  endfacet
  facet normal -0.3214394653031584 -0.9469301294951068 0
    outer loop
      vertex 12.864110472164034 -2.00451867793749 3
      vertex 13.062293491784144 -2.07179274798194 7.499999999999999
      vertex 12.864110472164034 -2.00451867793749 7.499999999999999
    endloop
  endfacet
  facet normal -0.6593458151000713 -0.7518398074789754 0
    outer loop
      vertex 13.424018286413954 -2.2806346555340227 3
      vertex 13.581370849898477 -2.4186291501015234 7.499999999999999
      vertex 13.424018286413954 -2.2806346555340227 7.499999999999999
    endloop
  endfacet
  facet normal -0.4422886902190024 -0.8968727415326877 0
    outer loop
      vertex 13.062293491784144 -2.07179274798194 3
      vertex 13.250000000000002 -2.1643593539448975 7.499999999999999
      vertex 13.062293491784144 -2.07179274798194 7.499999999999999
    endloop
  endfacet
  facet normal -0.5555702330196023 -0.8314696123025452 0
    outer loop
      vertex 13.250000000000002 -2.1643593539448975 3
      vertex 13.424018286413954 -2.2806346555340227 7.499999999999999
      vertex 13.250000000000002 -2.1643593539448975 7.499999999999999
    endloop
  endfacet
  facet normal -0.9978589232386036 -0.06540312923014234 0
    outer loop
      vertex 14.036311778198097 -3.341158092447916 3
      vertex 14.05 -3.549999999999999 7.499999999999999
      vertex 14.036311778198097 -3.341158092447916 7.499999999999999
    endloop
  endfacet
  facet normal -0.9807852804032301 -0.19509032201612986 0
    outer loop
      vertex 13.99548132206251 -3.1358895278359658 3
      vertex 14.036311778198097 -3.341158092447916 7.499999999999999
      vertex 13.99548132206251 -3.1358895278359658 7.499999999999999
    endloop
  endfacet
  facet normal -0.9469301294951068 -0.3214394653031584 0
    outer loop
      vertex 13.92820725201806 -2.9377065082158555 3
      vertex 13.99548132206251 -3.1358895278359658 7.499999999999999
      vertex 13.92820725201806 -2.9377065082158555 7.499999999999999
    endloop
  endfacet
  facet normal -0.8968727415326877 -0.4422886902190024 0
    outer loop
      vertex 13.835640646055102 -2.7499999999999982 3
      vertex 13.92820725201806 -2.9377065082158555 7.499999999999999
      vertex 13.835640646055102 -2.7499999999999982 7.499999999999999
    endloop
  endfacet
  facet normal -0.8314696123025452 -0.5555702330196023 0
    outer loop
      vertex 13.719365344465977 -2.575981713586046 3
      vertex 13.835640646055102 -2.7499999999999982 7.499999999999999
      vertex 13.719365344465977 -2.575981713586046 7.499999999999999
    endloop
  endfacet
  facet normal -0.7518398074789754 -0.6593458151000713 0
    outer loop
      vertex 13.581370849898477 -2.4186291501015234 3
      vertex 13.719365344465977 -2.575981713586046 7.499999999999999
      vertex 13.581370849898477 -2.4186291501015234 7.499999999999999
    endloop
  endfacet
  facet normal 0 0 1
    outer loop
      vertex -5.5 -25.25 3
      vertex -5.327241319733629 -24.05 3
      vertex -5.4529467375559575 -24.532105942789716 3
    endloop
  endfacet
  facet normal 0 0 1
    outer loop
      vertex -5.4529467375559575 -24.532105942789716 3
      vertex -5.327241319733629 -24.05 3
      vertex -5.357049903147853 -24.05 3
    endloop
  endfacet
  facet normal 0 0 1
    outer loop
      vertex -5.5 -25.25 3
      vertex 5.357049903147853 -24.05 3
      vertex -5.327241319733629 -24.05 3
    endloop
  endfacet
  facet normal 0.9978589232386036 -0.06540312923014274 8.192009150494416e-19
    outer loop
      vertex -5.5 -25.25 3
      vertex -5.4529467375559575 -24.532105942789716 3
      vertex -5.4529467375559575 -24.532105942789716 7.499999999999999
    endloop
  endfacet
  facet normal 0.9807852804032304 -0.19509032201612803 -4.305245947710878e-19
    outer loop
      vertex -5.4529467375559575 -24.532105942789716 3
      vertex -5.357049903147853 -24.05 3
      vertex -5.357049903147853 -24.05 7.499999999999999
    endloop
  endfacet
  facet normal 0.9978589232386036 -0.06540312923014274 0
    outer loop
      vertex -5.5 -25.25 3
      vertex -5.4529467375559575 -24.532105942789716 7.499999999999999
      vertex -5.5 -25.25 7.499999999999999
    endloop
  endfacet
  facet normal 0.9807852804032304 -0.19509032201612803 0
    outer loop
      vertex -5.4529467375559575 -24.532105942789716 3
      vertex -5.357049903147853 -24.05 7.499999999999999
      vertex -5.4529467375559575 -24.532105942789716 7.499999999999999
    endloop
  endfacet
  facet normal 0 0 1
    outer loop
      vertex -5.5 -25.25 3
      vertex 5.5 -25.25 3
      vertex 5.4529467375559575 -24.532105942789716 3
    endloop
  endfacet
  facet normal 0 0 1
    outer loop
      vertex -5.5 -25.25 3
      vertex 5.4529467375559575 -24.532105942789716 3
      vertex 5.357049903147853 -24.05 3
    endloop
  endfacet
  facet normal -0.9978589232386036 -0.06540312923014274 0
    outer loop
      vertex 5.5 -25.25 3
      vertex 5.5 -25.25 7.499999999999999
      vertex 5.4529467375559575 -24.532105942789716 3
    endloop
  endfacet
  facet normal -0.9807852804032304 -0.19509032201612803 0
    outer loop
      vertex 5.4529467375559575 -24.532105942789716 3
      vertex 5.4529467375559575 -24.532105942789716 7.499999999999999
      vertex 5.357049903147853 -24.05 3
    endloop
  endfacet
  facet normal -0.9978589232386036 -0.06540312923014274 0
    outer loop
      vertex 5.4529467375559575 -24.532105942789716 3
      vertex 5.5 -25.25 7.499999999999999
      vertex 5.4529467375559575 -24.532105942789716 7.499999999999999
    endloop
  endfacet
  facet normal -0.9807852804032304 -0.19509032201612803 0
    outer loop
      vertex 5.357049903147853 -24.05 3
      vertex 5.4529467375559575 -24.532105942789716 7.499999999999999
      vertex 5.357049903147853 -24.05 7.499999999999999
    endloop
  endfacet
  facet normal 0 0 1
    outer loop
      vertex -7 27.7 1.2999999999999998
      vertex 7 29 1.2999999999999998
      vertex -7 29 1.2999999999999998
    endloop
  endfacet
  facet normal 1 0 0
    outer loop
      vertex -7 27.7 1.2999999999999998
      vertex -7 29 1.2999999999999998
      vertex -7 27.7 8.3
    endloop
  endfacet
  facet normal 1 0 0
    outer loop
      vertex -7 29 1.2999999999999998
      vertex -7 28 8.3
      vertex -7 27.7 8.3
    endloop
  endfacet
  facet normal 1 0 0
    outer loop
      vertex -7 29 1.2999999999999998
      vertex -7 29 8.3
      vertex -7 28 8.3
    endloop
  endfacet
  facet normal 0 1 0
    outer loop
      vertex -7 27.7 1.2999999999999998
      vertex -7 27.7 8.3
      vertex 7 27.7 8.3
    endloop
  endfacet
  facet normal 0 0 -1
    outer loop
      vertex -7 28 8.3
      vertex -7 29 8.3
      vertex 7 28 8.3
    endloop
  endfacet
  facet normal 0 0 1
    outer loop
      vertex -7 27.7 1.2999999999999998
      vertex 7 27.7 1.2999999999999998
      vertex 7 29 1.2999999999999998
    endloop
  endfacet
  facet normal 0 1 0
    outer loop
      vertex -7 27.7 1.2999999999999998
      vertex 7 27.7 8.3
      vertex 7 27.7 1.2999999999999998
    endloop
  endfacet
  facet normal -1 0 0
    outer loop
      vertex 7 27.7 1.2999999999999998
      vertex 7 29 8.3
      vertex 7 29 1.2999999999999998
    endloop
  endfacet
  facet normal -1 0 0
    outer loop
      vertex 7 27.7 1.2999999999999998
      vertex 7 27.7 8.3
      vertex 7 28 8.3
    endloop
  endfacet
  facet normal -1 0 0
    outer loop
      vertex 7 27.7 1.2999999999999998
      vertex 7 28 8.3
      vertex 7 29 8.3
    endloop
  endfacet
  facet normal 0 0 -1
    outer loop
      vertex -7 29 8.3
      vertex 7 29 8.3
      vertex 7 28 8.3
    endloop
  endfacet
  facet normal 0 0 1
    outer loop
      vertex -36 -12 4
      vertex -34.7 -12 4
      vertex -36 6 4
    endloop
  endfacet
  facet normal 0 1 0
    outer loop
      vertex -36 -12 4
      vertex -34.7 -12 8
      vertex -34.7 -12 4
    endloop
  endfacet
  facet normal 0 1 0
    outer loop
      vertex -36 -12 4
      vertex -36 -12 8
      vertex -34.7 -12 8
    endloop
  endfacet
  facet normal -1 0 0
    outer loop
      vertex -34.7 -12 4
      vertex -34.7 -12 8
      vertex -34.7 6 4
    endloop
  endfacet
  facet normal 0 0 -1
    outer loop
      vertex -36 -12 8
      vertex -34.7 6 8
      vertex -34.7 -12 8
    endloop
  endfacet
  facet normal 0 0 1
    outer loop
      vertex -34.7 -12 4
      vertex -34.7 6 4
      vertex -36 6 4
    endloop
  endfacet
  facet normal 0 -1 0
    outer loop
      vertex -36 6 4
      vertex -34.7 6 4
      vertex -36 6 8
    endloop
  endfacet
  facet normal -1 0 0
    outer loop
      vertex -34.7 -12 8
      vertex -34.7 6 8
      vertex -34.7 6 4
    endloop
  endfacet
  facet normal 0 -1 0
    outer loop
      vertex -34.7 6 4
      vertex -34.7 6 8
      vertex -36 6 8
    endloop
  endfacet
  facet normal 0 0 -1
    outer loop
      vertex -36 -12 8
      vertex -36 6 8
      vertex -34.7 6 8
    endloop
  endfacet
  facet normal 0 1 0
    outer loop
      vertex 34.7 -0.5 3.3
      vertex 36 -0.5 8.3
      vertex 36 -0.5 3.3
    endloop
  endfacet
  facet normal 0 1 0
    outer loop
      vertex 34.7 -0.5 3.3
      vertex 34.7 -0.5 8.3
      vertex 35 -0.5 8.3
    endloop
  endfacet
  facet normal 0 1 0
    outer loop
      vertex 34.7 -0.5 3.3
      vertex 35 -0.5 8.3
      vertex 36 -0.5 8.3
    endloop
  endfacet
  facet normal 0 0 1
    outer loop
      vertex 34.7 -0.5 3.3
      vertex 36 -0.5 3.3
      vertex 34.7 16.5 3.3
    endloop
  endfacet
  facet normal 0 0 1
    outer loop
      vertex 36 -0.5 3.3
      vertex 36 16.5 3.3
      vertex 34.7 16.5 3.3
    endloop
  endfacet
  facet normal 1 0 0
    outer loop
      vertex 34.7 -0.5 3.3
      vertex 34.7 16.5 3.3
      vertex 34.7 16.5 8.3
    endloop
  endfacet
  facet normal 0 -1 0
    outer loop
      vertex 34.7 16.5 3.3
      vertex 36 16.5 3.3
      vertex 34.7 16.5 8.3
    endloop
  endfacet
  facet normal 1 0 0
    outer loop
      vertex 34.7 -0.5 3.3
      vertex 34.7 16.5 8.3
      vertex 34.7 -0.5 8.3
    endloop
  endfacet
  facet normal 0 0 -1
    outer loop
      vertex 35 -0.5 8.3
      vertex 36 16.5 8.3
      vertex 36 -0.5 8.3
    endloop
  endfacet
  facet normal 0 0 -1
    outer loop
      vertex 35 -0.5 8.3
      vertex 35 16.5 8.3
      vertex 36 16.5 8.3
    endloop
  endfacet
  facet normal 0 -1 0
    outer loop
      vertex 36 16.5 3.3
      vertex 35 16.5 8.3
      vertex 34.7 16.5 8.3
    endloop
  endfacet
  facet normal 0 -1 0
    outer loop
      vertex 36 16.5 3.3
      vertex 36 16.5 8.3
      vertex 35 16.5 8.3
    endloop
  endfacet
  facet normal 0.8314696123025491 0.5555702330195964 2.3493279001517207e-19
    outer loop
      vertex -10.834682672232988 5.312990856793023 0
      vertex -10.89282032302755 5.3999999999999995 0
      vertex -10.89282032302755 5.3999999999999995 1.8
    endloop
  endfacet
  facet normal 0.7518398074789754 0.6593458151000713 0
    outer loop
      vertex -10.834682672232988 5.312990856793023 0
      vertex -10.834682672232988 5.312990856793023 1.8
      vertex -10.765685424949238 5.234314575050762 0
    endloop
  endfacet
  facet normal 0.6593458151000713 0.7518398074789754 0
    outer loop
      vertex -10.765685424949238 5.234314575050762 0
      vertex -10.765685424949238 5.234314575050762 1.8
      vertex -10.687009143206977 5.165317327767012 0
    endloop
  endfacet
  facet normal 0.44228869021900236 0.8968727415326878 0
    outer loop
      vertex -10.6 5.107179676972449 0
      vertex -10.6 5.107179676972449 1.8
      vertex -10.506146745892071 5.06089637399097 0
    endloop
  endfacet
  facet normal 0.5555702330195984 0.8314696123025478 0
    outer loop
      vertex -10.687009143206977 5.165317327767012 0
      vertex -10.687009143206977 5.165317327767012 1.8
      vertex -10.6 5.107179676972449 0
    endloop
  endfacet
  facet normal 0.32143946530315837 0.9469301294951068 0
    outer loop
      vertex -10.506146745892071 5.06089637399097 0
      vertex -10.506146745892071 5.06089637399097 1.8
      vertex -10.407055236082016 5.027259338968745 0
    endloop
  endfacet
  facet normal 0.19509032201613144 0.9807852804032298 0
    outer loop
      vertex -10.407055236082016 5.027259338968745 0
      vertex -10.407055236082016 5.027259338968745 1.8
      vertex -10.304420953776042 5.006844110900952 0
    endloop
  endfacet
  facet normal 0.06540312923014178 0.9978589232386036 0
    outer loop
      vertex -10.304420953776042 5.006844110900952 0
      vertex -10.304420953776042 5.006844110900952 1.8
      vertex -10.2 5 0
    endloop
  endfacet
  facet normal 0 1 0
    outer loop
      vertex -10.2 5 0
      vertex -10.2 5 1.8
      vertex -9.8 5 0
    endloop
  endfacet
  facet normal -0.06540312923014178 0.9978589232386036 0
    outer loop
      vertex -9.8 5 0
      vertex -9.8 5 1.8
      vertex -9.695579046223958 5.006844110900952 0
    endloop
  endfacet
  facet normal -0.19509032201613144 0.9807852804032298 0
    outer loop
      vertex -9.695579046223958 5.006844110900952 0
      vertex -9.695579046223958 5.006844110900952 1.8
      vertex -9.592944763917984 5.027259338968745 0
    endloop
  endfacet
  facet normal -0.32143946530315837 0.9469301294951068 0
    outer loop
      vertex -9.592944763917984 5.027259338968745 0
      vertex -9.592944763917984 5.027259338968745 1.8
      vertex -9.493853254107929 5.06089637399097 0
    endloop
  endfacet
  facet normal -0.44228869021900236 0.8968727415326878 0
    outer loop
      vertex -9.493853254107929 5.06089637399097 0
      vertex -9.493853254107929 5.06089637399097 1.8
      vertex -9.4 5.107179676972449 0
    endloop
  endfacet
  facet normal -0.5555702330195984 0.8314696123025478 0
    outer loop
      vertex -9.4 5.107179676972449 0
      vertex -9.4 5.107179676972449 1.8
      vertex -9.312990856793023 5.165317327767012 0
    endloop
  endfacet
  facet normal -0.6593458151000713 0.7518398074789754 0
    outer loop
      vertex -9.312990856793023 5.165317327767012 0
      vertex -9.312990856793023 5.165317327767012 1.8
      vertex -9.234314575050762 5.234314575050762 0
    endloop
  endfacet
  facet normal -0.7518398074789754 0.6593458151000713 0
    outer loop
      vertex -9.234314575050762 5.234314575050762 0
      vertex -9.234314575050762 5.234314575050762 1.8
      vertex -9.165317327767012 5.312990856793023 0
    endloop
  endfacet
  facet normal -0.8314696123025491 0.5555702330195964 0
    outer loop
      vertex -9.165317327767012 5.312990856793023 0
      vertex -9.165317327767012 5.312990856793023 1.8
      vertex -9.10717967697245 5.3999999999999995 0
    endloop
  endfacet
  facet normal -0.8968727415326878 0.44228869021900236 0
    outer loop
      vertex -9.10717967697245 5.3999999999999995 0
      vertex -9.10717967697245 5.3999999999999995 1.8
      vertex -9.060896373990971 5.493853254107928 0
    endloop
  endfacet
  facet normal 0.9807852804032301 0.19509032201612983 -7.371694190269633e-19
    outer loop
      vertex -10.972740661031255 5.592944763917983 0
      vertex -10.993155889099048 5.695579046223958 0
      vertex -10.993155889099048 5.695579046223958 1.8
    endloop
  endfacet
  facet normal 0.9978589232386036 0.06540312923014234 1.2066198978382018e-19
    outer loop
      vertex -10.993155889099048 5.695579046223958 0
      vertex -11 5.8 0
      vertex -11 5.8 1.8
    endloop
  endfacet
  facet normal 0.8968727415326878 0.44228869021900236 -2.1395056954117714e-19
    outer loop
      vertex -10.89282032302755 5.3999999999999995 0
      vertex -10.939103626009029 5.493853254107928 0
      vertex -10.939103626009029 5.493853254107928 1.8
    endloop
  endfacet
  facet normal 0.9469301294951042 0.321439465303166 0
    outer loop
      vertex -10.972740661031255 5.592944763917983 0
      vertex -10.972740661031255 5.592944763917983 1.8
      vertex -10.939103626009029 5.493853254107928 0
    endloop
  endfacet
  facet normal -0.9469301294951042 0.321439465303166 0
    outer loop
      vertex -9.060896373990971 5.493853254107928 0
      vertex -9.060896373990971 5.493853254107928 1.8
      vertex -9.027259338968745 5.592944763917983 0
    endloop
  endfacet
  facet normal -0.9807852804032301 0.19509032201612983 0
    outer loop
      vertex -9.027259338968745 5.592944763917983 0
      vertex -9.027259338968745 5.592944763917983 1.8
      vertex -9.006844110900952 5.695579046223958 0
    endloop
  endfacet
  facet normal -0.9978589232386036 0.06540312923014234 0
    outer loop
      vertex -9.006844110900952 5.695579046223958 0
      vertex -9.006844110900952 5.695579046223958 1.8
      vertex -9 5.8 0
    endloop
  endfacet
  facet normal 0.6593458151000713 0.7518398074789754 0
    outer loop
      vertex -10.687009143206977 5.165317327767012 0
      vertex -10.765685424949238 5.234314575050762 1.8
      vertex -10.687009143206977 5.165317327767012 1.8
    endloop
  endfacet
  facet normal 0.8968727415326878 0.44228869021900236 0
    outer loop
      vertex -10.89282032302755 5.3999999999999995 0
      vertex -10.939103626009029 5.493853254107928 1.8
      vertex -10.89282032302755 5.3999999999999995 1.8
    endloop
  endfacet
  facet normal 0.8314696123025491 0.5555702330195964 0
    outer loop
      vertex -10.834682672232988 5.312990856793023 0
      vertex -10.89282032302755 5.3999999999999995 1.8
      vertex -10.834682672232988 5.312990856793023 1.8
    endloop
  endfacet
  facet normal 0.7518398074789754 0.6593458151000713 0
    outer loop
      vertex -10.765685424949238 5.234314575050762 0
      vertex -10.834682672232988 5.312990856793023 1.8
      vertex -10.765685424949238 5.234314575050762 1.8
    endloop
  endfacet
  facet normal 0.5555702330195984 0.8314696123025478 0
    outer loop
      vertex -10.6 5.107179676972449 0
      vertex -10.687009143206977 5.165317327767012 1.8
      vertex -10.6 5.107179676972449 1.8
    endloop
  endfacet
  facet normal 0.44228869021900236 0.8968727415326878 0
    outer loop
      vertex -10.506146745892071 5.06089637399097 0
      vertex -10.6 5.107179676972449 1.8
      vertex -10.506146745892071 5.06089637399097 1.8
    endloop
  endfacet
  facet normal 0.32143946530315837 0.9469301294951068 0
    outer loop
      vertex -10.407055236082016 5.027259338968745 0
      vertex -10.506146745892071 5.06089637399097 1.8
      vertex -10.407055236082016 5.027259338968745 1.8
    endloop
  endfacet
  facet normal 0.19509032201613144 0.9807852804032298 0
    outer loop
      vertex -10.304420953776042 5.006844110900952 0
      vertex -10.407055236082016 5.027259338968745 1.8
      vertex -10.304420953776042 5.006844110900952 1.8
    endloop
  endfacet
  facet normal 0.06540312923014178 0.9978589232386036 0
    outer loop
      vertex -10.2 5 0
      vertex -10.304420953776042 5.006844110900952 1.8
      vertex -10.2 5 1.8
    endloop
  endfacet
  facet normal 0 1 0
    outer loop
      vertex -9.8 5 0
      vertex -10.2 5 1.8
      vertex -9.8 5 1.8
    endloop
  endfacet
  facet normal -0.06540312923014178 0.9978589232386036 0
    outer loop
      vertex -9.695579046223958 5.006844110900952 0
      vertex -9.8 5 1.8
      vertex -9.695579046223958 5.006844110900952 1.8
    endloop
  endfacet
  facet normal -0.19509032201613144 0.9807852804032298 0
    outer loop
      vertex -9.592944763917984 5.027259338968745 0
      vertex -9.695579046223958 5.006844110900952 1.8
      vertex -9.592944763917984 5.027259338968745 1.8
    endloop
  endfacet
  facet normal -0.32143946530315837 0.9469301294951068 0
    outer loop
      vertex -9.493853254107929 5.06089637399097 0
      vertex -9.592944763917984 5.027259338968745 1.8
      vertex -9.493853254107929 5.06089637399097 1.8
    endloop
  endfacet
  facet normal -0.44228869021900236 0.8968727415326878 0
    outer loop
      vertex -9.4 5.107179676972449 0
      vertex -9.493853254107929 5.06089637399097 1.8
      vertex -9.4 5.107179676972449 1.8
    endloop
  endfacet
  facet normal -0.5555702330195984 0.8314696123025478 0
    outer loop
      vertex -9.312990856793023 5.165317327767012 0
      vertex -9.4 5.107179676972449 1.8
      vertex -9.312990856793023 5.165317327767012 1.8
    endloop
  endfacet
  facet normal -0.6593458151000713 0.7518398074789754 0
    outer loop
      vertex -9.234314575050762 5.234314575050762 0
      vertex -9.312990856793023 5.165317327767012 1.8
      vertex -9.234314575050762 5.234314575050762 1.8
    endloop
  endfacet
  facet normal -0.7518398074789754 0.6593458151000713 0
    outer loop
      vertex -9.165317327767012 5.312990856793023 0
      vertex -9.234314575050762 5.234314575050762 1.8
      vertex -9.165317327767012 5.312990856793023 1.8
    endloop
  endfacet
  facet normal -0.8314696123025491 0.5555702330195964 0
    outer loop
      vertex -9.10717967697245 5.3999999999999995 0
      vertex -9.165317327767012 5.312990856793023 1.8
      vertex -9.10717967697245 5.3999999999999995 1.8
    endloop
  endfacet
  facet normal 0.9807852804032301 0.19509032201612983 0
    outer loop
      vertex -10.972740661031255 5.592944763917983 0
      vertex -10.993155889099048 5.695579046223958 1.8
      vertex -10.972740661031255 5.592944763917983 1.8
    endloop
  endfacet
  facet normal 0.9978589232386036 0.06540312923014234 0
    outer loop
      vertex -10.993155889099048 5.695579046223958 0
      vertex -11 5.8 1.8
      vertex -10.993155889099048 5.695579046223958 1.8
    endloop
  endfacet
  facet normal 0.9469301294951042 0.321439465303166 0
    outer loop
      vertex -10.939103626009029 5.493853254107928 0
      vertex -10.972740661031255 5.592944763917983 1.8
      vertex -10.939103626009029 5.493853254107928 1.8
    endloop
  endfacet
  facet normal -0.8968727415326878 0.44228869021900236 0
    outer loop
      vertex -9.060896373990971 5.493853254107928 0
      vertex -9.10717967697245 5.3999999999999995 1.8
      vertex -9.060896373990971 5.493853254107928 1.8
    endloop
  endfacet
  facet normal -0.9469301294951042 0.321439465303166 0
    outer loop
      vertex -9.027259338968745 5.592944763917983 0
      vertex -9.060896373990971 5.493853254107928 1.8
      vertex -9.027259338968745 5.592944763917983 1.8
    endloop
  endfacet
  facet normal -0.9807852804032301 0.19509032201612983 0
    outer loop
      vertex -9.006844110900952 5.695579046223958 0
      vertex -9.027259338968745 5.592944763917983 1.8
      vertex -9.006844110900952 5.695579046223958 1.8
    endloop
  endfacet
  facet normal -0.9978589232386036 0.06540312923014234 -1.2066198978382018e-19
    outer loop
      vertex -9.006844110900952 5.695579046223958 1.8
      vertex -9 5.8 1.8
      vertex -9 5.8 0
    endloop
  endfacet
  facet normal 1 0 0
    outer loop
      vertex -11 5.8 0
      vertex -11 20.2 1.8
      vertex -11 5.8 1.8
    endloop
  endfacet
  facet normal -1 0 0
    outer loop
      vertex -9 5.8 0
      vertex -9 5.8 1.8
      vertex -9 20.2 0
    endloop
  endfacet
  facet normal 1 0 0
    outer loop
      vertex -11 5.8 0
      vertex -11 20.2 0
      vertex -11 20.2 1.8
    endloop
  endfacet
  facet normal 0.9978589232386036 -0.06540312923014178 -8.212196360405547e-20
    outer loop
      vertex -11 20.2 0
      vertex -10.993155889099048 20.30442095377604 0
      vertex -10.993155889099048 20.30442095377604 1.8
    endloop
  endfacet
  facet normal 0.9807852804032298 -0.19509032201613144 -1.1286592375285762e-18
    outer loop
      vertex -10.993155889099048 20.30442095377604 0
      vertex -10.972740661031255 20.407055236082016 0
      vertex -10.972740661031255 20.407055236082016 1.8
    endloop
  endfacet
  facet normal 0.9469301294951042 -0.321439465303166 7.807906872381025e-19
    outer loop
      vertex -10.972740661031255 20.407055236082016 0
      vertex -10.939103626009029 20.50614674589207 0
      vertex -10.939103626009029 20.50614674589207 1.8
    endloop
  endfacet
  facet normal 0.896872741532691 -0.4422886902189956 -7.613218904307929e-19
    outer loop
      vertex -10.939103626009029 20.50614674589207 0
      vertex -10.89282032302755 20.6 0
      vertex -10.89282032302755 20.6 1.8
    endloop
  endfacet
  facet normal 0.8314696123025518 -0.5555702330195925 2.219207061532599e-18
    outer loop
      vertex -10.89282032302755 20.6 0
      vertex -10.834682672232988 20.68700914320698 0
      vertex -10.834682672232988 20.68700914320698 1.8
    endloop
  endfacet
  facet normal 0.7518398074789754 -0.6593458151000713 1.084569498502302e-18
    outer loop
      vertex -10.834682672232988 20.68700914320698 0
      vertex -10.765685424949238 20.76568542494924 0
      vertex -10.765685424949238 20.76568542494924 1.8
    endloop
  endfacet
  facet normal 0.6593458151000521 -0.7518398074789922 -1.0369503689178436e-19
    outer loop
      vertex -10.765685424949238 20.76568542494924 0
      vertex -10.687009143206977 20.834682672232987 0
      vertex -10.687009143206977 20.834682672232987 1.8
    endloop
  endfacet
  facet normal 0.5555702330196043 -0.8314696123025439 -1.4889088896431484e-18
    outer loop
      vertex -10.687009143206977 20.834682672232987 0
      vertex -10.6 20.89282032302755 0
      vertex -10.6 20.89282032302755 1.8
    endloop
  endfacet
  facet normal 0.44228869021900236 -0.8968727415326878 2.1395056954117714e-19
    outer loop
      vertex -10.6 20.89282032302755 0
      vertex -10.506146745892071 20.93910362600903 0
      vertex -10.506146745892071 20.93910362600903 1.8
    endloop
  endfacet
  facet normal 0.3214394653031508 -0.9469301294951095 1.0597849092829801e-18
    outer loop
      vertex -10.506146745892071 20.93910362600903 0
      vertex -10.407055236082016 20.972740661031253 0
      vertex -10.407055236082016 20.972740661031253 1.8
    endloop
  endfacet
  facet normal 0.1950903220161641 -0.9807852804032233 6.673000390609321e-19
    outer loop
      vertex -10.407055236082016 20.972740661031253 0
      vertex -10.304420953776042 20.99315588909905 0
      vertex -10.304420953776042 20.99315588909905 1.8
    endloop
  endfacet
  facet normal 0.06540312923012488 -0.9978589232386048 1.4056620751995166e-20
    outer loop
      vertex -10.304420953776042 20.99315588909905 0
      vertex -10.2 21 0
      vertex -10.2 21 1.8
    endloop
  endfacet
  facet normal -0.9978589232386036 -0.06540312923014178 8.212196360405547e-20
    outer loop
      vertex -9.006844110900952 20.30442095377604 0
      vertex -9 20.2 0
      vertex -9 20.2 1.8
    endloop
  endfacet
  facet normal -0.9807852804032298 -0.19509032201613144 0
    outer loop
      vertex -9.006844110900952 20.30442095377604 0
      vertex -9.006844110900952 20.30442095377604 1.8
      vertex -9.027259338968745 20.407055236082016 0
    endloop
  endfacet
  facet normal -0.9469301294951042 -0.321439465303166 0
    outer loop
      vertex -9.027259338968745 20.407055236082016 0
      vertex -9.027259338968745 20.407055236082016 1.8
      vertex -9.060896373990971 20.50614674589207 0
    endloop
  endfacet
  facet normal -0.896872741532691 -0.4422886902189956 7.613218904307929e-19
    outer loop
      vertex -9.10717967697245 20.6 0
      vertex -9.060896373990971 20.50614674589207 0
      vertex -9.060896373990971 20.50614674589207 1.8
    endloop
  endfacet
  facet normal -0.7518398074789754 -0.6593458151000713 0
    outer loop
      vertex -9.165317327767012 20.68700914320698 0
      vertex -9.165317327767012 20.68700914320698 1.8
      vertex -9.234314575050762 20.76568542494924 0
    endloop
  endfacet
  facet normal -0.6593458151000521 -0.7518398074789922 1.0369503689178436e-19
    outer loop
      vertex -9.312990856793023 20.834682672232987 0
      vertex -9.234314575050762 20.76568542494924 0
      vertex -9.234314575050762 20.76568542494924 1.8
    endloop
  endfacet
  facet normal -0.8314696123025518 -0.5555702330195925 0
    outer loop
      vertex -9.10717967697245 20.6 0
      vertex -9.10717967697245 20.6 1.8
      vertex -9.165317327767012 20.68700914320698 0
    endloop
  endfacet
  facet normal 0 -1 0
    outer loop
      vertex -10.2 21 0
      vertex -9.8 21 0
      vertex -9.8 21 1.8
    endloop
  endfacet
  facet normal -0.06540312923012488 -0.9978589232386048 -1.4056620751995166e-20
    outer loop
      vertex -9.8 21 0
      vertex -9.695579046223958 20.99315588909905 0
      vertex -9.695579046223958 20.99315588909905 1.8
    endloop
  endfacet
  facet normal -0.1950903220161641 -0.9807852804032233 -6.673000390609321e-19
    outer loop
      vertex -9.695579046223958 20.99315588909905 0
      vertex -9.592944763917984 20.972740661031253 0
      vertex -9.592944763917984 20.972740661031253 1.8
    endloop
  endfacet
  facet normal -0.3214394653031508 -0.9469301294951095 -1.0597849092829801e-18
    outer loop
      vertex -9.592944763917984 20.972740661031253 0
      vertex -9.493853254107929 20.93910362600903 0
      vertex -9.493853254107929 20.93910362600903 1.8
    endloop
  endfacet
  facet normal -0.44228869021900236 -0.8968727415326878 -2.1395056954117714e-19
    outer loop
      vertex -9.493853254107929 20.93910362600903 0
      vertex -9.4 20.89282032302755 0
      vertex -9.4 20.89282032302755 1.8
    endloop
  endfacet
  facet normal -0.5555702330196043 -0.8314696123025439 0
    outer loop
      vertex -9.312990856793023 20.834682672232987 0
      vertex -9.312990856793023 20.834682672232987 1.8
      vertex -9.4 20.89282032302755 0
    endloop
  endfacet
  facet normal 0.9978589232386036 -0.06540312923014178 0
    outer loop
      vertex -11 20.2 0
      vertex -10.993155889099048 20.30442095377604 1.8
      vertex -11 20.2 1.8
    endloop
  endfacet
  facet normal 0.9807852804032298 -0.19509032201613144 0
    outer loop
      vertex -10.993155889099048 20.30442095377604 0
      vertex -10.972740661031255 20.407055236082016 1.8
      vertex -10.993155889099048 20.30442095377604 1.8
    endloop
  endfacet
  facet normal 0.9469301294951042 -0.321439465303166 0
    outer loop
      vertex -10.972740661031255 20.407055236082016 0
      vertex -10.939103626009029 20.50614674589207 1.8
      vertex -10.972740661031255 20.407055236082016 1.8
    endloop
  endfacet
  facet normal 0.896872741532691 -0.4422886902189956 0
    outer loop
      vertex -10.939103626009029 20.50614674589207 0
      vertex -10.89282032302755 20.6 1.8
      vertex -10.939103626009029 20.50614674589207 1.8
    endloop
  endfacet
  facet normal 0.8314696123025518 -0.5555702330195925 0
    outer loop
      vertex -10.89282032302755 20.6 0
      vertex -10.834682672232988 20.68700914320698 1.8
      vertex -10.89282032302755 20.6 1.8
    endloop
  endfacet
  facet normal 0.7518398074789754 -0.6593458151000713 0
    outer loop
      vertex -10.834682672232988 20.68700914320698 0
      vertex -10.765685424949238 20.76568542494924 1.8
      vertex -10.834682672232988 20.68700914320698 1.8
    endloop
  endfacet
  facet normal 0.6593458151000521 -0.7518398074789922 0
    outer loop
      vertex -10.765685424949238 20.76568542494924 0
      vertex -10.687009143206977 20.834682672232987 1.8
      vertex -10.765685424949238 20.76568542494924 1.8
    endloop
  endfacet
  facet normal 0.5555702330196043 -0.8314696123025439 0
    outer loop
      vertex -10.687009143206977 20.834682672232987 0
      vertex -10.6 20.89282032302755 1.8
      vertex -10.687009143206977 20.834682672232987 1.8
    endloop
  endfacet
  facet normal 0.44228869021900236 -0.8968727415326878 0
    outer loop
      vertex -10.6 20.89282032302755 0
      vertex -10.506146745892071 20.93910362600903 1.8
      vertex -10.6 20.89282032302755 1.8
    endloop
  endfacet
  facet normal 0.3214394653031508 -0.9469301294951095 0
    outer loop
      vertex -10.506146745892071 20.93910362600903 0
      vertex -10.407055236082016 20.972740661031253 1.8
      vertex -10.506146745892071 20.93910362600903 1.8
    endloop
  endfacet
  facet normal 0.1950903220161641 -0.9807852804032233 0
    outer loop
      vertex -10.407055236082016 20.972740661031253 0
      vertex -10.304420953776042 20.99315588909905 1.8
      vertex -10.407055236082016 20.972740661031253 1.8
    endloop
  endfacet
  facet normal 0.06540312923012488 -0.9978589232386048 0
    outer loop
      vertex -10.304420953776042 20.99315588909905 0
      vertex -10.2 21 1.8
      vertex -10.304420953776042 20.99315588909905 1.8
    endloop
  endfacet
  facet normal -0.9978589232386036 -0.06540312923014178 0
    outer loop
      vertex -9.006844110900952 20.30442095377604 0
      vertex -9 20.2 1.8
      vertex -9.006844110900952 20.30442095377604 1.8
    endloop
  endfacet
  facet normal -0.9807852804032298 -0.19509032201613144 0
    outer loop
      vertex -9.027259338968745 20.407055236082016 0
      vertex -9.006844110900952 20.30442095377604 1.8
      vertex -9.027259338968745 20.407055236082016 1.8
    endloop
  endfacet
  facet normal -0.6593458151000521 -0.7518398074789922 0
    outer loop
      vertex -9.312990856793023 20.834682672232987 0
      vertex -9.234314575050762 20.76568542494924 1.8
      vertex -9.312990856793023 20.834682672232987 1.8
    endloop
  endfacet
  facet normal -0.9469301294951042 -0.321439465303166 0
    outer loop
      vertex -9.060896373990971 20.50614674589207 0
      vertex -9.027259338968745 20.407055236082016 1.8
      vertex -9.060896373990971 20.50614674589207 1.8
    endloop
  endfacet
  facet normal -0.896872741532691 -0.4422886902189956 0
    outer loop
      vertex -9.10717967697245 20.6 0
      vertex -9.060896373990971 20.50614674589207 1.8
      vertex -9.10717967697245 20.6 1.8
    endloop
  endfacet
  facet normal -0.8314696123025518 -0.5555702330195925 0
    outer loop
      vertex -9.165317327767012 20.68700914320698 0
      vertex -9.10717967697245 20.6 1.8
      vertex -9.165317327767012 20.68700914320698 1.8
    endloop
  endfacet
  facet normal -0.7518398074789754 -0.6593458151000713 0
    outer loop
      vertex -9.234314575050762 20.76568542494924 0
      vertex -9.165317327767012 20.68700914320698 1.8
      vertex -9.234314575050762 20.76568542494924 1.8
    endloop
  endfacet
  facet normal 0 -1 0
    outer loop
      vertex -10.2 21 0
      vertex -9.8 21 1.8
      vertex -10.2 21 1.8
    endloop
  endfacet
  facet normal -0.06540312923012488 -0.9978589232386048 0
    outer loop
      vertex -9.8 21 0
      vertex -9.695579046223958 20.99315588909905 1.8
      vertex -9.8 21 1.8
    endloop
  endfacet
  facet normal -0.1950903220161641 -0.9807852804032233 0
    outer loop
      vertex -9.695579046223958 20.99315588909905 0
      vertex -9.592944763917984 20.972740661031253 1.8
      vertex -9.695579046223958 20.99315588909905 1.8
    endloop
  endfacet
  facet normal -0.44228869021900236 -0.8968727415326878 0
    outer loop
      vertex -9.493853254107929 20.93910362600903 0
      vertex -9.4 20.89282032302755 1.8
      vertex -9.493853254107929 20.93910362600903 1.8
    endloop
  endfacet
  facet normal -0.3214394653031508 -0.9469301294951095 0
    outer loop
      vertex -9.592944763917984 20.972740661031253 0
      vertex -9.493853254107929 20.93910362600903 1.8
      vertex -9.592944763917984 20.972740661031253 1.8
    endloop
  endfacet
  facet normal -0.5555702330196043 -0.8314696123025439 0
    outer loop
      vertex -9.4 20.89282032302755 0
      vertex -9.312990856793023 20.834682672232987 1.8
      vertex -9.4 20.89282032302755 1.8
    endloop
  endfacet
  facet normal -1 0 0
    outer loop
      vertex -9 5.8 1.8
      vertex -9 20.2 1.8
      vertex -9 20.2 0
    endloop
  endfacet
  facet normal 0.5555702330195984 0.8314696123025478 0
    outer loop
      vertex -5.687009143206977 5.165317327767012 0
      vertex -5.687009143206977 5.165317327767012 1.8
      vertex -5.6 5.107179676972449 0
    endloop
  endfacet
  facet normal 0.7518398074789754 0.6593458151000713 -1.084569498502302e-18
    outer loop
      vertex -5.765685424949238 5.234314575050762 0
      vertex -5.834682672232988 5.312990856793023 0
      vertex -5.834682672232988 5.312990856793023 1.8
    endloop
  endfacet
  facet normal 0.8314696123025452 0.5555702330196023 -2.1340113581924923e-19
    outer loop
      vertex -5.834682672232988 5.312990856793023 0
      vertex -5.892820323027551 5.3999999999999995 0
      vertex -5.892820323027551 5.3999999999999995 1.8
    endloop
  endfacet
  facet normal 0.6593458151000713 0.7518398074789754 -1.084569498502302e-18
    outer loop
      vertex -5.687009143206977 5.165317327767012 0
      vertex -5.765685424949238 5.234314575050762 0
      vertex -5.765685424949238 5.234314575050762 1.8
    endloop
  endfacet
  facet normal 0.44228869021900574 0.8968727415326861 1.6008051018993154e-18
    outer loop
      vertex -5.506146745892072 5.06089637399097 0
      vertex -5.6 5.107179676972449 0
      vertex -5.6 5.107179676972449 1.8
    endloop
  endfacet
  facet normal 0.32143946530315837 0.9469301294951068 0
    outer loop
      vertex -5.506146745892072 5.06089637399097 0
      vertex -5.506146745892072 5.06089637399097 1.8
      vertex -5.407055236082017 5.027259338968745 0
    endloop
  endfacet
  facet normal 0.19509032201612983 0.9807852804032301 0
    outer loop
      vertex -5.407055236082017 5.027259338968745 0
      vertex -5.407055236082017 5.027259338968745 1.8
      vertex -5.304420953776042 5.006844110900952 0
    endloop
  endfacet
  facet normal 0.06540312923014234 0.9978589232386036 0
    outer loop
      vertex -5.304420953776042 5.006844110900952 0
      vertex -5.304420953776042 5.006844110900952 1.8
      vertex -5.2 5 0
    endloop
  endfacet
  facet normal 0 1 0
    outer loop
      vertex -5.2 5 0
      vertex -5.2 5 1.8
      vertex -4.8 5 0
    endloop
  endfacet
  facet normal -0.06540312923014234 0.9978589232386036 0
    outer loop
      vertex -4.8 5 0
      vertex -4.8 5 1.8
      vertex -4.695579046223958 5.006844110900952 0
    endloop
  endfacet
  facet normal -0.19509032201612983 0.9807852804032301 0
    outer loop
      vertex -4.695579046223958 5.006844110900952 0
      vertex -4.695579046223958 5.006844110900952 1.8
      vertex -4.592944763917983 5.027259338968745 0
    endloop
  endfacet
  facet normal -0.32143946530315837 0.9469301294951068 0
    outer loop
      vertex -4.592944763917983 5.027259338968745 0
      vertex -4.592944763917983 5.027259338968745 1.8
      vertex -4.493853254107928 5.06089637399097 0
    endloop
  endfacet
  facet normal 0.8968727415326878 0.44228869021900236 -2.1395056954117714e-19
    outer loop
      vertex -5.892820323027551 5.3999999999999995 0
      vertex -5.93910362600903 5.493853254107928 0
      vertex -5.93910362600903 5.493853254107928 1.8
    endloop
  endfacet
  facet normal 0.9807852804032301 0.19509032201612983 -7.371694190269633e-19
    outer loop
      vertex -5.972740661031255 5.592944763917983 0
      vertex -5.993155889099048 5.695579046223958 0
      vertex -5.993155889099048 5.695579046223958 1.8
    endloop
  endfacet
  facet normal 0.9469301294951068 0.32143946530315837 -9.202877982605408e-19
    outer loop
      vertex -5.93910362600903 5.493853254107928 0
      vertex -5.972740661031255 5.592944763917983 0
      vertex -5.972740661031255 5.592944763917983 1.8
    endloop
  endfacet
  facet normal 0.9978589232386036 0.06540312923014234 1.2066198978382018e-19
    outer loop
      vertex -5.993155889099048 5.695579046223958 0
      vertex -6 5.8 0
      vertex -6 5.8 1.8
    endloop
  endfacet
  facet normal 0.8968727415326878 0.44228869021900236 0
    outer loop
      vertex -5.892820323027551 5.3999999999999995 0
      vertex -5.93910362600903 5.493853254107928 1.8
      vertex -5.892820323027551 5.3999999999999995 1.8
    endloop
  endfacet
  facet normal 0.6593458151000713 0.7518398074789754 0
    outer loop
      vertex -5.687009143206977 5.165317327767012 0
      vertex -5.765685424949238 5.234314575050762 1.8
      vertex -5.687009143206977 5.165317327767012 1.8
    endloop
  endfacet
  facet normal 0.5555702330195984 0.8314696123025478 0
    outer loop
      vertex -5.6 5.107179676972449 0
      vertex -5.687009143206977 5.165317327767012 1.8
      vertex -5.6 5.107179676972449 1.8
    endloop
  endfacet
  facet normal 0.7518398074789754 0.6593458151000713 0
    outer loop
      vertex -5.765685424949238 5.234314575050762 0
      vertex -5.834682672232988 5.312990856793023 1.8
      vertex -5.765685424949238 5.234314575050762 1.8
    endloop
  endfacet
  facet normal 0.8314696123025452 0.5555702330196023 0
    outer loop
      vertex -5.834682672232988 5.312990856793023 0
      vertex -5.892820323027551 5.3999999999999995 1.8
      vertex -5.834682672232988 5.312990856793023 1.8
    endloop
  endfacet
  facet normal 0.44228869021900574 0.8968727415326861 0
    outer loop
      vertex -5.506146745892072 5.06089637399097 0
      vertex -5.6 5.107179676972449 1.8
      vertex -5.506146745892072 5.06089637399097 1.8
    endloop
  endfacet
  facet normal 0.32143946530315837 0.9469301294951068 0
    outer loop
      vertex -5.407055236082017 5.027259338968745 0
      vertex -5.506146745892072 5.06089637399097 1.8
      vertex -5.407055236082017 5.027259338968745 1.8
    endloop
  endfacet
  facet normal 0.19509032201612983 0.9807852804032301 0
    outer loop
      vertex -5.304420953776042 5.006844110900952 0
      vertex -5.407055236082017 5.027259338968745 1.8
      vertex -5.304420953776042 5.006844110900952 1.8
    endloop
  endfacet
  facet normal 0.06540312923014234 0.9978589232386036 0
    outer loop
      vertex -5.2 5 0
      vertex -5.304420953776042 5.006844110900952 1.8
      vertex -5.2 5 1.8
    endloop
  endfacet
  facet normal 0 1 0
    outer loop
      vertex -4.8 5 0
      vertex -5.2 5 1.8
      vertex -4.8 5 1.8
    endloop
  endfacet
  facet normal -0.06540312923014234 0.9978589232386036 0
    outer loop
      vertex -4.695579046223958 5.006844110900952 0
      vertex -4.8 5 1.8
      vertex -4.695579046223958 5.006844110900952 1.8
    endloop
  endfacet
  facet normal -0.19509032201612983 0.9807852804032301 0
    outer loop
      vertex -4.592944763917983 5.027259338968745 0
      vertex -4.695579046223958 5.006844110900952 1.8
      vertex -4.592944763917983 5.027259338968745 1.8
    endloop
  endfacet
  facet normal -0.32143946530315837 0.9469301294951068 0
    outer loop
      vertex -4.493853254107928 5.06089637399097 0
      vertex -4.592944763917983 5.027259338968745 1.8
      vertex -4.493853254107928 5.06089637399097 1.8
    endloop
  endfacet
  facet normal 0.9469301294951068 0.32143946530315837 0
    outer loop
      vertex -5.93910362600903 5.493853254107928 0
      vertex -5.972740661031255 5.592944763917983 1.8
      vertex -5.93910362600903 5.493853254107928 1.8
    endloop
  endfacet
  facet normal 0.9807852804032301 0.19509032201612983 0
    outer loop
      vertex -5.972740661031255 5.592944763917983 0
      vertex -5.993155889099048 5.695579046223958 1.8
      vertex -5.972740661031255 5.592944763917983 1.8
    endloop
  endfacet
  facet normal 0.9978589232386036 0.06540312923014234 0
    outer loop
      vertex -5.993155889099048 5.695579046223958 0
      vertex -6 5.8 1.8
      vertex -5.993155889099048 5.695579046223958 1.8
    endloop
  endfacet
  facet normal -0.44228869021900574 0.8968727415326861 0
    outer loop
      vertex -4.493853254107928 5.06089637399097 0
      vertex -4.493853254107928 5.06089637399097 1.8
      vertex -4.4 5.107179676972449 0
    endloop
  endfacet
  facet normal -0.5555702330195984 0.8314696123025478 0
    outer loop
      vertex -4.4 5.107179676972449 0
      vertex -4.4 5.107179676972449 1.8
      vertex -4.312990856793023 5.165317327767012 0
    endloop
  endfacet
  facet normal -0.6593458151000713 0.7518398074789754 0
    outer loop
      vertex -4.312990856793023 5.165317327767012 0
      vertex -4.312990856793023 5.165317327767012 1.8
      vertex -4.234314575050762 5.234314575050762 0
    endloop
  endfacet
  facet normal -0.7518398074789754 0.6593458151000713 0
    outer loop
      vertex -4.234314575050762 5.234314575050762 0
      vertex -4.234314575050762 5.234314575050762 1.8
      vertex -4.165317327767012 5.312990856793023 0
    endloop
  endfacet
  facet normal -0.8314696123025452 0.5555702330196023 0
    outer loop
      vertex -4.165317327767012 5.312990856793023 0
      vertex -4.165317327767012 5.312990856793023 1.8
      vertex -4.107179676972449 5.3999999999999995 0
    endloop
  endfacet
  facet normal -0.8968727415326878 0.44228869021900236 0
    outer loop
      vertex -4.107179676972449 5.3999999999999995 0
      vertex -4.107179676972449 5.3999999999999995 1.8
      vertex -4.06089637399097 5.493853254107928 0
    endloop
  endfacet
  facet normal -0.9469301294951068 0.32143946530315837 0
    outer loop
      vertex -4.06089637399097 5.493853254107928 0
      vertex -4.06089637399097 5.493853254107928 1.8
      vertex -4.027259338968745 5.592944763917983 0
    endloop
  endfacet
  facet normal -0.9807852804032301 0.19509032201612983 0
    outer loop
      vertex -4.027259338968745 5.592944763917983 0
      vertex -4.027259338968745 5.592944763917983 1.8
      vertex -4.006844110900952 5.695579046223958 0
    endloop
  endfacet
  facet normal -0.9978589232386036 0.06540312923014234 0
    outer loop
      vertex -4.006844110900952 5.695579046223958 0
      vertex -4.006844110900952 5.695579046223958 1.8
      vertex -4 5.8 0
    endloop
  endfacet
  facet normal -0.44228869021900574 0.8968727415326861 0
    outer loop
      vertex -4.4 5.107179676972449 0
      vertex -4.493853254107928 5.06089637399097 1.8
      vertex -4.4 5.107179676972449 1.8
    endloop
  endfacet
  facet normal -0.5555702330195984 0.8314696123025478 0
    outer loop
      vertex -4.312990856793023 5.165317327767012 0
      vertex -4.4 5.107179676972449 1.8
      vertex -4.312990856793023 5.165317327767012 1.8
    endloop
  endfacet
  facet normal -0.6593458151000713 0.7518398074789754 0
    outer loop
      vertex -4.234314575050762 5.234314575050762 0
      vertex -4.312990856793023 5.165317327767012 1.8
      vertex -4.234314575050762 5.234314575050762 1.8
    endloop
  endfacet
  facet normal -0.7518398074789754 0.6593458151000713 0
    outer loop
      vertex -4.165317327767012 5.312990856793023 0
      vertex -4.234314575050762 5.234314575050762 1.8
      vertex -4.165317327767012 5.312990856793023 1.8
    endloop
  endfacet
  facet normal -0.8314696123025452 0.5555702330196023 0
    outer loop
      vertex -4.107179676972449 5.3999999999999995 0
      vertex -4.165317327767012 5.312990856793023 1.8
      vertex -4.107179676972449 5.3999999999999995 1.8
    endloop
  endfacet
  facet normal -0.8968727415326878 0.44228869021900236 0
    outer loop
      vertex -4.06089637399097 5.493853254107928 0
      vertex -4.107179676972449 5.3999999999999995 1.8
      vertex -4.06089637399097 5.493853254107928 1.8
    endloop
  endfacet
  facet normal -0.9469301294951068 0.32143946530315837 0
    outer loop
      vertex -4.027259338968745 5.592944763917983 0
      vertex -4.06089637399097 5.493853254107928 1.8
      vertex -4.027259338968745 5.592944763917983 1.8
    endloop
  endfacet
  facet normal -0.9807852804032301 0.19509032201612983 0
    outer loop
      vertex -4.006844110900952 5.695579046223958 0
      vertex -4.027259338968745 5.592944763917983 1.8
      vertex -4.006844110900952 5.695579046223958 1.8
    endloop
  endfacet
  facet normal -0.9978589232386036 0.06540312923014234 0
    outer loop
      vertex -4 5.8 0
      vertex -4.006844110900952 5.695579046223958 1.8
      vertex -4 5.8 1.8
    endloop
  endfacet
  facet normal 1 0 0
    outer loop
      vertex -6 5.8 0
      vertex -6 20.2 1.8
      vertex -6 5.8 1.8
    endloop
  endfacet
  facet normal -1 0 0
    outer loop
      vertex -4 5.8 0
      vertex -4 5.8 1.8
      vertex -4 20.2 0
    endloop
  endfacet
  facet normal 1 0 0
    outer loop
      vertex -6 5.8 0
      vertex -6 20.2 0
      vertex -6 20.2 1.8
    endloop
  endfacet
  facet normal 0.9978589232386036 -0.06540312923014178 -8.212196360405547e-20
    outer loop
      vertex -6 20.2 0
      vertex -5.993155889099048 20.30442095377604 0
      vertex -5.993155889099048 20.30442095377604 1.8
    endloop
  endfacet
  facet normal 0.9807852804032298 -0.19509032201613144 -1.1286592375285762e-18
    outer loop
      vertex -5.993155889099048 20.30442095377604 0
      vertex -5.972740661031255 20.407055236082016 0
      vertex -5.972740661031255 20.407055236082016 1.8
    endloop
  endfacet
  facet normal 0.9469301294951068 -0.32143946530315837 9.202877982605408e-19
    outer loop
      vertex -5.972740661031255 20.407055236082016 0
      vertex -5.93910362600903 20.50614674589207 0
      vertex -5.93910362600903 20.50614674589207 1.8
    endloop
  endfacet
  facet normal 0.896872741532691 -0.4422886902189956 -7.613218904307929e-19
    outer loop
      vertex -5.93910362600903 20.50614674589207 0
      vertex -5.892820323027551 20.6 0
      vertex -5.892820323027551 20.6 1.8
    endloop
  endfacet
  facet normal 0.8314696123025478 -0.5555702330195984 -1.9372428154817605e-18
    outer loop
      vertex -5.892820323027551 20.6 0
      vertex -5.834682672232988 20.68700914320698 0
      vertex -5.834682672232988 20.68700914320698 1.8
    endloop
  endfacet
  facet normal 0.7518398074789754 -0.6593458151000713 1.084569498502302e-18
    outer loop
      vertex -5.834682672232988 20.68700914320698 0
      vertex -5.765685424949238 20.76568542494924 0
      vertex -5.765685424949238 20.76568542494924 1.8
    endloop
  endfacet
  facet normal 0.6593458151000521 -0.7518398074789922 -1.0369503689178436e-19
    outer loop
      vertex -5.765685424949238 20.76568542494924 0
      vertex -5.687009143206977 20.834682672232987 0
      vertex -5.687009143206977 20.834682672232987 1.8
    endloop
  endfacet
  facet normal 0.5555702330196043 -0.8314696123025439 -1.4889088896431484e-18
    outer loop
      vertex -5.687009143206977 20.834682672232987 0
      vertex -5.6 20.89282032302755 0
      vertex -5.6 20.89282032302755 1.8
    endloop
  endfacet
  facet normal 0.44228869021900574 -0.8968727415326861 -1.6008051018993154e-18
    outer loop
      vertex -5.6 20.89282032302755 0
      vertex -5.506146745892072 20.93910362600903 0
      vertex -5.506146745892072 20.93910362600903 1.8
    endloop
  endfacet
  facet normal 0.3214394653031508 -0.9469301294951095 1.0597849092829801e-18
    outer loop
      vertex -5.506146745892072 20.93910362600903 0
      vertex -5.407055236082017 20.972740661031253 0
      vertex -5.407055236082017 20.972740661031253 1.8
    endloop
  endfacet
  facet normal 0.1950903220161625 -0.9807852804032235 2.3073679420672404e-19
    outer loop
      vertex -5.407055236082017 20.972740661031253 0
      vertex -5.304420953776042 20.99315588909905 0
      vertex -5.304420953776042 20.99315588909905 1.8
    endloop
  endfacet
  facet normal 0.06540312923012544 -0.9978589232386046 -2.448340541939272e-20
    outer loop
      vertex -5.304420953776042 20.99315588909905 0
      vertex -5.2 21 0
      vertex -5.2 21 1.8
    endloop
  endfacet
  facet normal 0 -1 0
    outer loop
      vertex -5.2 21 0
      vertex -4.8 21 0
      vertex -4.8 21 1.8
    endloop
  endfacet
  facet normal -0.06540312923012544 -0.9978589232386046 2.448340541939272e-20
    outer loop
      vertex -4.8 21 0
      vertex -4.695579046223958 20.99315588909905 0
      vertex -4.695579046223958 20.99315588909905 1.8
    endloop
  endfacet
  facet normal -0.3214394653031508 -0.9469301294951095 -1.0597849092829801e-18
    outer loop
      vertex -4.592944763917983 20.972740661031253 0
      vertex -4.493853254107928 20.93910362600903 0
      vertex -4.493853254107928 20.93910362600903 1.8
    endloop
  endfacet
  facet normal -0.1950903220161625 -0.9807852804032235 -2.3073679420672404e-19
    outer loop
      vertex -4.695579046223958 20.99315588909905 0
      vertex -4.592944763917983 20.972740661031253 0
      vertex -4.592944763917983 20.972740661031253 1.8
    endloop
  endfacet
  facet normal 0.9978589232386036 -0.06540312923014178 0
    outer loop
      vertex -6 20.2 0
      vertex -5.993155889099048 20.30442095377604 1.8
      vertex -6 20.2 1.8
    endloop
  endfacet
  facet normal 0.9807852804032298 -0.19509032201613144 0
    outer loop
      vertex -5.993155889099048 20.30442095377604 0
      vertex -5.972740661031255 20.407055236082016 1.8
      vertex -5.993155889099048 20.30442095377604 1.8
    endloop
  endfacet
  facet normal 0.9469301294951068 -0.32143946530315837 0
    outer loop
      vertex -5.972740661031255 20.407055236082016 0
      vertex -5.93910362600903 20.50614674589207 1.8
      vertex -5.972740661031255 20.407055236082016 1.8
    endloop
  endfacet
  facet normal 0.896872741532691 -0.4422886902189956 0
    outer loop
      vertex -5.93910362600903 20.50614674589207 0
      vertex -5.892820323027551 20.6 1.8
      vertex -5.93910362600903 20.50614674589207 1.8
    endloop
  endfacet
  facet normal 0.8314696123025478 -0.5555702330195984 0
    outer loop
      vertex -5.892820323027551 20.6 0
      vertex -5.834682672232988 20.68700914320698 1.8
      vertex -5.892820323027551 20.6 1.8
    endloop
  endfacet
  facet normal 0.7518398074789754 -0.6593458151000713 0
    outer loop
      vertex -5.834682672232988 20.68700914320698 0
      vertex -5.765685424949238 20.76568542494924 1.8
      vertex -5.834682672232988 20.68700914320698 1.8
    endloop
  endfacet
  facet normal 0.6593458151000521 -0.7518398074789922 0
    outer loop
      vertex -5.765685424949238 20.76568542494924 0
      vertex -5.687009143206977 20.834682672232987 1.8
      vertex -5.765685424949238 20.76568542494924 1.8
    endloop
  endfacet
  facet normal 0.5555702330196043 -0.8314696123025439 0
    outer loop
      vertex -5.687009143206977 20.834682672232987 0
      vertex -5.6 20.89282032302755 1.8
      vertex -5.687009143206977 20.834682672232987 1.8
    endloop
  endfacet
  facet normal 0.44228869021900574 -0.8968727415326861 0
    outer loop
      vertex -5.6 20.89282032302755 0
      vertex -5.506146745892072 20.93910362600903 1.8
      vertex -5.6 20.89282032302755 1.8
    endloop
  endfacet
  facet normal 0.3214394653031508 -0.9469301294951095 0
    outer loop
      vertex -5.506146745892072 20.93910362600903 0
      vertex -5.407055236082017 20.972740661031253 1.8
      vertex -5.506146745892072 20.93910362600903 1.8
    endloop
  endfacet
  facet normal 0.1950903220161625 -0.9807852804032235 0
    outer loop
      vertex -5.407055236082017 20.972740661031253 0
      vertex -5.304420953776042 20.99315588909905 1.8
      vertex -5.407055236082017 20.972740661031253 1.8
    endloop
  endfacet
  facet normal 0.06540312923012544 -0.9978589232386046 0
    outer loop
      vertex -5.304420953776042 20.99315588909905 0
      vertex -5.2 21 1.8
      vertex -5.304420953776042 20.99315588909905 1.8
    endloop
  endfacet
  facet normal 0 -1 0
    outer loop
      vertex -5.2 21 0
      vertex -4.8 21 1.8
      vertex -5.2 21 1.8
    endloop
  endfacet
  facet normal -0.06540312923012544 -0.9978589232386046 0
    outer loop
      vertex -4.8 21 0
      vertex -4.695579046223958 20.99315588909905 1.8
      vertex -4.8 21 1.8
    endloop
  endfacet
  facet normal -0.1950903220161625 -0.9807852804032235 0
    outer loop
      vertex -4.695579046223958 20.99315588909905 0
      vertex -4.592944763917983 20.972740661031253 1.8
      vertex -4.695579046223958 20.99315588909905 1.8
    endloop
  endfacet
  facet normal -0.3214394653031508 -0.9469301294951095 0
    outer loop
      vertex -4.592944763917983 20.972740661031253 0
      vertex -4.493853254107928 20.93910362600903 1.8
      vertex -4.592944763917983 20.972740661031253 1.8
    endloop
  endfacet
  facet normal -1 0 0
    outer loop
      vertex -4 5.8 1.8
      vertex -4 20.2 1.8
      vertex -4 20.2 0
    endloop
  endfacet
  facet normal -0.9978589232386036 -0.06540312923014178 0
    outer loop
      vertex -4 20.2 0
      vertex -4 20.2 1.8
      vertex -4.006844110900952 20.30442095377604 0
    endloop
  endfacet
  facet normal -0.9807852804032298 -0.19509032201613144 0
    outer loop
      vertex -4.006844110900952 20.30442095377604 0
      vertex -4.006844110900952 20.30442095377604 1.8
      vertex -4.027259338968745 20.407055236082016 0
    endloop
  endfacet
  facet normal -0.6593458151000521 -0.7518398074789922 1.0369503689178436e-19
    outer loop
      vertex -4.312990856793023 20.834682672232987 0
      vertex -4.234314575050762 20.76568542494924 0
      vertex -4.234314575050762 20.76568542494924 1.8
    endloop
  endfacet
  facet normal -0.9469301294951068 -0.32143946530315837 0
    outer loop
      vertex -4.027259338968745 20.407055236082016 0
      vertex -4.027259338968745 20.407055236082016 1.8
      vertex -4.06089637399097 20.50614674589207 0
    endloop
  endfacet
  facet normal -0.896872741532691 -0.4422886902189956 7.613218904307929e-19
    outer loop
      vertex -4.107179676972449 20.6 0
      vertex -4.06089637399097 20.50614674589207 0
      vertex -4.06089637399097 20.50614674589207 1.8
    endloop
  endfacet
  facet normal -0.7518398074789754 -0.6593458151000713 -1.084569498502302e-18
    outer loop
      vertex -4.234314575050762 20.76568542494924 0
      vertex -4.165317327767012 20.68700914320698 0
      vertex -4.165317327767012 20.68700914320698 1.8
    endloop
  endfacet
  facet normal -0.8314696123025478 -0.5555702330195984 0
    outer loop
      vertex -4.107179676972449 20.6 0
      vertex -4.107179676972449 20.6 1.8
      vertex -4.165317327767012 20.68700914320698 0
    endloop
  endfacet
  facet normal -0.44228869021900574 -0.8968727415326861 1.6008051018993154e-18
    outer loop
      vertex -4.493853254107928 20.93910362600903 0
      vertex -4.4 20.89282032302755 0
      vertex -4.4 20.89282032302755 1.8
    endloop
  endfacet
  facet normal -0.5555702330196043 -0.8314696123025439 0
    outer loop
      vertex -4.312990856793023 20.834682672232987 0
      vertex -4.312990856793023 20.834682672232987 1.8
      vertex -4.4 20.89282032302755 0
    endloop
  endfacet
  facet normal -0.9978589232386036 -0.06540312923014178 0
    outer loop
      vertex -4.006844110900952 20.30442095377604 0
      vertex -4 20.2 1.8
      vertex -4.006844110900952 20.30442095377604 1.8
    endloop
  endfacet
  facet normal -0.9807852804032298 -0.19509032201613144 0
    outer loop
      vertex -4.027259338968745 20.407055236082016 0
      vertex -4.006844110900952 20.30442095377604 1.8
      vertex -4.027259338968745 20.407055236082016 1.8
    endloop
  endfacet
  facet normal -0.6593458151000521 -0.7518398074789922 0
    outer loop
      vertex -4.312990856793023 20.834682672232987 0
      vertex -4.234314575050762 20.76568542494924 1.8
      vertex -4.312990856793023 20.834682672232987 1.8
    endloop
  endfacet
  facet normal -0.896872741532691 -0.4422886902189956 0
    outer loop
      vertex -4.107179676972449 20.6 0
      vertex -4.06089637399097 20.50614674589207 1.8
      vertex -4.107179676972449 20.6 1.8
    endloop
  endfacet
  facet normal -0.9469301294951068 -0.32143946530315837 0
    outer loop
      vertex -4.06089637399097 20.50614674589207 0
      vertex -4.027259338968745 20.407055236082016 1.8
      vertex -4.06089637399097 20.50614674589207 1.8
    endloop
  endfacet
  facet normal -0.8314696123025478 -0.5555702330195984 0
    outer loop
      vertex -4.165317327767012 20.68700914320698 0
      vertex -4.107179676972449 20.6 1.8
      vertex -4.165317327767012 20.68700914320698 1.8
    endloop
  endfacet
  facet normal -0.7518398074789754 -0.6593458151000713 0
    outer loop
      vertex -4.234314575050762 20.76568542494924 0
      vertex -4.165317327767012 20.68700914320698 1.8
      vertex -4.234314575050762 20.76568542494924 1.8
    endloop
  endfacet
  facet normal -0.44228869021900574 -0.8968727415326861 0
    outer loop
      vertex -4.493853254107928 20.93910362600903 0
      vertex -4.4 20.89282032302755 1.8
      vertex -4.493853254107928 20.93910362600903 1.8
    endloop
  endfacet
  facet normal -0.5555702330196043 -0.8314696123025439 0
    outer loop
      vertex -4.4 20.89282032302755 0
      vertex -4.312990856793023 20.834682672232987 1.8
      vertex -4.4 20.89282032302755 1.8
    endloop
  endfacet
  facet normal 0.8314696123025442 0.5555702330196037 0
    outer loop
      vertex -0.8928203230275509 5.3999999999999995 0
      vertex -0.8928203230275509 5.3999999999999995 1.4
      vertex -0.8346826722329881 5.312990856793023 0
    endloop
  endfacet
  facet normal 0.4422886902190044 0.8968727415326867 0
    outer loop
      vertex -0.6 5.107179676972449 0
      vertex -0.6 5.107179676972449 1.4
      vertex -0.5061467458920719 5.06089637399097 0
    endloop
  endfacet
  facet normal 0.5555702330196008 0.8314696123025462 0
    outer loop
      vertex -0.6870091432069765 5.165317327767012 0
      vertex -0.6870091432069765 5.165317327767012 1.4
      vertex -0.6 5.107179676972449 0
    endloop
  endfacet
  facet normal 0.7518398074789768 0.6593458151000694 0
    outer loop
      vertex -0.8346826722329881 5.312990856793023 0
      vertex -0.8346826722329881 5.312990856793023 1.4
      vertex -0.7656854249492381 5.234314575050762 0
    endloop
  endfacet
  facet normal 0.6593458151000696 0.7518398074789767 1.595711562177215e-18
    outer loop
      vertex -0.6870091432069765 5.165317327767012 0
      vertex -0.7656854249492381 5.234314575050762 0
      vertex -0.7656854249492381 5.234314575050762 1.4
    endloop
  endfacet
  facet normal 0.3214394653031577 0.9469301294951069 0
    outer loop
      vertex -0.5061467458920719 5.06089637399097 0
      vertex -0.5061467458920719 5.06089637399097 1.4
      vertex -0.40705523608201655 5.027259338968745 0
    endloop
  endfacet
  facet normal 0.19509032201612952 0.9807852804032303 0
    outer loop
      vertex -0.40705523608201655 5.027259338968745 0
      vertex -0.40705523608201655 5.027259338968745 1.4
      vertex -0.3044209537760412 5.006844110900952 0
    endloop
  endfacet
  facet normal 0.06540312923014244 0.9978589232386035 0
    outer loop
      vertex -0.3044209537760412 5.006844110900952 0
      vertex -0.3044209537760412 5.006844110900952 1.4
      vertex -0.19999999999999996 5 0
    endloop
  endfacet
  facet normal 0 1 0
    outer loop
      vertex -0.19999999999999996 5 0
      vertex -0.19999999999999996 5 1.4
      vertex 0.19999999999999996 5 0
    endloop
  endfacet
  facet normal 0.9807852804032307 0.19509032201612783 6.76637982609649e-19
    outer loop
      vertex -0.9727406610312547 5.592944763917983 0
      vertex -0.9931558890990483 5.695579046223958 0
      vertex -0.9931558890990483 5.695579046223958 1.4
    endloop
  endfacet
  facet normal 0.8968727415326891 0.4422886902189999 -4.0336505401229065e-20
    outer loop
      vertex -0.8928203230275509 5.3999999999999995 0
      vertex -0.9391036260090294 5.493853254107928 0
      vertex -0.9391036260090294 5.493853254107928 1.4
    endloop
  endfacet
  facet normal 0.9469301294951056 0.32143946530316225 3.8655862452504213e-19
    outer loop
      vertex -0.9391036260090294 5.493853254107928 0
      vertex -0.9727406610312547 5.592944763917983 0
      vertex -0.9727406610312547 5.592944763917983 1.4
    endloop
  endfacet
  facet normal 0.9978589232386035 0.0654031292301434 2.09118888985353e-19
    outer loop
      vertex -0.9931558890990483 5.695579046223958 0
      vertex -1 5.8 0
      vertex -1 5.8 1.4
    endloop
  endfacet
  facet normal 0.8314696123025442 0.5555702330196037 0
    outer loop
      vertex -0.8346826722329881 5.312990856793023 0
      vertex -0.8928203230275509 5.3999999999999995 1.4
      vertex -0.8346826722329881 5.312990856793023 1.4
    endloop
  endfacet
  facet normal 0.8968727415326891 0.4422886902189999 0
    outer loop
      vertex -0.8928203230275509 5.3999999999999995 0
      vertex -0.9391036260090294 5.493853254107928 1.4
      vertex -0.8928203230275509 5.3999999999999995 1.4
    endloop
  endfacet
  facet normal 0.6593458151000696 0.7518398074789767 0
    outer loop
      vertex -0.6870091432069765 5.165317327767012 0
      vertex -0.7656854249492381 5.234314575050762 1.4
      vertex -0.6870091432069765 5.165317327767012 1.4
    endloop
  endfacet
  facet normal 0.5555702330196008 0.8314696123025462 0
    outer loop
      vertex -0.6 5.107179676972449 0
      vertex -0.6870091432069765 5.165317327767012 1.4
      vertex -0.6 5.107179676972449 1.4
    endloop
  endfacet
  facet normal 0.7518398074789768 0.6593458151000694 0
    outer loop
      vertex -0.7656854249492381 5.234314575050762 0
      vertex -0.8346826722329881 5.312990856793023 1.4
      vertex -0.7656854249492381 5.234314575050762 1.4
    endloop
  endfacet
  facet normal 0.4422886902190044 0.8968727415326867 0
    outer loop
      vertex -0.5061467458920719 5.06089637399097 0
      vertex -0.6 5.107179676972449 1.4
      vertex -0.5061467458920719 5.06089637399097 1.4
    endloop
  endfacet
  facet normal 0.3214394653031577 0.9469301294951069 0
    outer loop
      vertex -0.40705523608201655 5.027259338968745 0
      vertex -0.5061467458920719 5.06089637399097 1.4
      vertex -0.40705523608201655 5.027259338968745 1.4
    endloop
  endfacet
  facet normal 0.19509032201612952 0.9807852804032303 0
    outer loop
      vertex -0.3044209537760412 5.006844110900952 0
      vertex -0.40705523608201655 5.027259338968745 1.4
      vertex -0.3044209537760412 5.006844110900952 1.4
    endloop
  endfacet
  facet normal 0.06540312923014244 0.9978589232386035 0
    outer loop
      vertex -0.19999999999999996 5 0
      vertex -0.3044209537760412 5.006844110900952 1.4
      vertex -0.19999999999999996 5 1.4
    endloop
  endfacet
  facet normal 0.9469301294951056 0.32143946530316225 0
    outer loop
      vertex -0.9391036260090294 5.493853254107928 0
      vertex -0.9727406610312547 5.592944763917983 1.4
      vertex -0.9391036260090294 5.493853254107928 1.4
    endloop
  endfacet
  facet normal 0.9807852804032307 0.19509032201612783 0
    outer loop
      vertex -0.9727406610312547 5.592944763917983 0
      vertex -0.9931558890990483 5.695579046223958 1.4
      vertex -0.9727406610312547 5.592944763917983 1.4
    endloop
  endfacet
  facet normal 0.9978589232386035 0.0654031292301434 0
    outer loop
      vertex -0.9931558890990483 5.695579046223958 0
      vertex -1 5.8 1.4
      vertex -0.9931558890990483 5.695579046223958 1.4
    endloop
  endfacet
  facet normal 1 0 0
    outer loop
      vertex -1 5.8 0
      vertex -1 15.25 1.4
      vertex -1 5.8 1.4
    endloop
  endfacet
  facet normal 1 0 0
    outer loop
      vertex -1 5.8 0
      vertex -1 20.2 1.8
      vertex -1 15.25 1.4
    endloop
  endfacet
  facet normal 1 0 0
    outer loop
      vertex -1 5.8 0
      vertex -1 20.2 0
      vertex -1 20.2 1.8
    endloop
  endfacet
  facet normal 0.9978589232386036 -0.06540312923014285 -1.241079985860971e-19
    outer loop
      vertex -1 20.2 0
      vertex -0.9931558890990483 20.30442095377604 0
      vertex -0.9931558890990483 20.30442095377604 1.8
    endloop
  endfacet
  facet normal 0.9807852804032302 -0.1950903220161294 -8.971074160216742e-20
    outer loop
      vertex -0.9931558890990483 20.30442095377604 0
      vertex -0.9727406610312547 20.407055236082016 0
      vertex -0.9727406610312547 20.407055236082016 1.8
    endloop
  endfacet
  facet normal 0.9469301294951055 -0.3214394653031622 -3.006567079639216e-19
    outer loop
      vertex -0.9727406610312547 20.407055236082016 0
      vertex -0.9391036260090294 20.50614674589207 0
      vertex -0.9391036260090294 20.50614674589207 1.8
    endloop
  endfacet
  facet normal 0.8968727415326924 -0.4422886902189931 -9.438996224408203e-19
    outer loop
      vertex -0.9391036260090294 20.50614674589207 0
      vertex -0.8928203230275509 20.6 0
      vertex -0.8928203230275509 20.6 1.8
    endloop
  endfacet
  facet normal 0.8314696123025469 -0.5555702330195998 -6.7396338330887e-19
    outer loop
      vertex -0.8928203230275509 20.6 0
      vertex -0.8346826722329881 20.68700914320698 0
      vertex -0.8346826722329881 20.68700914320698 1.8
    endloop
  endfacet
  facet normal 0.7518398074789769 -0.6593458151000694 1.0977273527417493e-19
    outer loop
      vertex -0.8346826722329881 20.68700914320698 0
      vertex -0.7656854249492381 20.76568542494924 0
      vertex -0.7656854249492381 20.76568542494924 1.8
    endloop
  endfacet
  facet normal 0.6593458151000505 -0.7518398074789935 2.175410274648144e-18
    outer loop
      vertex -0.7656854249492381 20.76568542494924 0
      vertex -0.6870091432069765 20.834682672232987 0
      vertex -0.6870091432069765 20.834682672232987 1.8
    endloop
  endfacet
  facet normal 0.5555702330196067 -0.8314696123025421 2.1576354813438332e-18
    outer loop
      vertex -0.6870091432069765 20.834682672232987 0
      vertex -0.6 20.89282032302755 0
      vertex -0.6 20.89282032302755 1.8
    endloop
  endfacet
  facet normal 0.44228869021900447 -0.8968727415326867 1.957718151673975e-18
    outer loop
      vertex -0.6 20.89282032302755 0
      vertex -0.5061467458920719 20.93910362600903 0
      vertex -0.5061467458920719 20.93910362600903 1.8
    endloop
  endfacet
  facet normal 0.3214394653031502 -0.9469301294951097 -7.311031605320406e-19
    outer loop
      vertex -0.5061467458920719 20.93910362600903 0
      vertex -0.40705523608201655 20.972740661031253 0
      vertex -0.40705523608201655 20.972740661031253 1.8
    endloop
  endfacet
  facet normal 0.1950903220161622 -0.9807852804032237 -1.3891780188174777e-19
    outer loop
      vertex -0.40705523608201655 20.972740661031253 0
      vertex -0.3044209537760412 20.99315588909905 0
      vertex -0.3044209537760412 20.99315588909905 1.8
    endloop
  endfacet
  facet normal 0.06540312923012553 -0.9978589232386046 2.5608932735178286e-19
    outer loop
      vertex -0.3044209537760412 20.99315588909905 0
      vertex -0.19999999999999996 21 0
      vertex -0.19999999999999996 21 1.8
    endloop
  endfacet
  facet normal 0.9978589232386036 -0.06540312923014285 0
    outer loop
      vertex -1 20.2 0
      vertex -0.9931558890990483 20.30442095377604 1.8
      vertex -1 20.2 1.8
    endloop
  endfacet
  facet normal 0.9807852804032302 -0.1950903220161294 0
    outer loop
      vertex -0.9931558890990483 20.30442095377604 0
      vertex -0.9727406610312547 20.407055236082016 1.8
      vertex -0.9931558890990483 20.30442095377604 1.8
    endloop
  endfacet
  facet normal 0.9469301294951055 -0.3214394653031622 0
    outer loop
      vertex -0.9727406610312547 20.407055236082016 0
      vertex -0.9391036260090294 20.50614674589207 1.8
      vertex -0.9727406610312547 20.407055236082016 1.8
    endloop
  endfacet
  facet normal 0.8968727415326924 -0.4422886902189931 0
    outer loop
      vertex -0.9391036260090294 20.50614674589207 0
      vertex -0.8928203230275509 20.6 1.8
      vertex -0.9391036260090294 20.50614674589207 1.8
    endloop
  endfacet
  facet normal 0.8314696123025469 -0.5555702330195998 0
    outer loop
      vertex -0.8928203230275509 20.6 0
      vertex -0.8346826722329881 20.68700914320698 1.8
      vertex -0.8928203230275509 20.6 1.8
    endloop
  endfacet
  facet normal 0.7518398074789769 -0.6593458151000694 0
    outer loop
      vertex -0.8346826722329881 20.68700914320698 0
      vertex -0.7656854249492381 20.76568542494924 1.8
      vertex -0.8346826722329881 20.68700914320698 1.8
    endloop
  endfacet
  facet normal 0.6593458151000505 -0.7518398074789935 0
    outer loop
      vertex -0.7656854249492381 20.76568542494924 0
      vertex -0.6870091432069765 20.834682672232987 1.8
      vertex -0.7656854249492381 20.76568542494924 1.8
    endloop
  endfacet
  facet normal 0.5555702330196067 -0.8314696123025421 0
    outer loop
      vertex -0.6870091432069765 20.834682672232987 0
      vertex -0.6 20.89282032302755 1.8
      vertex -0.6870091432069765 20.834682672232987 1.8
    endloop
  endfacet
  facet normal 0.44228869021900447 -0.8968727415326867 0
    outer loop
      vertex -0.6 20.89282032302755 0
      vertex -0.5061467458920719 20.93910362600903 1.8
      vertex -0.6 20.89282032302755 1.8
    endloop
  endfacet
  facet normal 0.3214394653031502 -0.9469301294951097 0
    outer loop
      vertex -0.5061467458920719 20.93910362600903 0
      vertex -0.40705523608201655 20.972740661031253 1.8
      vertex -0.5061467458920719 20.93910362600903 1.8
    endloop
  endfacet
  facet normal 0.1950903220161622 -0.9807852804032237 0
    outer loop
      vertex -0.40705523608201655 20.972740661031253 0
      vertex -0.3044209537760412 20.99315588909905 1.8
      vertex -0.40705523608201655 20.972740661031253 1.8
    endloop
  endfacet
  facet normal 0.06540312923012553 -0.9978589232386046 0
    outer loop
      vertex -0.3044209537760412 20.99315588909905 0
      vertex -0.19999999999999996 21 1.8
      vertex -0.3044209537760412 20.99315588909905 1.8
    endloop
  endfacet
  facet normal 0 -1 0
    outer loop
      vertex -0.19999999999999996 21 0
      vertex 0.19999999999999996 21 1.8
      vertex -0.19999999999999996 21 1.8
    endloop
  endfacet
  facet normal 1 0 0
    outer loop
      vertex -1 15.25 1.4
      vertex -1 20.2 1.8
      vertex -1 15.25 1.8
    endloop
  endfacet
  facet normal -0.06540312923014244 0.9978589232386035 0
    outer loop
      vertex 0.19999999999999996 5 0
      vertex 0.19999999999999996 5 1.4
      vertex 0.3044209537760412 5.006844110900952 0
    endloop
  endfacet
  facet normal -0.19509032201612952 0.9807852804032303 0
    outer loop
      vertex 0.3044209537760412 5.006844110900952 0
      vertex 0.3044209537760412 5.006844110900952 1.4
      vertex 0.40705523608201655 5.027259338968745 0
    endloop
  endfacet
  facet normal -0.3214394653031577 0.9469301294951069 0
    outer loop
      vertex 0.40705523608201655 5.027259338968745 0
      vertex 0.40705523608201655 5.027259338968745 1.4
      vertex 0.5061467458920719 5.06089637399097 0
    endloop
  endfacet
  facet normal -0.4422886902190044 0.8968727415326867 0
    outer loop
      vertex 0.5061467458920719 5.06089637399097 0
      vertex 0.5061467458920719 5.06089637399097 1.4
      vertex 0.6 5.107179676972449 0
    endloop
  endfacet
  facet normal -0.5555702330196008 0.8314696123025462 0
    outer loop
      vertex 0.6 5.107179676972449 0
      vertex 0.6 5.107179676972449 1.4
      vertex 0.6870091432069765 5.165317327767012 0
    endloop
  endfacet
  facet normal -0.6593458151000696 0.7518398074789767 0
    outer loop
      vertex 0.6870091432069765 5.165317327767012 0
      vertex 0.6870091432069765 5.165317327767012 1.4
      vertex 0.7656854249492381 5.234314575050762 0
    endloop
  endfacet
  facet normal -0.7518398074789768 0.6593458151000694 0
    outer loop
      vertex 0.7656854249492381 5.234314575050762 0
      vertex 0.7656854249492381 5.234314575050762 1.4
      vertex 0.8346826722329881 5.312990856793023 0
    endloop
  endfacet
  facet normal -0.8314696123025442 0.5555702330196037 0
    outer loop
      vertex 0.8346826722329881 5.312990856793023 0
      vertex 0.8346826722329881 5.312990856793023 1.4
      vertex 0.8928203230275509 5.3999999999999995 0
    endloop
  endfacet
  facet normal -0.8968727415326891 0.4422886902189999 0
    outer loop
      vertex 0.8928203230275509 5.3999999999999995 0
      vertex 0.8928203230275509 5.3999999999999995 1.4
      vertex 0.9391036260090294 5.493853254107928 0
    endloop
  endfacet
  facet normal -0.9469301294951056 0.32143946530316225 0
    outer loop
      vertex 0.9391036260090294 5.493853254107928 0
      vertex 0.9391036260090294 5.493853254107928 1.4
      vertex 0.9727406610312547 5.592944763917983 0
    endloop
  endfacet
  facet normal -0.9807852804032307 0.19509032201612783 0
    outer loop
      vertex 0.9727406610312547 5.592944763917983 0
      vertex 0.9727406610312547 5.592944763917983 1.4
      vertex 0.9931558890990483 5.695579046223958 0
    endloop
  endfacet
  facet normal -0.9978589232386035 0.0654031292301434 0
    outer loop
      vertex 0.9931558890990483 5.695579046223958 0
      vertex 0.9931558890990483 5.695579046223958 1.4
      vertex 1 5.8 0
    endloop
  endfacet
  facet normal 0 1 0
    outer loop
      vertex -0.19999999999999996 5 1.4
      vertex 0.19999999999999996 5 1.4
      vertex 0.19999999999999996 5 0
    endloop
  endfacet
  facet normal -0.06540312923014244 0.9978589232386035 0
    outer loop
      vertex 0.3044209537760412 5.006844110900952 0
      vertex 0.19999999999999996 5 1.4
      vertex 0.3044209537760412 5.006844110900952 1.4
    endloop
  endfacet
  facet normal -0.19509032201612952 0.9807852804032303 0
    outer loop
      vertex 0.40705523608201655 5.027259338968745 0
      vertex 0.3044209537760412 5.006844110900952 1.4
      vertex 0.40705523608201655 5.027259338968745 1.4
    endloop
  endfacet
  facet normal -0.3214394653031577 0.9469301294951069 0
    outer loop
      vertex 0.5061467458920719 5.06089637399097 0
      vertex 0.40705523608201655 5.027259338968745 1.4
      vertex 0.5061467458920719 5.06089637399097 1.4
    endloop
  endfacet
  facet normal -0.4422886902190044 0.8968727415326867 0
    outer loop
      vertex 0.6 5.107179676972449 0
      vertex 0.5061467458920719 5.06089637399097 1.4
      vertex 0.6 5.107179676972449 1.4
    endloop
  endfacet
  facet normal -0.5555702330196008 0.8314696123025462 0
    outer loop
      vertex 0.6870091432069765 5.165317327767012 0
      vertex 0.6 5.107179676972449 1.4
      vertex 0.6870091432069765 5.165317327767012 1.4
    endloop
  endfacet
  facet normal -0.6593458151000696 0.7518398074789767 0
    outer loop
      vertex 0.7656854249492381 5.234314575050762 0
      vertex 0.6870091432069765 5.165317327767012 1.4
      vertex 0.7656854249492381 5.234314575050762 1.4
    endloop
  endfacet
  facet normal -0.7518398074789768 0.6593458151000694 0
    outer loop
      vertex 0.8346826722329881 5.312990856793023 0
      vertex 0.7656854249492381 5.234314575050762 1.4
      vertex 0.8346826722329881 5.312990856793023 1.4
    endloop
  endfacet
  facet normal -0.8314696123025442 0.5555702330196037 0
    outer loop
      vertex 0.8928203230275509 5.3999999999999995 0
      vertex 0.8346826722329881 5.312990856793023 1.4
      vertex 0.8928203230275509 5.3999999999999995 1.4
    endloop
  endfacet
  facet normal -0.8968727415326891 0.4422886902189999 0
    outer loop
      vertex 0.9391036260090294 5.493853254107928 0
      vertex 0.8928203230275509 5.3999999999999995 1.4
      vertex 0.9391036260090294 5.493853254107928 1.4
    endloop
  endfacet
  facet normal -0.9469301294951056 0.32143946530316225 0
    outer loop
      vertex 0.9727406610312547 5.592944763917983 0
      vertex 0.9391036260090294 5.493853254107928 1.4
      vertex 0.9727406610312547 5.592944763917983 1.4
    endloop
  endfacet
  facet normal -0.9807852804032307 0.19509032201612783 0
    outer loop
      vertex 0.9931558890990483 5.695579046223958 0
      vertex 0.9727406610312547 5.592944763917983 1.4
      vertex 0.9931558890990483 5.695579046223958 1.4
    endloop
  endfacet
  facet normal -0.9978589232386035 0.0654031292301434 0
    outer loop
      vertex 1 5.8 0
      vertex 0.9931558890990483 5.695579046223958 1.4
      vertex 1 5.8 1.4
    endloop
  endfacet
  facet normal -1 0 0
    outer loop
      vertex 1 5.8 0
      vertex 1 5.8 1.4
      vertex 1 20.2 0
    endloop
  endfacet
  facet normal -1 0 0
    outer loop
      vertex 1 5.8 1.4
      vertex 1 15.25 1.4
      vertex 1 20.2 0
    endloop
  endfacet
  facet normal -1 0 0
    outer loop
      vertex 1 20.2 0
      vertex 1 15.25 1.4
      vertex 1 15.25 1.8
    endloop
  endfacet
  facet normal -0.9978589232386036 -0.06540312923014285 0
    outer loop
      vertex 1 20.2 0
      vertex 1 20.2 1.8
      vertex 0.9931558890990483 20.30442095377604 0
    endloop
  endfacet
  facet normal -0.9807852804032302 -0.1950903220161294 0
    outer loop
      vertex 0.9931558890990483 20.30442095377604 0
      vertex 0.9931558890990483 20.30442095377604 1.8
      vertex 0.9727406610312547 20.407055236082016 0
    endloop
  endfacet
  facet normal -0.7518398074789769 -0.6593458151000694 0
    outer loop
      vertex 0.8346826722329881 20.68700914320698 0
      vertex 0.8346826722329881 20.68700914320698 1.8
      vertex 0.7656854249492381 20.76568542494924 0
    endloop
  endfacet
  facet normal -0.6593458151000505 -0.7518398074789935 -2.175410274648144e-18
    outer loop
      vertex 0.6870091432069765 20.834682672232987 0
      vertex 0.7656854249492381 20.76568542494924 0
      vertex 0.7656854249492381 20.76568542494924 1.8
    endloop
  endfacet
  facet normal -0.9469301294951055 -0.3214394653031622 0
    outer loop
      vertex 0.9727406610312547 20.407055236082016 0
      vertex 0.9727406610312547 20.407055236082016 1.8
      vertex 0.9391036260090294 20.50614674589207 0
    endloop
  endfacet
  facet normal -0.8968727415326924 -0.4422886902189931 9.438996224408203e-19
    outer loop
      vertex 0.8928203230275509 20.6 0
      vertex 0.9391036260090294 20.50614674589207 0
      vertex 0.9391036260090294 20.50614674589207 1.8
    endloop
  endfacet
  facet normal -0.8314696123025469 -0.5555702330195998 6.7396338330887e-19
    outer loop
      vertex 0.8346826722329881 20.68700914320698 0
      vertex 0.8928203230275509 20.6 0
      vertex 0.8928203230275509 20.6 1.8
    endloop
  endfacet
  facet normal 0 -1 0
    outer loop
      vertex -0.19999999999999996 21 0
      vertex 0.19999999999999996 21 0
      vertex 0.19999999999999996 21 1.8
    endloop
  endfacet
  facet normal -0.06540312923012553 -0.9978589232386046 -2.5608932735178286e-19
    outer loop
      vertex 0.19999999999999996 21 0
      vertex 0.3044209537760412 20.99315588909905 0
      vertex 0.3044209537760412 20.99315588909905 1.8
    endloop
  endfacet
  facet normal -0.1950903220161622 -0.9807852804032237 1.3891780188174777e-19
    outer loop
      vertex 0.3044209537760412 20.99315588909905 0
      vertex 0.40705523608201655 20.972740661031253 0
      vertex 0.40705523608201655 20.972740661031253 1.8
    endloop
  endfacet
  facet normal -0.3214394653031502 -0.9469301294951097 7.311031605320406e-19
    outer loop
      vertex 0.40705523608201655 20.972740661031253 0
      vertex 0.5061467458920719 20.93910362600903 0
      vertex 0.5061467458920719 20.93910362600903 1.8
    endloop
  endfacet
  facet normal -0.44228869021900447 -0.8968727415326867 -1.957718151673975e-18
    outer loop
      vertex 0.5061467458920719 20.93910362600903 0
      vertex 0.6 20.89282032302755 0
      vertex 0.6 20.89282032302755 1.8
    endloop
  endfacet
  facet normal -0.5555702330196067 -0.8314696123025421 0
    outer loop
      vertex 0.6870091432069765 20.834682672232987 0
      vertex 0.6870091432069765 20.834682672232987 1.8
      vertex 0.6 20.89282032302755 0
    endloop
  endfacet
  facet normal -1 0 0
    outer loop
      vertex 1 20.2 0
      vertex 1 15.25 1.8
      vertex 1 20.2 1.8
    endloop
  endfacet
  facet normal -0.9807852804032302 -0.1950903220161294 0
    outer loop
      vertex 0.9727406610312547 20.407055236082016 0
      vertex 0.9931558890990483 20.30442095377604 1.8
      vertex 0.9727406610312547 20.407055236082016 1.8
    endloop
  endfacet
  facet normal -0.9978589232386036 -0.06540312923014285 0
    outer loop
      vertex 0.9931558890990483 20.30442095377604 0
      vertex 1 20.2 1.8
      vertex 0.9931558890990483 20.30442095377604 1.8
    endloop
  endfacet
  facet normal -0.6593458151000505 -0.7518398074789935 0
    outer loop
      vertex 0.6870091432069765 20.834682672232987 0
      vertex 0.7656854249492381 20.76568542494924 1.8
      vertex 0.6870091432069765 20.834682672232987 1.8
    endloop
  endfacet
  facet normal -0.7518398074789769 -0.6593458151000694 0
    outer loop
      vertex 0.7656854249492381 20.76568542494924 0
      vertex 0.8346826722329881 20.68700914320698 1.8
      vertex 0.7656854249492381 20.76568542494924 1.8
    endloop
  endfacet
  facet normal -0.9469301294951055 -0.3214394653031622 0
    outer loop
      vertex 0.9391036260090294 20.50614674589207 0
      vertex 0.9727406610312547 20.407055236082016 1.8
      vertex 0.9391036260090294 20.50614674589207 1.8
    endloop
  endfacet
  facet normal -0.8968727415326924 -0.4422886902189931 0
    outer loop
      vertex 0.8928203230275509 20.6 0
      vertex 0.9391036260090294 20.50614674589207 1.8
      vertex 0.8928203230275509 20.6 1.8
    endloop
  endfacet
  facet normal -0.8314696123025469 -0.5555702330195998 0
    outer loop
      vertex 0.8346826722329881 20.68700914320698 0
      vertex 0.8928203230275509 20.6 1.8
      vertex 0.8346826722329881 20.68700914320698 1.8
    endloop
  endfacet
  facet normal -0.06540312923012553 -0.9978589232386046 0
    outer loop
      vertex 0.19999999999999996 21 0
      vertex 0.3044209537760412 20.99315588909905 1.8
      vertex 0.19999999999999996 21 1.8
    endloop
  endfacet
  facet normal -0.1950903220161622 -0.9807852804032237 0
    outer loop
      vertex 0.3044209537760412 20.99315588909905 0
      vertex 0.40705523608201655 20.972740661031253 1.8
      vertex 0.3044209537760412 20.99315588909905 1.8
    endloop
  endfacet
  facet normal -0.44228869021900447 -0.8968727415326867 0
    outer loop
      vertex 0.5061467458920719 20.93910362600903 0
      vertex 0.6 20.89282032302755 1.8
      vertex 0.5061467458920719 20.93910362600903 1.8
    endloop
  endfacet
  facet normal -0.3214394653031502 -0.9469301294951097 0
    outer loop
      vertex 0.40705523608201655 20.972740661031253 0
      vertex 0.5061467458920719 20.93910362600903 1.8
      vertex 0.40705523608201655 20.972740661031253 1.8
    endloop
  endfacet
  facet normal -0.5555702330196067 -0.8314696123025421 0
    outer loop
      vertex 0.6 20.89282032302755 0
      vertex 0.6870091432069765 20.834682672232987 1.8
      vertex 0.6 20.89282032302755 1.8
    endloop
  endfacet
  facet normal 0.7518398074789754 0.6593458151000713 0
    outer loop
      vertex 4.165317327767012 5.312990856793023 0
      vertex 4.165317327767012 5.312990856793023 1.8
      vertex 4.234314575050762 5.234314575050762 0
    endloop
  endfacet
  facet normal 0.8314696123025452 0.5555702330196023 -2.1340113581924923e-19
    outer loop
      vertex 4.165317327767012 5.312990856793023 0
      vertex 4.107179676972449 5.3999999999999995 0
      vertex 4.107179676972449 5.3999999999999995 1.8
    endloop
  endfacet
  facet normal 0.5555702330195984 0.8314696123025478 0
    outer loop
      vertex 4.312990856793023 5.165317327767012 0
      vertex 4.312990856793023 5.165317327767012 1.8
      vertex 4.4 5.107179676972449 0
    endloop
  endfacet
  facet normal 0.44228869021900574 0.8968727415326861 1.6008051018993154e-18
    outer loop
      vertex 4.493853254107928 5.06089637399097 0
      vertex 4.4 5.107179676972449 0
      vertex 4.4 5.107179676972449 1.8
    endloop
  endfacet
  facet normal 0.6593458151000713 0.7518398074789754 -1.084569498502302e-18
    outer loop
      vertex 4.312990856793023 5.165317327767012 0
      vertex 4.234314575050762 5.234314575050762 0
      vertex 4.234314575050762 5.234314575050762 1.8
    endloop
  endfacet
  facet normal 0.8968727415326878 0.44228869021900236 -2.1395056954117714e-19
    outer loop
      vertex 4.107179676972449 5.3999999999999995 0
      vertex 4.06089637399097 5.493853254107928 0
      vertex 4.06089637399097 5.493853254107928 1.8
    endloop
  endfacet
  facet normal 0.9469301294951068 0.32143946530315837 -9.202877982605408e-19
    outer loop
      vertex 4.06089637399097 5.493853254107928 0
      vertex 4.027259338968745 5.592944763917983 0
      vertex 4.027259338968745 5.592944763917983 1.8
    endloop
  endfacet
  facet normal 0.9807852804032301 0.19509032201612983 -7.371694190269633e-19
    outer loop
      vertex 4.027259338968745 5.592944763917983 0
      vertex 4.006844110900952 5.695579046223958 0
      vertex 4.006844110900952 5.695579046223958 1.8
    endloop
  endfacet
  facet normal 0.9978589232386036 0.06540312923014234 1.2066198978382018e-19
    outer loop
      vertex 4.006844110900952 5.695579046223958 0
      vertex 4 5.8 0
      vertex 4 5.8 1.8
    endloop
  endfacet
  facet normal 0.7518398074789754 0.6593458151000713 0
    outer loop
      vertex 4.234314575050762 5.234314575050762 0
      vertex 4.165317327767012 5.312990856793023 1.8
      vertex 4.234314575050762 5.234314575050762 1.8
    endloop
  endfacet
  facet normal 0.8314696123025452 0.5555702330196023 0
    outer loop
      vertex 4.165317327767012 5.312990856793023 0
      vertex 4.107179676972449 5.3999999999999995 1.8
      vertex 4.165317327767012 5.312990856793023 1.8
    endloop
  endfacet
  facet normal 0.8968727415326878 0.44228869021900236 0
    outer loop
      vertex 4.107179676972449 5.3999999999999995 0
      vertex 4.06089637399097 5.493853254107928 1.8
      vertex 4.107179676972449 5.3999999999999995 1.8
    endloop
  endfacet
  facet normal 0.6593458151000713 0.7518398074789754 0
    outer loop
      vertex 4.312990856793023 5.165317327767012 0
      vertex 4.234314575050762 5.234314575050762 1.8
      vertex 4.312990856793023 5.165317327767012 1.8
    endloop
  endfacet
  facet normal 0.44228869021900574 0.8968727415326861 0
    outer loop
      vertex 4.493853254107928 5.06089637399097 0
      vertex 4.4 5.107179676972449 1.8
      vertex 4.493853254107928 5.06089637399097 1.8
    endloop
  endfacet
  facet normal 0.5555702330195984 0.8314696123025478 0
    outer loop
      vertex 4.4 5.107179676972449 0
      vertex 4.312990856793023 5.165317327767012 1.8
      vertex 4.4 5.107179676972449 1.8
    endloop
  endfacet
  facet normal 0.9469301294951068 0.32143946530315837 0
    outer loop
      vertex 4.06089637399097 5.493853254107928 0
      vertex 4.027259338968745 5.592944763917983 1.8
      vertex 4.06089637399097 5.493853254107928 1.8
    endloop
  endfacet
  facet normal 0.9807852804032301 0.19509032201612983 0
    outer loop
      vertex 4.027259338968745 5.592944763917983 0
      vertex 4.006844110900952 5.695579046223958 1.8
      vertex 4.027259338968745 5.592944763917983 1.8
    endloop
  endfacet
  facet normal 0.9978589232386036 0.06540312923014234 0
    outer loop
      vertex 4.006844110900952 5.695579046223958 0
      vertex 4 5.8 1.8
      vertex 4.006844110900952 5.695579046223958 1.8
    endloop
  endfacet
  facet normal 0.32143946530315837 0.9469301294951068 0
    outer loop
      vertex 4.493853254107928 5.06089637399097 0
      vertex 4.493853254107928 5.06089637399097 1.8
      vertex 4.592944763917983 5.027259338968745 0
    endloop
  endfacet
  facet normal 0.19509032201612983 0.9807852804032301 0
    outer loop
      vertex 4.592944763917983 5.027259338968745 0
      vertex 4.592944763917983 5.027259338968745 1.8
      vertex 4.695579046223958 5.006844110900952 0
    endloop
  endfacet
  facet normal 0.06540312923014234 0.9978589232386036 0
    outer loop
      vertex 4.695579046223958 5.006844110900952 0
      vertex 4.695579046223958 5.006844110900952 1.8
      vertex 4.8 5 0
    endloop
  endfacet
  facet normal 0 1 0
    outer loop
      vertex 4.8 5 0
      vertex 4.8 5 1.8
      vertex 5.2 5 0
    endloop
  endfacet
  facet normal -0.06540312923014234 0.9978589232386036 0
    outer loop
      vertex 5.2 5 0
      vertex 5.2 5 1.8
      vertex 5.304420953776042 5.006844110900952 0
    endloop
  endfacet
  facet normal -0.19509032201612983 0.9807852804032301 0
    outer loop
      vertex 5.304420953776042 5.006844110900952 0
      vertex 5.304420953776042 5.006844110900952 1.8
      vertex 5.407055236082017 5.027259338968745 0
    endloop
  endfacet
  facet normal -0.32143946530315837 0.9469301294951068 0
    outer loop
      vertex 5.407055236082017 5.027259338968745 0
      vertex 5.407055236082017 5.027259338968745 1.8
      vertex 5.506146745892072 5.06089637399097 0
    endloop
  endfacet
  facet normal -0.44228869021900574 0.8968727415326861 0
    outer loop
      vertex 5.506146745892072 5.06089637399097 0
      vertex 5.506146745892072 5.06089637399097 1.8
      vertex 5.6 5.107179676972449 0
    endloop
  endfacet
  facet normal -0.5555702330195984 0.8314696123025478 0
    outer loop
      vertex 5.6 5.107179676972449 0
      vertex 5.6 5.107179676972449 1.8
      vertex 5.687009143206977 5.165317327767012 0
    endloop
  endfacet
  facet normal -0.6593458151000713 0.7518398074789754 0
    outer loop
      vertex 5.687009143206977 5.165317327767012 0
      vertex 5.687009143206977 5.165317327767012 1.8
      vertex 5.765685424949238 5.234314575050762 0
    endloop
  endfacet
  facet normal -0.7518398074789754 0.6593458151000713 0
    outer loop
      vertex 5.765685424949238 5.234314575050762 0
      vertex 5.765685424949238 5.234314575050762 1.8
      vertex 5.834682672232988 5.312990856793023 0
    endloop
  endfacet
  facet normal -0.8314696123025452 0.5555702330196023 0
    outer loop
      vertex 5.834682672232988 5.312990856793023 0
      vertex 5.834682672232988 5.312990856793023 1.8
      vertex 5.892820323027551 5.3999999999999995 0
    endloop
  endfacet
  facet normal -0.8968727415326878 0.44228869021900236 0
    outer loop
      vertex 5.892820323027551 5.3999999999999995 0
      vertex 5.892820323027551 5.3999999999999995 1.8
      vertex 5.93910362600903 5.493853254107928 0
    endloop
  endfacet
  facet normal -0.9469301294951068 0.32143946530315837 0
    outer loop
      vertex 5.93910362600903 5.493853254107928 0
      vertex 5.93910362600903 5.493853254107928 1.8
      vertex 5.972740661031255 5.592944763917983 0
    endloop
  endfacet
  facet normal -0.9807852804032301 0.19509032201612983 0
    outer loop
      vertex 5.972740661031255 5.592944763917983 0
      vertex 5.972740661031255 5.592944763917983 1.8
      vertex 5.993155889099048 5.695579046223958 0
    endloop
  endfacet
  facet normal -0.9978589232386036 0.06540312923014234 0
    outer loop
      vertex 5.993155889099048 5.695579046223958 0
      vertex 5.993155889099048 5.695579046223958 1.8
      vertex 6 5.8 0
    endloop
  endfacet
  facet normal 0.32143946530315837 0.9469301294951068 0
    outer loop
      vertex 4.592944763917983 5.027259338968745 0
      vertex 4.493853254107928 5.06089637399097 1.8
      vertex 4.592944763917983 5.027259338968745 1.8
    endloop
  endfacet
  facet normal 0.19509032201612983 0.9807852804032301 0
    outer loop
      vertex 4.695579046223958 5.006844110900952 0
      vertex 4.592944763917983 5.027259338968745 1.8
      vertex 4.695579046223958 5.006844110900952 1.8
    endloop
  endfacet
  facet normal 0.06540312923014234 0.9978589232386036 0
    outer loop
      vertex 4.8 5 0
      vertex 4.695579046223958 5.006844110900952 1.8
      vertex 4.8 5 1.8
    endloop
  endfacet
  facet normal 0 1 0
    outer loop
      vertex 5.2 5 0
      vertex 4.8 5 1.8
      vertex 5.2 5 1.8
    endloop
  endfacet
  facet normal -0.06540312923014234 0.9978589232386036 0
    outer loop
      vertex 5.304420953776042 5.006844110900952 0
      vertex 5.2 5 1.8
      vertex 5.304420953776042 5.006844110900952 1.8
    endloop
  endfacet
  facet normal -0.19509032201612983 0.9807852804032301 0
    outer loop
      vertex 5.407055236082017 5.027259338968745 0
      vertex 5.304420953776042 5.006844110900952 1.8
      vertex 5.407055236082017 5.027259338968745 1.8
    endloop
  endfacet
  facet normal -0.32143946530315837 0.9469301294951068 0
    outer loop
      vertex 5.506146745892072 5.06089637399097 0
      vertex 5.407055236082017 5.027259338968745 1.8
      vertex 5.506146745892072 5.06089637399097 1.8
    endloop
  endfacet
  facet normal -0.44228869021900574 0.8968727415326861 0
    outer loop
      vertex 5.6 5.107179676972449 0
      vertex 5.506146745892072 5.06089637399097 1.8
      vertex 5.6 5.107179676972449 1.8
    endloop
  endfacet
  facet normal -0.5555702330195984 0.8314696123025478 0
    outer loop
      vertex 5.687009143206977 5.165317327767012 0
      vertex 5.6 5.107179676972449 1.8
      vertex 5.687009143206977 5.165317327767012 1.8
    endloop
  endfacet
  facet normal -0.6593458151000713 0.7518398074789754 0
    outer loop
      vertex 5.765685424949238 5.234314575050762 0
      vertex 5.687009143206977 5.165317327767012 1.8
      vertex 5.765685424949238 5.234314575050762 1.8
    endloop
  endfacet
  facet normal -0.7518398074789754 0.6593458151000713 0
    outer loop
      vertex 5.834682672232988 5.312990856793023 0
      vertex 5.765685424949238 5.234314575050762 1.8
      vertex 5.834682672232988 5.312990856793023 1.8
    endloop
  endfacet
  facet normal -0.8314696123025452 0.5555702330196023 0
    outer loop
      vertex 5.892820323027551 5.3999999999999995 0
      vertex 5.834682672232988 5.312990856793023 1.8
      vertex 5.892820323027551 5.3999999999999995 1.8
    endloop
  endfacet
  facet normal -0.8968727415326878 0.44228869021900236 0
    outer loop
      vertex 5.93910362600903 5.493853254107928 0
      vertex 5.892820323027551 5.3999999999999995 1.8
      vertex 5.93910362600903 5.493853254107928 1.8
    endloop
  endfacet
  facet normal -0.9469301294951068 0.32143946530315837 0
    outer loop
      vertex 5.972740661031255 5.592944763917983 0
      vertex 5.93910362600903 5.493853254107928 1.8
      vertex 5.972740661031255 5.592944763917983 1.8
    endloop
  endfacet
  facet normal -0.9807852804032301 0.19509032201612983 0
    outer loop
      vertex 5.993155889099048 5.695579046223958 0
      vertex 5.972740661031255 5.592944763917983 1.8
      vertex 5.993155889099048 5.695579046223958 1.8
    endloop
  endfacet
  facet normal -0.9978589232386036 0.06540312923014234 0
    outer loop
      vertex 6 5.8 0
      vertex 5.993155889099048 5.695579046223958 1.8
      vertex 6 5.8 1.8
    endloop
  endfacet
  facet normal 1 0 0
    outer loop
      vertex 4 5.8 0
      vertex 4 20.2 1.8
      vertex 4 5.8 1.8
    endloop
  endfacet
  facet normal -1 0 0
    outer loop
      vertex 6 5.8 0
      vertex 6 5.8 1.8
      vertex 6 20.2 0
    endloop
  endfacet
  facet normal 1 0 0
    outer loop
      vertex 4 5.8 0
      vertex 4 20.2 0
      vertex 4 20.2 1.8
    endloop
  endfacet
  facet normal 0.9978589232386036 -0.06540312923014178 -8.212196360405547e-20
    outer loop
      vertex 4 20.2 0
      vertex 4.006844110900952 20.30442095377604 0
      vertex 4.006844110900952 20.30442095377604 1.8
    endloop
  endfacet
  facet normal 0.9807852804032298 -0.19509032201613144 -1.1286592375285762e-18
    outer loop
      vertex 4.006844110900952 20.30442095377604 0
      vertex 4.027259338968745 20.407055236082016 0
      vertex 4.027259338968745 20.407055236082016 1.8
    endloop
  endfacet
  facet normal 0.9469301294951068 -0.32143946530315837 9.202877982605408e-19
    outer loop
      vertex 4.027259338968745 20.407055236082016 0
      vertex 4.06089637399097 20.50614674589207 0
      vertex 4.06089637399097 20.50614674589207 1.8
    endloop
  endfacet
  facet normal 0.896872741532691 -0.4422886902189956 -7.613218904307929e-19
    outer loop
      vertex 4.06089637399097 20.50614674589207 0
      vertex 4.107179676972449 20.6 0
      vertex 4.107179676972449 20.6 1.8
    endloop
  endfacet
  facet normal 0.8314696123025478 -0.5555702330195984 -1.9372428154817605e-18
    outer loop
      vertex 4.107179676972449 20.6 0
      vertex 4.165317327767012 20.68700914320698 0
      vertex 4.165317327767012 20.68700914320698 1.8
    endloop
  endfacet
  facet normal 0.7518398074789754 -0.6593458151000713 1.084569498502302e-18
    outer loop
      vertex 4.165317327767012 20.68700914320698 0
      vertex 4.234314575050762 20.76568542494924 0
      vertex 4.234314575050762 20.76568542494924 1.8
    endloop
  endfacet
  facet normal 0.6593458151000521 -0.7518398074789922 -1.0369503689178436e-19
    outer loop
      vertex 4.234314575050762 20.76568542494924 0
      vertex 4.312990856793023 20.834682672232987 0
      vertex 4.312990856793023 20.834682672232987 1.8
    endloop
  endfacet
  facet normal 0.5555702330196043 -0.8314696123025439 -1.4889088896431484e-18
    outer loop
      vertex 4.312990856793023 20.834682672232987 0
      vertex 4.4 20.89282032302755 0
      vertex 4.4 20.89282032302755 1.8
    endloop
  endfacet
  facet normal 0.44228869021900574 -0.8968727415326861 -1.6008051018993154e-18
    outer loop
      vertex 4.4 20.89282032302755 0
      vertex 4.493853254107928 20.93910362600903 0
      vertex 4.493853254107928 20.93910362600903 1.8
    endloop
  endfacet
  facet normal 0.9978589232386036 -0.06540312923014178 0
    outer loop
      vertex 4 20.2 0
      vertex 4.006844110900952 20.30442095377604 1.8
      vertex 4 20.2 1.8
    endloop
  endfacet
  facet normal 0.9807852804032298 -0.19509032201613144 0
    outer loop
      vertex 4.006844110900952 20.30442095377604 0
      vertex 4.027259338968745 20.407055236082016 1.8
      vertex 4.006844110900952 20.30442095377604 1.8
    endloop
  endfacet
  facet normal 0.9469301294951068 -0.32143946530315837 0
    outer loop
      vertex 4.027259338968745 20.407055236082016 0
      vertex 4.06089637399097 20.50614674589207 1.8
      vertex 4.027259338968745 20.407055236082016 1.8
    endloop
  endfacet
  facet normal 0.896872741532691 -0.4422886902189956 0
    outer loop
      vertex 4.06089637399097 20.50614674589207 0
      vertex 4.107179676972449 20.6 1.8
      vertex 4.06089637399097 20.50614674589207 1.8
    endloop
  endfacet
  facet normal 0.8314696123025478 -0.5555702330195984 0
    outer loop
      vertex 4.107179676972449 20.6 0
      vertex 4.165317327767012 20.68700914320698 1.8
      vertex 4.107179676972449 20.6 1.8
    endloop
  endfacet
  facet normal 0.7518398074789754 -0.6593458151000713 0
    outer loop
      vertex 4.165317327767012 20.68700914320698 0
      vertex 4.234314575050762 20.76568542494924 1.8
      vertex 4.165317327767012 20.68700914320698 1.8
    endloop
  endfacet
  facet normal 0.6593458151000521 -0.7518398074789922 0
    outer loop
      vertex 4.234314575050762 20.76568542494924 0
      vertex 4.312990856793023 20.834682672232987 1.8
      vertex 4.234314575050762 20.76568542494924 1.8
    endloop
  endfacet
  facet normal 0.5555702330196043 -0.8314696123025439 0
    outer loop
      vertex 4.312990856793023 20.834682672232987 0
      vertex 4.4 20.89282032302755 1.8
      vertex 4.312990856793023 20.834682672232987 1.8
    endloop
  endfacet
  facet normal 0.44228869021900574 -0.8968727415326861 0
    outer loop
      vertex 4.4 20.89282032302755 0
      vertex 4.493853254107928 20.93910362600903 1.8
      vertex 4.4 20.89282032302755 1.8
    endloop
  endfacet
  facet normal -1 0 0
    outer loop
      vertex 6 5.8 1.8
      vertex 6 20.2 1.8
      vertex 6 20.2 0
    endloop
  endfacet
  facet normal 0.3214394653031508 -0.9469301294951095 1.0597849092829801e-18
    outer loop
      vertex 4.493853254107928 20.93910362600903 0
      vertex 4.592944763917983 20.972740661031253 0
      vertex 4.592944763917983 20.972740661031253 1.8
    endloop
  endfacet
  facet normal 0.1950903220161625 -0.9807852804032235 2.3073679420672404e-19
    outer loop
      vertex 4.592944763917983 20.972740661031253 0
      vertex 4.695579046223958 20.99315588909905 0
      vertex 4.695579046223958 20.99315588909905 1.8
    endloop
  endfacet
  facet normal 0.06540312923012544 -0.9978589232386046 -2.448340541939272e-20
    outer loop
      vertex 4.695579046223958 20.99315588909905 0
      vertex 4.8 21 0
      vertex 4.8 21 1.8
    endloop
  endfacet
  facet normal 0 -1 0
    outer loop
      vertex 4.8 21 0
      vertex 5.2 21 0
      vertex 5.2 21 1.8
    endloop
  endfacet
  facet normal -0.06540312923012544 -0.9978589232386046 2.448340541939272e-20
    outer loop
      vertex 5.2 21 0
      vertex 5.304420953776042 20.99315588909905 0
      vertex 5.304420953776042 20.99315588909905 1.8
    endloop
  endfacet
  facet normal -0.3214394653031508 -0.9469301294951095 -1.0597849092829801e-18
    outer loop
      vertex 5.407055236082017 20.972740661031253 0
      vertex 5.506146745892072 20.93910362600903 0
      vertex 5.506146745892072 20.93910362600903 1.8
    endloop
  endfacet
  facet normal -0.1950903220161625 -0.9807852804032235 -2.3073679420672404e-19
    outer loop
      vertex 5.304420953776042 20.99315588909905 0
      vertex 5.407055236082017 20.972740661031253 0
      vertex 5.407055236082017 20.972740661031253 1.8
    endloop
  endfacet
  facet normal -0.44228869021900574 -0.8968727415326861 1.6008051018993154e-18
    outer loop
      vertex 5.506146745892072 20.93910362600903 0
      vertex 5.6 20.89282032302755 0
      vertex 5.6 20.89282032302755 1.8
    endloop
  endfacet
  facet normal -0.9978589232386036 -0.06540312923014178 0
    outer loop
      vertex 6 20.2 0
      vertex 6 20.2 1.8
      vertex 5.993155889099048 20.30442095377604 0
    endloop
  endfacet
  facet normal -0.9807852804032298 -0.19509032201613144 0
    outer loop
      vertex 5.993155889099048 20.30442095377604 0
      vertex 5.993155889099048 20.30442095377604 1.8
      vertex 5.972740661031255 20.407055236082016 0
    endloop
  endfacet
  facet normal -0.6593458151000521 -0.7518398074789922 1.0369503689178436e-19
    outer loop
      vertex 5.687009143206977 20.834682672232987 0
      vertex 5.765685424949238 20.76568542494924 0
      vertex 5.765685424949238 20.76568542494924 1.8
    endloop
  endfacet
  facet normal -0.7518398074789754 -0.6593458151000713 0
    outer loop
      vertex 5.834682672232988 20.68700914320698 0
      vertex 5.834682672232988 20.68700914320698 1.8
      vertex 5.765685424949238 20.76568542494924 0
    endloop
  endfacet
  facet normal -0.8314696123025478 -0.5555702330195984 0
    outer loop
      vertex 5.892820323027551 20.6 0
      vertex 5.892820323027551 20.6 1.8
      vertex 5.834682672232988 20.68700914320698 0
    endloop
  endfacet
  facet normal -0.9469301294951068 -0.32143946530315837 0
    outer loop
      vertex 5.972740661031255 20.407055236082016 0
      vertex 5.972740661031255 20.407055236082016 1.8
      vertex 5.93910362600903 20.50614674589207 0
    endloop
  endfacet
  facet normal -0.896872741532691 -0.4422886902189956 7.613218904307929e-19
    outer loop
      vertex 5.892820323027551 20.6 0
      vertex 5.93910362600903 20.50614674589207 0
      vertex 5.93910362600903 20.50614674589207 1.8
    endloop
  endfacet
  facet normal -0.5555702330196043 -0.8314696123025439 1.4889088896431484e-18
    outer loop
      vertex 5.6 20.89282032302755 0
      vertex 5.687009143206977 20.834682672232987 0
      vertex 5.687009143206977 20.834682672232987 1.8
    endloop
  endfacet
  facet normal 0.3214394653031508 -0.9469301294951095 0
    outer loop
      vertex 4.493853254107928 20.93910362600903 0
      vertex 4.592944763917983 20.972740661031253 1.8
      vertex 4.493853254107928 20.93910362600903 1.8
    endloop
  endfacet
  facet normal 0.1950903220161625 -0.9807852804032235 0
    outer loop
      vertex 4.592944763917983 20.972740661031253 0
      vertex 4.695579046223958 20.99315588909905 1.8
      vertex 4.592944763917983 20.972740661031253 1.8
    endloop
  endfacet
  facet normal 0.06540312923012544 -0.9978589232386046 0
    outer loop
      vertex 4.695579046223958 20.99315588909905 0
      vertex 4.8 21 1.8
      vertex 4.695579046223958 20.99315588909905 1.8
    endloop
  endfacet
  facet normal 0 -1 0
    outer loop
      vertex 4.8 21 0
      vertex 5.2 21 1.8
      vertex 4.8 21 1.8
    endloop
  endfacet
  facet normal -0.06540312923012544 -0.9978589232386046 0
    outer loop
      vertex 5.2 21 0
      vertex 5.304420953776042 20.99315588909905 1.8
      vertex 5.2 21 1.8
    endloop
  endfacet
  facet normal -0.1950903220161625 -0.9807852804032235 0
    outer loop
      vertex 5.304420953776042 20.99315588909905 0
      vertex 5.407055236082017 20.972740661031253 1.8
      vertex 5.304420953776042 20.99315588909905 1.8
    endloop
  endfacet
  facet normal -0.3214394653031508 -0.9469301294951095 0
    outer loop
      vertex 5.407055236082017 20.972740661031253 0
      vertex 5.506146745892072 20.93910362600903 1.8
      vertex 5.407055236082017 20.972740661031253 1.8
    endloop
  endfacet
  facet normal -0.44228869021900574 -0.8968727415326861 0
    outer loop
      vertex 5.506146745892072 20.93910362600903 0
      vertex 5.6 20.89282032302755 1.8
      vertex 5.506146745892072 20.93910362600903 1.8
    endloop
  endfacet
  facet normal -0.9978589232386036 -0.06540312923014178 0
    outer loop
      vertex 5.993155889099048 20.30442095377604 0
      vertex 6 20.2 1.8
      vertex 5.993155889099048 20.30442095377604 1.8
    endloop
  endfacet
  facet normal -0.9807852804032298 -0.19509032201613144 0
    outer loop
      vertex 5.972740661031255 20.407055236082016 0
      vertex 5.993155889099048 20.30442095377604 1.8
      vertex 5.972740661031255 20.407055236082016 1.8
    endloop
  endfacet
  facet normal -0.6593458151000521 -0.7518398074789922 0
    outer loop
      vertex 5.687009143206977 20.834682672232987 0
      vertex 5.765685424949238 20.76568542494924 1.8
      vertex 5.687009143206977 20.834682672232987 1.8
    endloop
  endfacet
  facet normal -0.8314696123025478 -0.5555702330195984 0
    outer loop
      vertex 5.834682672232988 20.68700914320698 0
      vertex 5.892820323027551 20.6 1.8
      vertex 5.834682672232988 20.68700914320698 1.8
    endloop
  endfacet
  facet normal -0.7518398074789754 -0.6593458151000713 0
    outer loop
      vertex 5.765685424949238 20.76568542494924 0
      vertex 5.834682672232988 20.68700914320698 1.8
      vertex 5.765685424949238 20.76568542494924 1.8
    endloop
  endfacet
  facet normal -0.9469301294951068 -0.32143946530315837 0
    outer loop
      vertex 5.93910362600903 20.50614674589207 0
      vertex 5.972740661031255 20.407055236082016 1.8
      vertex 5.93910362600903 20.50614674589207 1.8
    endloop
  endfacet
  facet normal -0.896872741532691 -0.4422886902189956 0
    outer loop
      vertex 5.892820323027551 20.6 0
      vertex 5.93910362600903 20.50614674589207 1.8
      vertex 5.892820323027551 20.6 1.8
    endloop
  endfacet
  facet normal -0.5555702330196043 -0.8314696123025439 0
    outer loop
      vertex 5.6 20.89282032302755 0
      vertex 5.687009143206977 20.834682672232987 1.8
      vertex 5.6 20.89282032302755 1.8
    endloop
  endfacet
  facet normal 0.8314696123025491 0.5555702330195964 0
    outer loop
      vertex 9.10717967697245 5.3999999999999995 0
      vertex 9.10717967697245 5.3999999999999995 1.8
      vertex 9.165317327767012 5.312990856793023 0
    endloop
  endfacet
  facet normal 0.7518398074789754 0.6593458151000713 0
    outer loop
      vertex 9.165317327767012 5.312990856793023 0
      vertex 9.165317327767012 5.312990856793023 1.8
      vertex 9.234314575050762 5.234314575050762 0
    endloop
  endfacet
  facet normal 0.6593458151000713 0.7518398074789754 0
    outer loop
      vertex 9.234314575050762 5.234314575050762 0
      vertex 9.234314575050762 5.234314575050762 1.8
      vertex 9.312990856793023 5.165317327767012 0
    endloop
  endfacet
  facet normal 0.5555702330195984 0.8314696123025478 0
    outer loop
      vertex 9.312990856793023 5.165317327767012 0
      vertex 9.312990856793023 5.165317327767012 1.8
      vertex 9.4 5.107179676972449 0
    endloop
  endfacet
  facet normal 0.44228869021900236 0.8968727415326878 0
    outer loop
      vertex 9.4 5.107179676972449 0
      vertex 9.4 5.107179676972449 1.8
      vertex 9.493853254107929 5.06089637399097 0
    endloop
  endfacet
  facet normal 0.32143946530315837 0.9469301294951068 0
    outer loop
      vertex 9.493853254107929 5.06089637399097 0
      vertex 9.493853254107929 5.06089637399097 1.8
      vertex 9.592944763917984 5.027259338968745 0
    endloop
  endfacet
  facet normal 0.19509032201613144 0.9807852804032298 0
    outer loop
      vertex 9.592944763917984 5.027259338968745 0
      vertex 9.592944763917984 5.027259338968745 1.8
      vertex 9.695579046223958 5.006844110900952 0
    endloop
  endfacet
  facet normal 0.06540312923014178 0.9978589232386036 0
    outer loop
      vertex 9.695579046223958 5.006844110900952 0
      vertex 9.695579046223958 5.006844110900952 1.8
      vertex 9.8 5 0
    endloop
  endfacet
  facet normal 0 1 0
    outer loop
      vertex 9.8 5 0
      vertex 9.8 5 1.8
      vertex 10.2 5 0
    endloop
  endfacet
  facet normal -0.06540312923014178 0.9978589232386036 0
    outer loop
      vertex 10.2 5 0
      vertex 10.2 5 1.8
      vertex 10.304420953776042 5.006844110900952 0
    endloop
  endfacet
  facet normal -0.19509032201613144 0.9807852804032298 0
    outer loop
      vertex 10.304420953776042 5.006844110900952 0
      vertex 10.304420953776042 5.006844110900952 1.8
      vertex 10.407055236082016 5.027259338968745 0
    endloop
  endfacet
  facet normal -0.32143946530315837 0.9469301294951068 0
    outer loop
      vertex 10.407055236082016 5.027259338968745 0
      vertex 10.407055236082016 5.027259338968745 1.8
      vertex 10.506146745892071 5.06089637399097 0
    endloop
  endfacet
  facet normal -0.44228869021900236 0.8968727415326878 0
    outer loop
      vertex 10.506146745892071 5.06089637399097 0
      vertex 10.506146745892071 5.06089637399097 1.8
      vertex 10.6 5.107179676972449 0
    endloop
  endfacet
  facet normal -0.5555702330195984 0.8314696123025478 0
    outer loop
      vertex 10.6 5.107179676972449 0
      vertex 10.6 5.107179676972449 1.8
      vertex 10.687009143206977 5.165317327767012 0
    endloop
  endfacet
  facet normal -0.6593458151000713 0.7518398074789754 0
    outer loop
      vertex 10.687009143206977 5.165317327767012 0
      vertex 10.687009143206977 5.165317327767012 1.8
      vertex 10.765685424949238 5.234314575050762 0
    endloop
  endfacet
  facet normal -0.7518398074789754 0.6593458151000713 0
    outer loop
      vertex 10.765685424949238 5.234314575050762 0
      vertex 10.765685424949238 5.234314575050762 1.8
      vertex 10.834682672232988 5.312990856793023 0
    endloop
  endfacet
  facet normal -0.8314696123025491 0.5555702330195964 0
    outer loop
      vertex 10.834682672232988 5.312990856793023 0
      vertex 10.834682672232988 5.312990856793023 1.8
      vertex 10.89282032302755 5.3999999999999995 0
    endloop
  endfacet
  facet normal -0.8968727415326878 0.44228869021900236 0
    outer loop
      vertex 10.89282032302755 5.3999999999999995 0
      vertex 10.89282032302755 5.3999999999999995 1.8
      vertex 10.939103626009029 5.493853254107928 0
    endloop
  endfacet
  facet normal 0.8968727415326878 0.44228869021900236 -2.1395056954117714e-19
    outer loop
      vertex 9.10717967697245 5.3999999999999995 0
      vertex 9.060896373990971 5.493853254107928 0
      vertex 9.060896373990971 5.493853254107928 1.8
    endloop
  endfacet
  facet normal 0.9469301294951042 0.321439465303166 -7.807906872381025e-19
    outer loop
      vertex 9.060896373990971 5.493853254107928 0
      vertex 9.027259338968745 5.592944763917983 0
      vertex 9.027259338968745 5.592944763917983 1.8
    endloop
  endfacet
  facet normal 0.9807852804032301 0.19509032201612983 -7.371694190269633e-19
    outer loop
      vertex 9.027259338968745 5.592944763917983 0
      vertex 9.006844110900952 5.695579046223958 0
      vertex 9.006844110900952 5.695579046223958 1.8
    endloop
  endfacet
  facet normal 0.9978589232386036 0.06540312923014234 1.2066198978382018e-19
    outer loop
      vertex 9.006844110900952 5.695579046223958 0
      vertex 9 5.8 0
      vertex 9 5.8 1.8
    endloop
  endfacet
  facet normal -0.9469301294951042 0.321439465303166 0
    outer loop
      vertex 10.939103626009029 5.493853254107928 0
      vertex 10.939103626009029 5.493853254107928 1.8
      vertex 10.972740661031255 5.592944763917983 0
    endloop
  endfacet
  facet normal -0.9807852804032301 0.19509032201612983 0
    outer loop
      vertex 10.972740661031255 5.592944763917983 0
      vertex 10.972740661031255 5.592944763917983 1.8
      vertex 10.993155889099048 5.695579046223958 0
    endloop
  endfacet
  facet normal -0.9978589232386036 0.06540312923014234 0
    outer loop
      vertex 10.993155889099048 5.695579046223958 0
      vertex 10.993155889099048 5.695579046223958 1.8
      vertex 11 5.8 0
    endloop
  endfacet
  facet normal 0.8968727415326878 0.44228869021900236 0
    outer loop
      vertex 9.10717967697245 5.3999999999999995 0
      vertex 9.060896373990971 5.493853254107928 1.8
      vertex 9.10717967697245 5.3999999999999995 1.8
    endloop
  endfacet
  facet normal 0.7518398074789754 0.6593458151000713 0
    outer loop
      vertex 9.234314575050762 5.234314575050762 0
      vertex 9.165317327767012 5.312990856793023 1.8
      vertex 9.234314575050762 5.234314575050762 1.8
    endloop
  endfacet
  facet normal 0.8314696123025491 0.5555702330195964 0
    outer loop
      vertex 9.165317327767012 5.312990856793023 0
      vertex 9.10717967697245 5.3999999999999995 1.8
      vertex 9.165317327767012 5.312990856793023 1.8
    endloop
  endfacet
  facet normal 0.6593458151000713 0.7518398074789754 0
    outer loop
      vertex 9.312990856793023 5.165317327767012 0
      vertex 9.234314575050762 5.234314575050762 1.8
      vertex 9.312990856793023 5.165317327767012 1.8
    endloop
  endfacet
  facet normal 0.5555702330195984 0.8314696123025478 0
    outer loop
      vertex 9.4 5.107179676972449 0
      vertex 9.312990856793023 5.165317327767012 1.8
      vertex 9.4 5.107179676972449 1.8
    endloop
  endfacet
  facet normal 0.44228869021900236 0.8968727415326878 0
    outer loop
      vertex 9.493853254107929 5.06089637399097 0
      vertex 9.4 5.107179676972449 1.8
      vertex 9.493853254107929 5.06089637399097 1.8
    endloop
  endfacet
  facet normal 0.32143946530315837 0.9469301294951068 0
    outer loop
      vertex 9.592944763917984 5.027259338968745 0
      vertex 9.493853254107929 5.06089637399097 1.8
      vertex 9.592944763917984 5.027259338968745 1.8
    endloop
  endfacet
  facet normal 0.19509032201613144 0.9807852804032298 0
    outer loop
      vertex 9.695579046223958 5.006844110900952 0
      vertex 9.592944763917984 5.027259338968745 1.8
      vertex 9.695579046223958 5.006844110900952 1.8
    endloop
  endfacet
  facet normal 0.06540312923014178 0.9978589232386036 0
    outer loop
      vertex 9.8 5 0
      vertex 9.695579046223958 5.006844110900952 1.8
      vertex 9.8 5 1.8
    endloop
  endfacet
  facet normal 0 1 0
    outer loop
      vertex 10.2 5 0
      vertex 9.8 5 1.8
      vertex 10.2 5 1.8
    endloop
  endfacet
  facet normal -0.06540312923014178 0.9978589232386036 0
    outer loop
      vertex 10.304420953776042 5.006844110900952 0
      vertex 10.2 5 1.8
      vertex 10.304420953776042 5.006844110900952 1.8
    endloop
  endfacet
  facet normal -0.19509032201613144 0.9807852804032298 0
    outer loop
      vertex 10.407055236082016 5.027259338968745 0
      vertex 10.304420953776042 5.006844110900952 1.8
      vertex 10.407055236082016 5.027259338968745 1.8
    endloop
  endfacet
  facet normal -0.32143946530315837 0.9469301294951068 0
    outer loop
      vertex 10.506146745892071 5.06089637399097 0
      vertex 10.407055236082016 5.027259338968745 1.8
      vertex 10.506146745892071 5.06089637399097 1.8
    endloop
  endfacet
  facet normal -0.44228869021900236 0.8968727415326878 0
    outer loop
      vertex 10.6 5.107179676972449 0
      vertex 10.506146745892071 5.06089637399097 1.8
      vertex 10.6 5.107179676972449 1.8
    endloop
  endfacet
  facet normal -0.5555702330195984 0.8314696123025478 0
    outer loop
      vertex 10.687009143206977 5.165317327767012 0
      vertex 10.6 5.107179676972449 1.8
      vertex 10.687009143206977 5.165317327767012 1.8
    endloop
  endfacet
  facet normal -0.6593458151000713 0.7518398074789754 0
    outer loop
      vertex 10.765685424949238 5.234314575050762 0
      vertex 10.687009143206977 5.165317327767012 1.8
      vertex 10.765685424949238 5.234314575050762 1.8
    endloop
  endfacet
  facet normal -0.7518398074789754 0.6593458151000713 0
    outer loop
      vertex 10.834682672232988 5.312990856793023 0
      vertex 10.765685424949238 5.234314575050762 1.8
      vertex 10.834682672232988 5.312990856793023 1.8
    endloop
  endfacet
  facet normal -0.8314696123025491 0.5555702330195964 0
    outer loop
      vertex 10.89282032302755 5.3999999999999995 0
      vertex 10.834682672232988 5.312990856793023 1.8
      vertex 10.89282032302755 5.3999999999999995 1.8
    endloop
  endfacet
  facet normal 0.9469301294951042 0.321439465303166 0
    outer loop
      vertex 9.060896373990971 5.493853254107928 0
      vertex 9.027259338968745 5.592944763917983 1.8
      vertex 9.060896373990971 5.493853254107928 1.8
    endloop
  endfacet
  facet normal 0.9807852804032301 0.19509032201612983 0
    outer loop
      vertex 9.027259338968745 5.592944763917983 0
      vertex 9.006844110900952 5.695579046223958 1.8
      vertex 9.027259338968745 5.592944763917983 1.8
    endloop
  endfacet
  facet normal 0.9978589232386036 0.06540312923014234 0
    outer loop
      vertex 9.006844110900952 5.695579046223958 0
      vertex 9 5.8 1.8
      vertex 9.006844110900952 5.695579046223958 1.8
    endloop
  endfacet
  facet normal -0.8968727415326878 0.44228869021900236 0
    outer loop
      vertex 10.939103626009029 5.493853254107928 0
      vertex 10.89282032302755 5.3999999999999995 1.8
      vertex 10.939103626009029 5.493853254107928 1.8
    endloop
  endfacet
  facet normal -0.9469301294951042 0.321439465303166 0
    outer loop
      vertex 10.972740661031255 5.592944763917983 0
      vertex 10.939103626009029 5.493853254107928 1.8
      vertex 10.972740661031255 5.592944763917983 1.8
    endloop
  endfacet
  facet normal -0.9807852804032301 0.19509032201612983 0
    outer loop
      vertex 10.993155889099048 5.695579046223958 0
      vertex 10.972740661031255 5.592944763917983 1.8
      vertex 10.993155889099048 5.695579046223958 1.8
    endloop
  endfacet
  facet normal -0.9978589232386036 0.06540312923014234 0
    outer loop
      vertex 11 5.8 0
      vertex 10.993155889099048 5.695579046223958 1.8
      vertex 11 5.8 1.8
    endloop
  endfacet
  facet normal -1 0 0
    outer loop
      vertex 11 5.8 0
      vertex 11 5.8 1.8
      vertex 11 20.2 0
    endloop
  endfacet
  facet normal 1 0 0
    outer loop
      vertex 9 5.8 0
      vertex 9 20.2 1.8
      vertex 9 5.8 1.8
    endloop
  endfacet
  facet normal 1 0 0
    outer loop
      vertex 9 5.8 0
      vertex 9 20.2 0
      vertex 9 20.2 1.8
    endloop
  endfacet
  facet normal -1 0 0
    outer loop
      vertex 11 5.8 1.8
      vertex 11 20.2 1.8
      vertex 11 20.2 0
    endloop
  endfacet
  facet normal 0.9978589232386036 -0.06540312923014178 -8.212196360405547e-20
    outer loop
      vertex 9 20.2 0
      vertex 9.006844110900952 20.30442095377604 0
      vertex 9.006844110900952 20.30442095377604 1.8
    endloop
  endfacet
  facet normal 0.9807852804032298 -0.19509032201613144 -1.1286592375285762e-18
    outer loop
      vertex 9.006844110900952 20.30442095377604 0
      vertex 9.027259338968745 20.407055236082016 0
      vertex 9.027259338968745 20.407055236082016 1.8
    endloop
  endfacet
  facet normal 0.9469301294951042 -0.321439465303166 7.807906872381025e-19
    outer loop
      vertex 9.027259338968745 20.407055236082016 0
      vertex 9.060896373990971 20.50614674589207 0
      vertex 9.060896373990971 20.50614674589207 1.8
    endloop
  endfacet
  facet normal 0.896872741532691 -0.4422886902189956 -7.613218904307929e-19
    outer loop
      vertex 9.060896373990971 20.50614674589207 0
      vertex 9.10717967697245 20.6 0
      vertex 9.10717967697245 20.6 1.8
    endloop
  endfacet
  facet normal 0.8314696123025518 -0.5555702330195925 2.219207061532599e-18
    outer loop
      vertex 9.10717967697245 20.6 0
      vertex 9.165317327767012 20.68700914320698 0
      vertex 9.165317327767012 20.68700914320698 1.8
    endloop
  endfacet
  facet normal 0.7518398074789754 -0.6593458151000713 1.084569498502302e-18
    outer loop
      vertex 9.165317327767012 20.68700914320698 0
      vertex 9.234314575050762 20.76568542494924 0
      vertex 9.234314575050762 20.76568542494924 1.8
    endloop
  endfacet
  facet normal 0.6593458151000521 -0.7518398074789922 -1.0369503689178436e-19
    outer loop
      vertex 9.234314575050762 20.76568542494924 0
      vertex 9.312990856793023 20.834682672232987 0
      vertex 9.312990856793023 20.834682672232987 1.8
    endloop
  endfacet
  facet normal 0.5555702330196043 -0.8314696123025439 -1.4889088896431484e-18
    outer loop
      vertex 9.312990856793023 20.834682672232987 0
      vertex 9.4 20.89282032302755 0
      vertex 9.4 20.89282032302755 1.8
    endloop
  endfacet
  facet normal 0.44228869021900236 -0.8968727415326878 2.1395056954117714e-19
    outer loop
      vertex 9.4 20.89282032302755 0
      vertex 9.493853254107929 20.93910362600903 0
      vertex 9.493853254107929 20.93910362600903 1.8
    endloop
  endfacet
  facet normal 0.3214394653031508 -0.9469301294951095 1.0597849092829801e-18
    outer loop
      vertex 9.493853254107929 20.93910362600903 0
      vertex 9.592944763917984 20.972740661031253 0
      vertex 9.592944763917984 20.972740661031253 1.8
    endloop
  endfacet
  facet normal 0.1950903220161641 -0.9807852804032233 6.673000390609321e-19
    outer loop
      vertex 9.592944763917984 20.972740661031253 0
      vertex 9.695579046223958 20.99315588909905 0
      vertex 9.695579046223958 20.99315588909905 1.8
    endloop
  endfacet
  facet normal 0.06540312923012488 -0.9978589232386048 1.4056620751995166e-20
    outer loop
      vertex 9.695579046223958 20.99315588909905 0
      vertex 9.8 21 0
      vertex 9.8 21 1.8
    endloop
  endfacet
  facet normal 0 -1 0
    outer loop
      vertex 9.8 21 0
      vertex 10.2 21 0
      vertex 10.2 21 1.8
    endloop
  endfacet
  facet normal -0.9978589232386036 -0.06540312923014178 0
    outer loop
      vertex 11 20.2 0
      vertex 11 20.2 1.8
      vertex 10.993155889099048 20.30442095377604 0
    endloop
  endfacet
  facet normal -0.9807852804032298 -0.19509032201613144 0
    outer loop
      vertex 10.993155889099048 20.30442095377604 0
      vertex 10.993155889099048 20.30442095377604 1.8
      vertex 10.972740661031255 20.407055236082016 0
    endloop
  endfacet
  facet normal -0.9469301294951042 -0.321439465303166 -7.807906872381025e-19
    outer loop
      vertex 10.939103626009029 20.50614674589207 0
      vertex 10.972740661031255 20.407055236082016 0
      vertex 10.972740661031255 20.407055236082016 1.8
    endloop
  endfacet
  facet normal -0.896872741532691 -0.4422886902189956 7.613218904307929e-19
    outer loop
      vertex 10.89282032302755 20.6 0
      vertex 10.939103626009029 20.50614674589207 0
      vertex 10.939103626009029 20.50614674589207 1.8
    endloop
  endfacet
  facet normal -0.7518398074789754 -0.6593458151000713 -1.084569498502302e-18
    outer loop
      vertex 10.765685424949238 20.76568542494924 0
      vertex 10.834682672232988 20.68700914320698 0
      vertex 10.834682672232988 20.68700914320698 1.8
    endloop
  endfacet
  facet normal -0.6593458151000521 -0.7518398074789922 1.0369503689178436e-19
    outer loop
      vertex 10.687009143206977 20.834682672232987 0
      vertex 10.765685424949238 20.76568542494924 0
      vertex 10.765685424949238 20.76568542494924 1.8
    endloop
  endfacet
  facet normal -0.8314696123025518 -0.5555702330195925 0
    outer loop
      vertex 10.89282032302755 20.6 0
      vertex 10.89282032302755 20.6 1.8
      vertex 10.834682672232988 20.68700914320698 0
    endloop
  endfacet
  facet normal -0.06540312923012488 -0.9978589232386048 -1.4056620751995166e-20
    outer loop
      vertex 10.2 21 0
      vertex 10.304420953776042 20.99315588909905 0
      vertex 10.304420953776042 20.99315588909905 1.8
    endloop
  endfacet
  facet normal -0.1950903220161641 -0.9807852804032233 -6.673000390609321e-19
    outer loop
      vertex 10.304420953776042 20.99315588909905 0
      vertex 10.407055236082016 20.972740661031253 0
      vertex 10.407055236082016 20.972740661031253 1.8
    endloop
  endfacet
  facet normal -0.3214394653031508 -0.9469301294951095 0
    outer loop
      vertex 10.506146745892071 20.93910362600903 0
      vertex 10.506146745892071 20.93910362600903 1.8
      vertex 10.407055236082016 20.972740661031253 0
    endloop
  endfacet
  facet normal -0.44228869021900236 -0.8968727415326878 -2.1395056954117714e-19
    outer loop
      vertex 10.506146745892071 20.93910362600903 0
      vertex 10.6 20.89282032302755 0
      vertex 10.6 20.89282032302755 1.8
    endloop
  endfacet
  facet normal -0.5555702330196043 -0.8314696123025439 0
    outer loop
      vertex 10.687009143206977 20.834682672232987 0
      vertex 10.687009143206977 20.834682672232987 1.8
      vertex 10.6 20.89282032302755 0
    endloop
  endfacet
  facet normal 0.9978589232386036 -0.06540312923014178 0
    outer loop
      vertex 9 20.2 0
      vertex 9.006844110900952 20.30442095377604 1.8
      vertex 9 20.2 1.8
    endloop
  endfacet
  facet normal 0.9807852804032298 -0.19509032201613144 0
    outer loop
      vertex 9.006844110900952 20.30442095377604 0
      vertex 9.027259338968745 20.407055236082016 1.8
      vertex 9.006844110900952 20.30442095377604 1.8
    endloop
  endfacet
  facet normal 0.9469301294951042 -0.321439465303166 0
    outer loop
      vertex 9.027259338968745 20.407055236082016 0
      vertex 9.060896373990971 20.50614674589207 1.8
      vertex 9.027259338968745 20.407055236082016 1.8
    endloop
  endfacet
  facet normal 0.896872741532691 -0.4422886902189956 0
    outer loop
      vertex 9.060896373990971 20.50614674589207 0
      vertex 9.10717967697245 20.6 1.8
      vertex 9.060896373990971 20.50614674589207 1.8
    endloop
  endfacet
  facet normal 0.8314696123025518 -0.5555702330195925 0
    outer loop
      vertex 9.10717967697245 20.6 0
      vertex 9.165317327767012 20.68700914320698 1.8
      vertex 9.10717967697245 20.6 1.8
    endloop
  endfacet
  facet normal 0.7518398074789754 -0.6593458151000713 0
    outer loop
      vertex 9.165317327767012 20.68700914320698 0
      vertex 9.234314575050762 20.76568542494924 1.8
      vertex 9.165317327767012 20.68700914320698 1.8
    endloop
  endfacet
  facet normal 0.6593458151000521 -0.7518398074789922 0
    outer loop
      vertex 9.234314575050762 20.76568542494924 0
      vertex 9.312990856793023 20.834682672232987 1.8
      vertex 9.234314575050762 20.76568542494924 1.8
    endloop
  endfacet
  facet normal 0.5555702330196043 -0.8314696123025439 0
    outer loop
      vertex 9.312990856793023 20.834682672232987 0
      vertex 9.4 20.89282032302755 1.8
      vertex 9.312990856793023 20.834682672232987 1.8
    endloop
  endfacet
  facet normal 0.44228869021900236 -0.8968727415326878 0
    outer loop
      vertex 9.4 20.89282032302755 0
      vertex 9.493853254107929 20.93910362600903 1.8
      vertex 9.4 20.89282032302755 1.8
    endloop
  endfacet
  facet normal 0.3214394653031508 -0.9469301294951095 0
    outer loop
      vertex 9.493853254107929 20.93910362600903 0
      vertex 9.592944763917984 20.972740661031253 1.8
      vertex 9.493853254107929 20.93910362600903 1.8
    endloop
  endfacet
  facet normal 0.1950903220161641 -0.9807852804032233 0
    outer loop
      vertex 9.592944763917984 20.972740661031253 0
      vertex 9.695579046223958 20.99315588909905 1.8
      vertex 9.592944763917984 20.972740661031253 1.8
    endloop
  endfacet
  facet normal 0.06540312923012488 -0.9978589232386048 0
    outer loop
      vertex 9.695579046223958 20.99315588909905 0
      vertex 9.8 21 1.8
      vertex 9.695579046223958 20.99315588909905 1.8
    endloop
  endfacet
  facet normal 0 -1 0
    outer loop
      vertex 9.8 21 0
      vertex 10.2 21 1.8
      vertex 9.8 21 1.8
    endloop
  endfacet
  facet normal -0.9978589232386036 -0.06540312923014178 0
    outer loop
      vertex 10.993155889099048 20.30442095377604 0
      vertex 11 20.2 1.8
      vertex 10.993155889099048 20.30442095377604 1.8
    endloop
  endfacet
  facet normal -0.9807852804032298 -0.19509032201613144 0
    outer loop
      vertex 10.972740661031255 20.407055236082016 0
      vertex 10.993155889099048 20.30442095377604 1.8
      vertex 10.972740661031255 20.407055236082016 1.8
    endloop
  endfacet
  facet normal -0.9469301294951042 -0.321439465303166 0
    outer loop
      vertex 10.939103626009029 20.50614674589207 0
      vertex 10.972740661031255 20.407055236082016 1.8
      vertex 10.939103626009029 20.50614674589207 1.8
    endloop
  endfacet
  facet normal -0.896872741532691 -0.4422886902189956 0
    outer loop
      vertex 10.89282032302755 20.6 0
      vertex 10.939103626009029 20.50614674589207 1.8
      vertex 10.89282032302755 20.6 1.8
    endloop
  endfacet
  facet normal -0.6593458151000521 -0.7518398074789922 0
    outer loop
      vertex 10.687009143206977 20.834682672232987 0
      vertex 10.765685424949238 20.76568542494924 1.8
      vertex 10.687009143206977 20.834682672232987 1.8
    endloop
  endfacet
  facet normal -0.7518398074789754 -0.6593458151000713 0
    outer loop
      vertex 10.765685424949238 20.76568542494924 0
      vertex 10.834682672232988 20.68700914320698 1.8
      vertex 10.765685424949238 20.76568542494924 1.8
    endloop
  endfacet
  facet normal -0.8314696123025518 -0.5555702330195925 0
    outer loop
      vertex 10.834682672232988 20.68700914320698 0
      vertex 10.89282032302755 20.6 1.8
      vertex 10.834682672232988 20.68700914320698 1.8
    endloop
  endfacet
  facet normal -0.06540312923012488 -0.9978589232386048 0
    outer loop
      vertex 10.2 21 0
      vertex 10.304420953776042 20.99315588909905 1.8
      vertex 10.2 21 1.8
    endloop
  endfacet
  facet normal -0.1950903220161641 -0.9807852804032233 0
    outer loop
      vertex 10.304420953776042 20.99315588909905 0
      vertex 10.407055236082016 20.972740661031253 1.8
      vertex 10.304420953776042 20.99315588909905 1.8
    endloop
  endfacet
  facet normal -0.44228869021900236 -0.8968727415326878 0
    outer loop
      vertex 10.506146745892071 20.93910362600903 0
      vertex 10.6 20.89282032302755 1.8
      vertex 10.506146745892071 20.93910362600903 1.8
    endloop
  endfacet
  facet normal -0.3214394653031508 -0.9469301294951095 0
    outer loop
      vertex 10.407055236082016 20.972740661031253 0
      vertex 10.506146745892071 20.93910362600903 1.8
      vertex 10.407055236082016 20.972740661031253 1.8
    endloop
  endfacet
  facet normal -0.5555702330196043 -0.8314696123025439 0
    outer loop
      vertex 10.6 20.89282032302755 0
      vertex 10.687009143206977 20.834682672232987 1.8
      vertex 10.6 20.89282032302755 1.8
    endloop
  endfacet
  facet normal 0 1 0
    outer loop
      vertex -2.5 -2.75 1.4
      vertex -2.5 -2.75 3
      vertex 2.5 -2.75 1.4
    endloop
  endfacet
  facet normal 0 0 1
    outer loop
      vertex -2.5 -2.75 1.4
      vertex 2.5 -2.75 1.4
      vertex -0.3044209537760412 5.006844110900952 1.4
    endloop
  endfacet
  facet normal 1 0 0
    outer loop
      vertex -2.5 -2.75 1.4
      vertex -2.5 -0.75 1.8
      vertex -2.5 -1.9499999999999993 3
    endloop
  endfacet
  facet normal 1 0 0
    outer loop
      vertex -2.5 -2.75 1.4
      vertex -2.5 -1.9499999999999993 3
      vertex -2.5 -2.75 3
    endloop
  endfacet
  facet normal 1 0 0
    outer loop
      vertex -2.5 -0.75 1.8
      vertex -2.5 -0.75 3.4
      vertex -2.5 -1.9499999999999993 3
    endloop
  endfacet
  facet normal 1 0 0
    outer loop
      vertex -2.5 -1.9499999999999993 3
      vertex -2.5 -0.75 3.4
      vertex -2.5 -1.9499999999999993 3.4
    endloop
  endfacet
  facet normal 0 0 -1
    outer loop
      vertex -2.5 -1.9499999999999993 3.4
      vertex -2.5 -0.75 3.4
      vertex 2.5 -1.9499999999999993 3.4
    endloop
  endfacet
  facet normal 0 0 1
    outer loop
      vertex -2.5 -2.75 1.4
      vertex -0.8346826722329881 5.312990856793023 1.4
      vertex -0.8928203230275509 5.3999999999999995 1.4
    endloop
  endfacet
  facet normal 0 0 1
    outer loop
      vertex -2.5 -2.75 1.4
      vertex -0.8928203230275509 5.3999999999999995 1.4
      vertex -0.9391036260090294 5.493853254107928 1.4
    endloop
  endfacet
  facet normal 0 0 1
    outer loop
      vertex -2.5 -2.75 1.4
      vertex -0.5061467458920719 5.06089637399097 1.4
      vertex -0.6 5.107179676972449 1.4
    endloop
  endfacet
  facet normal 0 0 1
    outer loop
      vertex -2.5 -2.75 1.4
      vertex -0.40705523608201655 5.027259338968745 1.4
      vertex -0.5061467458920719 5.06089637399097 1.4
    endloop
  endfacet
  facet normal 0 0 1
    outer loop
      vertex -2.5 -2.75 1.4
      vertex -0.7656854249492381 5.234314575050762 1.4
      vertex -0.8346826722329881 5.312990856793023 1.4
    endloop
  endfacet
  facet normal 0 0 1
    outer loop
      vertex -2.5 -2.75 1.4
      vertex -0.6870091432069765 5.165317327767012 1.4
      vertex -0.7656854249492381 5.234314575050762 1.4
    endloop
  endfacet
  facet normal 0 0 1
    outer loop
      vertex -2.5 -2.75 1.4
      vertex -0.6 5.107179676972449 1.4
      vertex -0.6870091432069765 5.165317327767012 1.4
    endloop
  endfacet
  facet normal 0 0 1
    outer loop
      vertex -2.5 -2.75 1.4
      vertex -0.9391036260090294 5.493853254107928 1.4
      vertex -0.9727406610312547 5.592944763917983 1.4
    endloop
  endfacet
  facet normal 0 0 1
    outer loop
      vertex -2.5 -2.75 1.4
      vertex -0.9727406610312547 5.592944763917983 1.4
      vertex -0.9931558890990483 5.695579046223958 1.4
    endloop
  endfacet
  facet normal 0 0 1
    outer loop
      vertex -2.5 -2.75 1.4
      vertex -0.9931558890990483 5.695579046223958 1.4
      vertex -1 5.8 1.4
    endloop
  endfacet
  facet normal 0 0 1
    outer loop
      vertex -2.5 -2.75 1.4
      vertex -0.3044209537760412 5.006844110900952 1.4
      vertex -0.40705523608201655 5.027259338968745 1.4
    endloop
  endfacet
  facet normal 1 0 0
    outer loop
      vertex -2.5 -2.75 1.4
      vertex -2.5 15.25 1.8
      vertex -2.5 -0.75 1.8
    endloop
  endfacet
  facet normal 0 0 1
    outer loop
      vertex -2.5 -2.75 1.4
      vertex -1 5.8 1.4
      vertex -2.5 15.25 1.4
    endloop
  endfacet
  facet normal 1 0 0
    outer loop
      vertex -2.5 -2.75 1.4
      vertex -2.5 15.25 1.4
      vertex -2.5 15.25 1.8
    endloop
  endfacet
  facet normal 0 0 1
    outer loop
      vertex -1 5.8 1.4
      vertex -1 15.25 1.4
      vertex -2.5 15.25 1.4
    endloop
  endfacet
  facet normal 0 -1 0
    outer loop
      vertex -2.5 15.25 1.4
      vertex -1 15.25 1.4
      vertex -1 15.25 1.8
    endloop
  endfacet
  facet normal 0 -1 0
    outer loop
      vertex -2.5 15.25 1.4
      vertex -1 15.25 1.8
      vertex -2.5 15.25 1.8
    endloop
  endfacet
  facet normal 0 1 0
    outer loop
      vertex -2.5 -2.75 3
      vertex 2.5 -2.75 3
      vertex 2.5 -2.75 1.4
    endloop
  endfacet
  facet normal -1 0 0
    outer loop
      vertex 2.5 -2.75 1.4
      vertex 2.5 -1.9499999999999993 3
      vertex 2.5 -0.75 1.8
    endloop
  endfacet
  facet normal -1 0 0
    outer loop
      vertex 2.5 -2.75 1.4
      vertex 2.5 -2.75 3
      vertex 2.5 -1.9499999999999993 3
    endloop
  endfacet
  facet normal -1 0 0
    outer loop
      vertex 2.5 -0.75 1.8
      vertex 2.5 -1.9499999999999993 3
      vertex 2.5 -0.75 3.4
    endloop
  endfacet
  facet normal -1 0 0
    outer loop
      vertex 2.5 -1.9499999999999993 3
      vertex 2.5 -1.9499999999999993 3.4
      vertex 2.5 -0.75 3.4
    endloop
  endfacet
  facet normal 0 0 -1
    outer loop
      vertex -2.5 -0.75 3.4
      vertex 2.5 -0.75 3.4
      vertex 2.5 -1.9499999999999993 3.4
    endloop
  endfacet
  facet normal 0 0 1
    outer loop
      vertex -0.3044209537760412 5.006844110900952 1.4
      vertex 2.5 -2.75 1.4
      vertex -0.19999999999999996 5 1.4
    endloop
  endfacet
  facet normal 0 0 1
    outer loop
      vertex -0.19999999999999996 5 1.4
      vertex 2.5 -2.75 1.4
      vertex 0.19999999999999996 5 1.4
    endloop
  endfacet
  facet normal 0 0 1
    outer loop
      vertex 2.5 -2.75 1.4
      vertex 0.3044209537760412 5.006844110900952 1.4
      vertex 0.19999999999999996 5 1.4
    endloop
  endfacet
  facet normal 0 0 1
    outer loop
      vertex 2.5 -2.75 1.4
      vertex 0.40705523608201655 5.027259338968745 1.4
      vertex 0.3044209537760412 5.006844110900952 1.4
    endloop
  endfacet
  facet normal 0 0 1
    outer loop
      vertex 2.5 -2.75 1.4
      vertex 0.5061467458920719 5.06089637399097 1.4
      vertex 0.40705523608201655 5.027259338968745 1.4
    endloop
  endfacet
  facet normal 0 0 1
    outer loop
      vertex 2.5 -2.75 1.4
      vertex 0.6 5.107179676972449 1.4
      vertex 0.5061467458920719 5.06089637399097 1.4
    endloop
  endfacet
  facet normal 0 0 1
    outer loop
      vertex 2.5 -2.75 1.4
      vertex 0.6870091432069765 5.165317327767012 1.4
      vertex 0.6 5.107179676972449 1.4
    endloop
  endfacet
  facet normal 0 0 1
    outer loop
      vertex 2.5 -2.75 1.4
      vertex 0.7656854249492381 5.234314575050762 1.4
      vertex 0.6870091432069765 5.165317327767012 1.4
    endloop
  endfacet
  facet normal 0 0 1
    outer loop
      vertex 2.5 -2.75 1.4
      vertex 0.8346826722329881 5.312990856793023 1.4
      vertex 0.7656854249492381 5.234314575050762 1.4
    endloop
  endfacet
  facet normal 0 0 1
    outer loop
      vertex 2.5 -2.75 1.4
      vertex 0.8928203230275509 5.3999999999999995 1.4
      vertex 0.8346826722329881 5.312990856793023 1.4
    endloop
  endfacet
  facet normal 0 0 1
    outer loop
      vertex 2.5 -2.75 1.4
      vertex 0.9391036260090294 5.493853254107928 1.4
      vertex 0.8928203230275509 5.3999999999999995 1.4
    endloop
  endfacet
  facet normal 0 0 1
    outer loop
      vertex 2.5 -2.75 1.4
      vertex 0.9727406610312547 5.592944763917983 1.4
      vertex 0.9391036260090294 5.493853254107928 1.4
    endloop
  endfacet
  facet normal 0 0 1
    outer loop
      vertex 2.5 -2.75 1.4
      vertex 0.9931558890990483 5.695579046223958 1.4
      vertex 0.9727406610312547 5.592944763917983 1.4
    endloop
  endfacet
  facet normal 0 0 1
    outer loop
      vertex 2.5 -2.75 1.4
      vertex 1 5.8 1.4
      vertex 0.9931558890990483 5.695579046223958 1.4
    endloop
  endfacet
  facet normal 0 0 1
    outer loop
      vertex 2.5 -2.75 1.4
      vertex 2.5 15.25 1.4
      vertex 1 5.8 1.4
    endloop
  endfacet
  facet normal -1 0 0
    outer loop
      vertex 2.5 -2.75 1.4
      vertex 2.5 -0.75 1.8
      vertex 2.5 15.25 1.4
    endloop
  endfacet
  facet normal -1 0 0
    outer loop
      vertex 2.5 -0.75 1.8
      vertex 2.5 15.25 1.8
      vertex 2.5 15.25 1.4
    endloop
  endfacet
  facet normal 0 0 1
    outer loop
      vertex 1 5.8 1.4
      vertex 2.5 15.25 1.4
      vertex 1 15.25 1.4
    endloop
  endfacet
  facet normal 0 -1 0
    outer loop
      vertex 1 15.25 1.4
      vertex 2.5 15.25 1.4
      vertex 2.5 15.25 1.8
    endloop
  endfacet
  facet normal 0 -1 0
    outer loop
      vertex 1 15.25 1.4
      vertex 2.5 15.25 1.8
      vertex 1 15.25 1.8
    endloop
  endfacet
  facet normal -1 0 0
    outer loop
      vertex -13.25 -23.25 3.0000000000000004
      vertex -13.25 -2.75 7.300000000000001
      vertex -13.25 -2.75 3.0000000000000004
    endloop
  endfacet
  facet normal 0 0 -1
    outer loop
      vertex -13.25 -23.25 3.0000000000000004
      vertex -13.25 -2.75 3.0000000000000004
      vertex 13.25 -2.75 3.0000000000000004
    endloop
  endfacet
  facet normal 0 1 0
    outer loop
      vertex -13.25 -2.75 3.0000000000000004
      vertex -13.25 -2.75 7.300000000000001
      vertex 13.25 -2.75 3.0000000000000004
    endloop
  endfacet
  facet normal -1 0 0
    outer loop
      vertex -13.25 -23.25 3.0000000000000004
      vertex -13.25 -23.25 7.300000000000001
      vertex -13.25 -2.75 7.300000000000001
    endloop
  endfacet
  facet normal 0 -1 0
    outer loop
      vertex -13.25 -23.25 3.0000000000000004
      vertex 13.25 -23.25 7.300000000000001
      vertex -13.25 -23.25 7.300000000000001
    endloop
  endfacet
  facet normal 0 0 1
    outer loop
      vertex -13.25 -23.25 7.300000000000001
      vertex 13.25 -23.25 7.300000000000001
      vertex -13.25 -2.75 7.300000000000001
    endloop
  endfacet
  facet normal 0 -1 0
    outer loop
      vertex -13.25 -23.25 3.0000000000000004
      vertex 13.25 -23.25 3.0000000000000004
      vertex 13.25 -23.25 7.300000000000001
    endloop
  endfacet
  facet normal 0 0 -1
    outer loop
      vertex -13.25 -23.25 3.0000000000000004
      vertex 13.25 -2.75 3.0000000000000004
      vertex 13.25 -23.25 3.0000000000000004
    endloop
  endfacet
  facet normal 1 0 0
    outer loop
      vertex 13.25 -23.25 3.0000000000000004
      vertex 13.25 -2.75 3.0000000000000004
      vertex 13.25 -23.25 7.300000000000001
    endloop
  endfacet
  facet normal 0 0 1
    outer loop
      vertex -13.25 -2.75 7.300000000000001
      vertex 13.25 -23.25 7.300000000000001
      vertex 13.25 -2.75 7.300000000000001
    endloop
  endfacet
  facet normal 0 1 0
    outer loop
      vertex -13.25 -2.75 7.300000000000001
      vertex 13.25 -2.75 7.300000000000001
      vertex 13.25 -2.75 3.0000000000000004
    endloop
  endfacet
  facet normal 1 0 0
    outer loop
      vertex 13.25 -23.25 7.300000000000001
      vertex 13.25 -2.75 3.0000000000000004
      vertex 13.25 -2.75 7.300000000000001
    endloop
  endfacet
endsolid OpenSCAD_Model
